"PID","CWV","react","impact_rel","impact_comp","impact_quit","own_likeman","CWV_1","CWV_2R","CWV_3","CWV_4","CWV_5R","CWV_6","CWV_7R","CWV_8","CWV_9R","CWV_10R","att_1","elg","og_pid","task","age","race","edu","income","gender","employment","feedback","income_num","edu_num","white","man"
1,2.7,"I think the employee decided to try and clean the rooms faster so he/she could keep their job.",6,6,4,4,2,5,1,2,2,2,2,1,5,5,1,1,31,"Clean the rooms faster",35,"white","4yearColl","Over $200,000","man","Full-time",NA,11,4,1,1
2,2,"Mananger might have been reported to HR and fired or moved",1,5,6,1,2,3,5,1,1,2,2,1,1,2,1,1,47,"Work in freezer while having the flu",23,"asian","4yearColl","$60,001-$80,000","woman","Full-time",NA,4,4,0,0
3,1.8,"If the employee didn't even speak to the manager, I imagine there were no repercussions",1,7,7,1,2,1,1,2,2,2,2,1,2,3,1,1,12,"Stop taking breaks in tenants' apartments",58,"white","4yearColl","$80,001-$100,000","woman","Full-time",NA,5,4,1,0
4,3.1,"sounds like the manager was getting more involved in the employees work and starting to look at it more closely. it also sounded like the manager threatened the employee, saying she cant make the manager look bad which is not ideal",3,4,5,2,3,3,3,4,3,4,3,2,3,3,1,1,43,"Be more focused at work",38,"white","MA","Over $200,000","man","Full-time",NA,11,5,1,1
5,3.3,"What happened as a consequence of the managers behavior is that he may have lost an employee and more over possibly have HR called on them. The employee felt threatened which is cause for an HR review",1,4,4,1,4,3,5,2,5,3,2,4,2,3,1,1,19,"Make more sales",39,"white","4yearColl","$60,001-$80,000","man","Full-time",NA,4,4,1,1
6,3.6,"I think the employees were fearful of upsetting the manager.  They were motivated by fear of punishment rather than achieving success.",2,5,6,2,5,3,5,2,3,5,3,2,3,5,1,1,37,"Revamp copmany's social social media strategy to increase sales, engagement and brand visibility",41,"white","4yearColl","$100,001-$120,000","man","Full-time",NA,6,4,1,1
7,2.7,"I think the worker was disenfranchised and probably disconnected from work as a result of being treated this way.",1,6,7,3,3,4,3,3,1,4,2,2,3,2,1,1,12,"Stop taking breaks in tenants' apartments",34,"white","4yearColl","$160,001-$180,000","man","Full-time",NA,9,4,1,1
8,3.6,"I feel the manager lost the respect of his employee, considering the language used to describe him/power trip, but the employee was also likely yelled at or publicly rebuked.",1,3,5,1,5,2,2,5,1,6,5,1,6,3,1,1,39,"Clean something that the janitor normally cleans",31,"white","PHD","$60,001-$80,000","woman","Full-time",NA,4,6,1,0
9,2.2,"I imagine the employee felt annoyed and attacked. They might have tried to stand up for themselves but probably ended up trying to appease the manager.",2,5,6,1,1,2,1,1,1,2,2,2,6,4,1,1,29,"Help in completing the manager's project",43,"white","4yearColl","$20,001-$40,000","woman","Full-time",NA,2,4,1,0
10,3.6,"The manager's behavior likely led to decreased morale and trust. The employee felt stressed and disrespected.",3,3,3,2,3,3,5,4,3,5,3,5,2,3,1,1,13,"Spearhead a project for a new children's exhibit",25,"asian","4yearColl","$80,001-$100,000","man","Full-time",NA,5,4,0,1
11,2.8,"I think there were no conseuqences for the manager's behavior and that it made the employee upset and feeling powerless",1,6,4,1,5,3,2,2,1,5,3,1,3,3,1,1,51,"Wash the vehicle every day, even if late",28,"white","MA","$80,001-$100,000","man","Full-time",NA,5,5,1,1
13,2.4,"I think the employee is turned off by the manager behavior and dominance. He probably doesnt give a damn about his job anymore",1,1,7,4,2,2,6,2,2,2,2,2,2,2,1,1,29,"Help in completing the manager's project",28,"asian","MA","$80,001-$100,000","man","Full-time",NA,5,5,0,1
14,2.5,"It looks to me that the employee probably put up with the manager's behavior. I doubt he or she reported it to the top-level and I doubt he/she quit.",3,4,4,1,4,2,2,2,2,2,4,2,2,3,1,1,47,"Work in freezer while having the flu",53,"white","PHD","$0-$20,000","man","Part-time",NA,1,6,1,1
15,3.3,"I dont believe there were any consequences for the managers behavior. The employee's reaction to that was frustration and anger.",1,7,7,1,5,3,3,2,3,5,2,5,2,3,1,1,30,"Get more customers to donate to charity",39,"white","2yearColl","$100,001-$120,000","man","Full-time",NA,6,3,1,1
16,2.6,"I believed nothing happened to the managers behavior since he was following a clients very specific detailed oriented instructions.",2,7,6,2,3,3,2,2,2,3,3,4,2,2,1,1,38,"Work in teams to get a job done according to instructions",43,"multiracial","4yearColl","$160,001-$180,000","man","Full-time",NA,9,4,0,1
17,2.3,"Employee's probably lost their motivation and didn't want to be there anymore.  They probably also lost some respect for the manager",1,3,7,1,2,3,2,1,2,3,2,2,3,3,1,1,44,"Dress in formal suits (when the norm is business casual) and stay in less expensive rooms in a hotel",54,"white","2yearColl","$100,001-$120,000","woman","Full-time",NA,6,3,1,0
18,2.2,"I think the manager didn't face any repercussions because the employee felt that they couldn't report their actions to anyone.",1,5,5,1,3,2,1,2,2,5,1,1,2,3,1,1,42,"Take up a colleague's duty as the employee was signing out",27,"black","2yearColl","$40,001-$60,000","woman","Part-time",NA,3,3,0,0
19,2.6,"I think the employee probably did the work, knowing that their job depended on making the terrible manager happy. The manager got promoted and made more money because their were able to get extra work done while not increasing the budget.",3,4,6,1,2,2,2,4,1,6,2,2,3,2,1,1,15,"Produce a great deal of documentation and research without additional compensation",35,"white","4yearColl","$140,001-$160,000","man","Full-time",NA,8,4,1,1
20,3.5,"I think there were negative consequences to the manager's behavior. I feel that the employee was very unhappy and eventually quit. The manager's behavior was unacceptable and demoralizes the team.",1,4,7,1,4,4,2,2,3,6,2,3,4,5,1,1,19,"Make more sales",29,"asian","MA","Over $200,000","woman","Full-time",NA,11,5,0,0
21,2.2,"I think the employee probably went to HR despite the manager's warning. The manager's behavior was unethical and just morally wrong to expect this out of a pregnant woman and then make threats. The manager should be fired.",1,1,7,1,2,2,2,1,2,4,1,2,3,3,1,1,9,"While pregnant, fly cross-country to debut a product",34,"white","2yearColl","$40,001-$60,000","man","Part-time",NA,3,3,1,1
22,3,"I think it's likely the employee reported the incident to someone, perhaps in HR.  I doubt the manager faced serious consequences, however.",1,2,6,1,3,4,2,2,2,3,3,1,5,5,1,1,33,"Stop responding to CFO emails directly, bypassing the acting director",38,"white","MA","$40,001-$60,000","woman","Full-time",NA,3,5,1,0
23,2,"I think the employee was unhappy with the manager's request to do extra work, potentially without being compensated. Usually employees can't decline requests like that, though, even if they're tired and already busy.",1,4,6,2,2,1,1,2,2,4,2,1,2,3,1,1,42,"Take up a colleague's duty as the employee was signing out",36,"white","GED","$40,001-$60,000","woman","Full-time",NA,3,2,1,0
24,3.9,"I think the employee tried to work faster at cleaning the room.",3,3,6,1,5,5,2,2,3,6,5,3,5,3,1,1,31,"Clean the rooms faster",37,"white","MA","$120,001-$140,000","man","Full-time",NA,7,5,1,1
26,2.5,"I believe the employee did a poor job of cleaning an area nearby since they felt like the manager's way of asking them to complete the task was unnecessary and over-the-top. The employee complied out of fear of retaliation rather than a desire to show their responsibility at their job.",2,2,5,1,5,3,2,1,2,4,2,1,2,3,1,1,39,"Clean something that the janitor normally cleans",33,"white","MA","$80,001-$100,000","man","Full-time",NA,5,5,1,1
27,1.5,"The employee probably felt awkward and uncomfrotable and wanted to leave working there after that.",1,1,7,1,1,1,1,3,1,1,1,1,4,1,1,1,21,"Give customers a hand-massage to try out the lotion",30,"white","MA","$100,001-$120,000","woman","Full-time",NA,6,5,1,0
28,4.2,"I think this made the employee a bit frustrated with the bosses behavior and the employee will continue to act willfully according the the beliefs that they have until the point that the boss may or may not pull the employee into the office and tell them that there is a certain way that we do things around here.",2,1,2,1,5,5,5,4,4,5,4,2,5,3,1,1,28,"Complete the report like the rest of the team",56,"white","4yearColl","$100,001-$120,000","man","Full-time","no comments/feedback at this time",6,4,1,1
29,4.2,"I'm hoping the employee improved their performance and started cleaning the rooms faster.",3,5,5,4,5,3,5,5,5,5,2,5,2,5,1,1,31,"Clean the rooms faster",32,"white","4yearColl","$160,001-$180,000","man","Full-time",NA,9,4,1,1
30,2.1,"i think the employee filed the wrong thing with the court which ultimately affected her credibility, and the managers, and put her in an uncomfortable situation in both the court and her office.",1,6,7,1,2,3,1,1,2,1,1,1,5,4,1,1,22,"File paperwork that the employee thinks is incorrect",23,"hispanic","4yearColl","$20,001-$40,000","woman","Full-time",NA,2,4,0,0
31,3,"I think the employee never sat on that chair again. I think the employee was embarrassed to be called out and wanted to leave the room with the manager very quickly.",3,4,5,5,3,3,1,1,2,6,3,1,5,5,1,1,12,"Stop taking breaks in tenants' apartments",36,"white","4yearColl","$80,001-$100,000","woman","Full-time",NA,5,4,1,0
32,4.2,"Employees were less interested and frustrated. When having meeting you have to be friendly and talk to people nice. Be welcoming",2,5,5,1,6,6,4,5,2,2,2,5,5,5,1,1,37,"Revamp copmany's social social media strategy to increase sales, engagement and brand visibility",30,"hispanic","2yearColl","$40,001-$60,000","man","Full-time",NA,3,3,0,1
33,2.7,"It is not fair to do that. The employee is already busy with their own tasks. It is not fair dump additional tasks. Employee is right about not accepting the job.",2,1,6,1,2,2,2,6,3,5,2,2,1,2,1,1,13,"Spearhead a project for a new children's exhibit",52,"white","PHD","$120,001-$140,000","man","Full-time",NA,7,6,1,1
34,2.4,"Not sure why the owner had to reimburse in the first place. The owner has a right to make decisions and the employee can quit and move on.",2,5,6,2,2,3,2,2,2,4,2,2,3,2,1,1,19,"Make more sales",69,"white","MA","$60,001-$80,000","man","Part-time",NA,4,5,1,1
35,2.2,"He lost the respect of his worker. He acted like a control freak.",1,1,6,1,2,2,2,2,2,2,2,2,3,3,1,1,33,"Stop responding to CFO emails directly, bypassing the acting director",47,"white","4yearColl","$120,001-$140,000","man","Full-time",NA,7,4,1,1
36,2.8,"If they agreed to complete additional duties, some could have been done incorrectly due to fatigue.",2,4,6,1,5,3,2,1,4,5,4,1,1,2,1,1,42,"Take up a colleague's duty as the employee was signing out",42,"white","4yearColl","$180,001-$200,000","woman","Full-time",NA,10,4,1,0
37,1.6,"i think the employee was discouraged and felt like their hands were tied in this situation",1,5,6,1,1,2,1,1,1,2,1,1,2,4,1,1,15,"Produce a great deal of documentation and research without additional compensation",28,"white","2yearColl","$40,001-$60,000","woman","Full-time",NA,3,3,1,0
38,2.2,"I think the person got talked to about their behavior. I do not think the behavior will change though",2,2,4,1,2,2,1,1,1,4,3,4,2,2,1,1,39,"Clean something that the janitor normally cleans",27,"white","MA","$100,001-$120,000","woman","Part-time",NA,6,5,1,0
39,1.2,"I think they were wrote up over the situation and may be losing their job because of it.",1,1,5,1,1,1,1,1,1,1,1,1,1,3,1,1,21,"Give customers a hand-massage to try out the lotion",31,"white","GED","$40,001-$60,000","man","Full-time",NA,3,2,1,1
40,3,"I'm confused with the question. The manager's behavior didn't have consequences, they told the employee they would be fired if they didn't clean their rooms faster. The employee's actions have consequences.",3,3,5,5,3,4,1,2,3,5,2,2,3,5,1,1,31,"Clean the rooms faster",33,"hispanic","4yearColl","$40,001-$60,000","woman","Full-time",NA,3,4,0,0
42,1.8,"The manager talk down on them as if they was a child. The employee felt like what they do gets pinpointed more than the other employees.",2,3,6,2,2,3,1,1,1,2,2,2,2,2,1,1,28,"Complete the report like the rest of the team",42,"white","GED","$20,001-$40,000","woman","Part-time",NA,2,2,1,0
43,1,"I hope they were reprimanded and HR clarified that their actions were discriminatory. As an employee I would be happy that the situation was follow up on and the manager was held accountable.",1,1,7,1,1,1,1,1,1,1,1,1,1,1,1,1,9,"While pregnant, fly cross-country to debut a product",45,"white","MA","$140,001-$160,000","man","Full-time",NA,8,5,1,1
44,1.6,"I think that the manager was most likely reported to HR and her and the employee will have to reconcile their issues.",2,4,6,1,3,1,1,1,1,4,1,1,1,2,1,1,28,"Complete the report like the rest of the team",23,"black","GED","$60,001-$80,000","man","Full-time",NA,4,2,0,1
45,3.8,"The employee is displeased and may not continue to help the manager on the that particular project",3,4,5,1,5,3,4,4,3,5,2,4,4,4,1,1,29,"Help in completing the manager's project",24,"white","4yearColl","$60,001-$80,000","woman","Full-time",NA,4,4,1,0
46,3,"I don't think the manager received any real consequences other than maybe the person writing the story not liking the manager or wanting to engage with him anymore.",2,5,4,1,5,3,2,2,2,5,2,2,2,5,1,1,39,"Clean something that the janitor normally cleans",32,"hispanic","4yearColl","$60,001-$80,000","woman","Full-time",NA,4,4,0,0
47,3.3,"The employee should tell the manager that they did ask for donations and explain that the customers did not want to donate. If the manager's attitude was particularly bad then they should complain to a higher up.",2,7,6,1,5,3,2,2,3,4,3,4,3,4,1,1,30,"Get more customers to donate to charity",39,"asian","MA","$20,001-$40,000","woman","Full-time",NA,2,5,0,0
48,2.6,"After the manager made that clear threat to this person's employment, I think the person did make an effort to be faster. Anyone would at least try when their job depends pn it, I know I would try to become faster if my manager threatened me like that.",1,4,7,1,1,3,2,1,3,4,2,1,4,5,1,1,31,"Clean the rooms faster",47,"hispanic","2yearColl","$60,001-$80,000","woman","Part-time","Thanks!",4,3,0,0
49,2.4,"It is difficult to know what the consequences were, other than the employee was obviously not happy about the manager's behavior.  It is easy to assume the employee was upset but probably still did the work.  It is a very tough situation for the employee, as blowing the whistle on the manager can backfire tremendously.",1,7,7,1,2,1,1,1,1,6,1,1,5,5,1,1,15,"Produce a great deal of documentation and research without additional compensation",52,"white","MA","$40,001-$60,000","man","Full-time","ty",3,5,1,1
50,3.1,"I think that the employee would have been forced to submit the incomplete paperwork, which would result in it being rejected. Then the manager would be upset and would likely punish the employee for not doing their job right. I think the employee would also be upset because they attempted to correct the mistake. They would feel like they were wrong (because they were), however the manager would still see no fault in their own actions.",1,3,6,1,3,3,2,3,3,6,4,2,2,3,1,1,22,"File paperwork that the employee thinks is incorrect",28,"white","4yearColl","$20,001-$40,000","man","Full-time",NA,2,4,1,1
51,3.2,"I think it's a little extreme.  If this employee has to take an Uber home every day after work, that seems like it's a job perk to have the boss paying for it.  I don't think the boss' reaction is wrong.  That expense is coming out of the business money",3,4,6,3,5,5,1,2,3,5,3,2,2,4,1,1,19,"Make more sales",NA,"white","2yearColl","$40,001-$60,000","woman","Full-time",NA,3,3,1,0
52,3.3,"I think that the employee did what they were told but were not happy about it.",2,7,5,2,5,6,1,2,4,5,1,1,3,5,1,1,7,"Use hand-made and uploaded images",39,"white","4yearColl","$60,001-$80,000","man","Full-time",NA,4,4,1,1
53,2.4,"The employee likely felt obliged to work, given the manager's insistence. However, I would expect the employee to feel more negatively about her manager, her employer and her job as a result.",1,7,7,1,5,1,1,2,6,2,1,1,2,3,1,1,42,"Take up a colleague's duty as the employee was signing out",39,"white","4yearColl","$100,001-$120,000","man","Full-time",NA,6,4,1,1
54,2.9,"I think the employee went and did what they were supposed to do. Nothing negative happened to the manager for behaving that way.",3,7,4,1,4,5,2,4,2,3,2,2,2,3,1,1,39,"Clean something that the janitor normally cleans",32,"white","4yearColl","$60,001-$80,000","man","Full-time",NA,4,4,1,1
55,3.5,"Based on my experience in retail, she was probably verbally reprimanded. I wouldn't anticipate anything huge happening (losing her job, or hours) unless it was a COMPANY policy, but sometimes managers go out on ego trips.",1,1,7,2,6,5,2,3,2,5,2,1,6,3,1,1,21,"Give customers a hand-massage to try out the lotion",34,"white","4yearColl","$120,001-$140,000","man","Full-time",NA,7,4,1,1
56,3.3,"I think the employee was reprimanded for nor completing the assignment despite it not being his fault. The employee was the only one scolded which probably doesn't shock the employee.",3,3,5,1,5,3,2,4,3,3,2,2,4,5,1,1,52,"Sign off on a module that had to be delivered, despite it not being fully complete",30,"white","MA","$120,001-$140,000","man","Full-time","N/a",7,5,1,1
57,2,"I think the employee reported the behavior and the manager was given a talking to by HR and resulted in them trying to not let this sort of thing happen again.",1,6,6,1,3,2,1,2,1,2,2,4,1,2,1,1,29,"Help in completing the manager's project",38,"hispanic","4yearColl","$120,001-$140,000","man","Full-time","n/a",7,4,0,1
58,1.5,"What most likely happened was the manager didn't really see any consequences. The manager continued to push for what they wanted, making the writer's job more miserable and unpleasant.",2,1,7,1,1,1,1,1,2,2,2,1,2,2,1,1,51,"Wash the vehicle every day, even if late",33,"asian","4yearColl","$40,001-$60,000","man","Full-time",NA,3,4,0,1
59,2.7,"I hope the employee contacted HR or another director to ask about consistency in expected behavior.  There should be a policy in place already, not sprung on them last minute.",1,4,7,1,5,2,3,3,2,5,2,1,3,1,1,1,44,"Dress in formal suits (when the norm is business casual) and stay in less expensive rooms in a hotel",38,"white","2yearColl","$160,001-$180,000","woman","Full-time",NA,9,3,1,0
61,1.4,"I would hope that the person reported it and it was dealt with but i am going to assume that they did nothing and took it to keep their job secure.",1,7,7,1,1,1,1,1,1,5,1,1,1,1,1,1,10,"Not take time off for a relative's doctor's appointment",36,"multiracial","4yearColl","$60,001-$80,000",NA,"Full-time",NA,4,4,0,NA
62,2.9,"The employee had to reschedule their mom's appointment, but I think that they also complained about the supervisor's behavior.  To yell so much that spit got all over the employee is really unacceptable.  Hopefully the employee got HR involved and the supervisor got talked to about being so aggressive and angry.",1,7,7,1,5,2,2,4,1,3,5,1,3,3,1,1,10,"Not take time off for a relative's doctor's appointment",57,"white","4yearColl","$80,001-$100,000","woman","Full-time",NA,5,4,1,0
63,4.1,"she was must likely to be in trouble for her action companys have to follow certin perseders thats why there in place",2,1,6,4,5,3,5,5,4,5,3,5,3,3,1,1,28,"Complete the report like the rest of the team",19,"white","GED","$40,001-$60,000","woman","Full-time",NA,3,2,1,0
64,1,"They probably felt discouraged and beaten down. They knew they had already been doing what the manager requested of them so they probably felt like the manager didn't trust them.",2,7,7,1,1,1,1,1,1,1,1,1,1,1,1,1,30,"Get more customers to donate to charity",34,"white","GED","$0-$20,000","woman","Part-time",NA,1,2,1,0
65,4,"The employee's reaction show have been irritated or angry with his/or manager's behavior. I would have reported him to the CEO of the company with proof of text and tried to fight back.",1,1,7,1,7,7,4,1,5,7,1,4,1,3,1,1,28,"Complete the report like the rest of the team",21,"white","GED","$40,001-$60,000","man","Full-time",NA,3,2,1,1
66,2,"I think the person was denied the promotion because they could not fly across the country.  This may have been a way to eliminate them from contention.  The employee was upset by it.",1,1,6,1,2,2,2,1,2,2,2,1,3,3,1,1,9,"While pregnant, fly cross-country to debut a product",33,"white","4yearColl","$120,001-$140,000","man","Full-time",NA,7,4,1,1
67,3.7,"I think the employee did not provide any reason to counter what the manager said, she did not defend herself in any way and I think the manager is right.",3,4,5,4,5,3,5,2,5,5,2,3,4,3,1,1,43,"Be more focused at work",28,"black","4yearColl","$40,001-$60,000","man","Part-time",NA,3,4,0,1
68,3.9,"I believe the employee may have quit or waited to find a better job. The manager falsely accusing the employee that they are not doing their job without allowing a space for them to talk about the lack of donations. Horrible management.",1,2,1,1,4,3,3,3,5,4,2,3,5,7,1,1,30,"Get more customers to donate to charity",24,"asian","4yearColl","$40,001-$60,000","woman","Full-time","I love these surveys. Definitely gave me a sense of community that there are things I have encountered, thats common with others",3,4,0,0
69,2.8,"I don't think anything happened to the manager, other than perhaps a light statement about being more polite to employees. I am betting this type of behavior is commonplace in the organization, and that the employee was not surprised by the lack of recompense to the manager.",4,5,6,3,5,3,3,2,2,5,2,1,3,2,1,1,15,"Produce a great deal of documentation and research without additional compensation",42,"white","MA","$60,001-$80,000","woman","Full-time",NA,4,5,1,0
70,2.6,"The employee simply stopped sitting on the chair and didn't interact with anything that they didn't know the purpose of.",3,4,5,5,3,4,1,2,4,3,2,1,1,5,1,1,12,"Stop taking breaks in tenants' apartments",33,"white","4yearColl","Over $200,000","man","Full-time","No issues or additional commentary",11,4,1,1
71,2.5,"As a consequence, the employee most likely experience decreased morale, increased stress and resentment towards management",2,5,6,1,5,2,1,2,1,5,1,2,2,4,1,1,51,"Wash the vehicle every day, even if late",24,"white","2yearColl","$40,001-$60,000","woman","Full-time","thank you",3,3,1,0
72,2.3,"The employees likely grew to hate the job and it could lead to high employee turnover. The work was probably done correctly, at least.",1,7,7,1,3,2,2,3,1,5,1,1,3,2,1,1,38,"Work in teams to get a job done according to instructions",40,"white","GED","$60,001-$80,000","woman","Full-time",NA,4,2,1,0
73,3.6,"As a consequence the employee disliked their manager more. They perhaps tried to find a work around but ultimately did as they were told.",2,4,6,2,3,4,4,4,2,3,3,3,6,4,1,1,7,"Use hand-made and uploaded images",30,"white","GED","$0-$20,000","man","Full-time",NA,1,2,1,1
74,3.5,"I think it's possible the employee got really sick at work and maybe had to leave work early. They likely got in an argument with their manager and were possibly let got?I would expect the employee was angry and over the manger's terrible behavior",2,7,6,1,5,5,3,1,3,5,3,1,5,4,1,1,47,"Work in freezer while having the flu",31,NA,"PHD","$140,001-$160,000","woman","Full-time",NA,8,6,NA,0
75,3.1,"I think the employee decided to quit and left the manager high and dry.",1,1,7,1,5,3,1,2,4,5,3,2,3,3,1,1,19,"Make more sales",44,"white","MA","$100,001-$120,000","woman","Full-time",NA,6,5,1,0
76,3,"I believe the manager was reprimanded in some way but was not fired. I have no idea what the employees reaction was. If it were me, an apology would have sufficed.",2,3,6,1,4,2,2,3,2,5,2,2,5,3,1,1,33,"Stop responding to CFO emails directly, bypassing the acting director",39,"white","4yearColl","$60,001-$80,000","man","Full-time",NA,4,4,1,1
77,3.6,"The reaction was most definitely negative.   I'm almost certain that the employee considered their future employment with that company at the point.",1,1,7,1,5,4,2,7,2,5,3,3,3,2,1,1,44,"Dress in formal suits (when the norm is business casual) and stay in less expensive rooms in a hotel",52,"black","GED","$40,001-$60,000","man","Full-time",NA,3,2,0,1
78,2.5,"I think the employee probably did what the manager was demanding but did it grudgingly.  The employee should have put together a fact-based pro-and-con argument about why the manager's idea may not be the better way to go.",2,7,4,1,2,3,1,1,3,7,3,1,2,2,1,1,7,"Use hand-made and uploaded images",56,"white","MA","Over $200,000","woman","Full-time",NA,11,5,1,0
79,2.5,"The employee likely felt disrespected that her manager asked her to do something impossible, such as flying while nearing full-term in her pregnancy. As a consequence, the employee likely either went to HR despite the manager's warning, and the manager may have been relocated or fired. Or, the employee may have quit the job for her own emotional and physical health.",1,4,1,1,2,3,2,2,3,3,2,2,3,3,1,1,9,"While pregnant, fly cross-country to debut a product",27,"white","GED","$60,001-$80,000","woman","Part-time",NA,4,2,1,0
80,2.5,"Nothing probably happened. The employee was probably upset by it all but had no recourse.",1,5,7,2,3,2,1,2,2,6,2,1,3,3,1,1,12,"Stop taking breaks in tenants' apartments",48,"white","GED","$80,001-$100,000","man","Full-time",NA,5,2,1,1
81,3,"I think the employee may have taken it to higher ups and that person got in trouble.",2,2,6,1,2,3,3,3,2,3,3,5,3,3,1,1,13,"Spearhead a project for a new children's exhibit",26,"white","4yearColl","$60,001-$80,000","woman","Full-time",NA,4,4,1,0
82,2.1,"The manager may have had to be spoken to, to better communicate his requests and to control his anger or outburst. The employee would have likely accepted this, as long as the manager followed through with the request.",2,4,7,2,1,4,1,1,2,4,1,1,4,2,1,1,51,"Wash the vehicle every day, even if late",41,"black","4yearColl","$100,001-$120,000","man","Full-time",NA,6,4,0,1
83,2.9,"The Manager's behavior probably resulted in some discussion from their supervisor allowing someone who is sick to continue working can have effects on the rest of the staff becoming sick. It sounds like the company needs more staffing to allow for sick time to be used.",2,3,1,1,4,4,2,2,2,4,2,4,1,4,1,1,47,"Work in freezer while having the flu",55,"white","2yearColl","$100,001-$120,000","man","Full-time","Thank You.",6,3,1,1
84,2.1,"I think the employee was probably frustrated with the request and did not perform to the best of his ability, or perhaps rushed the task knowing that they were not being compensated fairly for it and wanted to get it over with, with no regard to how well it was completed. The employee seemed annoyed of his manager's request, especially not being compensated for it.",1,3,2,1,1,1,1,1,1,4,2,1,5,4,1,1,15,"Produce a great deal of documentation and research without additional compensation",32,"hispanic","4yearColl","$120,001-$140,000","woman","Full-time",NA,7,4,0,0
85,3.3,"The employee told the manager how she felt about touching random people. Since the manager only indicated she was not happy(and not a requirement) she allowed the employee to be excluded. The employee still felt uneasy but was satisfied.",3,1,2,1,5,5,1,1,4,5,3,1,3,5,1,1,21,"Give customers a hand-massage to try out the lotion",43,"black","GED","$160,001-$180,000","man","Part-time",NA,9,2,0,1
86,2.3,"Due to the manager's behavior, nobody stayed and he had a lot of people quitting, that is probably why he was short-staffed. 

I'm not sure what you mean about the employees reaction, to what?",1,7,7,1,3,3,1,1,3,3,2,1,3,3,1,1,47,"Work in freezer while having the flu",19,"white","2yearColl","$80,001-$100,000","woman","Full-time",NA,5,3,1,0
87,2.5,"Manager is patronizing and condescending. I imagine employee quit, or manager was spoken to, and asked to be a better leader.",1,7,7,1,4,3,2,2,3,2,2,2,2,3,1,1,28,"Complete the report like the rest of the team",48,"multiracial","4yearColl","$20,001-$40,000","woman","Full-time",NA,2,4,0,0
88,2.6,"The employee is going to do even less or leave.  That manager did a terrible job of motivating the employee.  Managers should not expect 100% constantly and should be able to work positively with employees.",1,2,7,1,5,3,3,4,2,2,2,1,2,2,1,1,43,"Be more focused at work",36,"white","MA","$160,001-$180,000","man","Full-time",NA,9,5,1,1
89,3.6,"the employee was shocked and the manager got in trouble",1,2,6,4,5,3,5,6,1,5,3,6,1,1,1,1,33,"Stop responding to CFO emails directly, bypassing the acting director",NA,"asian","2yearColl","$100,001-$120,000","man","Full-time",NA,6,3,0,1
90,3.6,"Workers were stressed out and made mistakes. This was caused by the undo pressure from the manager.",2,6,5,1,3,6,3,3,3,4,3,6,2,3,1,1,38,"Work in teams to get a job done according to instructions",40,"black","4yearColl","$140,001-$160,000","man","Full-time",NA,8,4,0,1
91,3.8,"The employee might feel like they are not doing a good job and that this was a really demotivating experience. Managers should build up their employees, but not talk down to them.",1,5,3,1,5,5,3,4,4,3,5,3,3,3,1,1,31,"Clean the rooms faster",30,NA,"MA","$100,001-$120,000","man","Full-time",NA,6,5,NA,1
92,3.3,"I doubt anything happened to the manager. I would assume the employee wouldn't be surprised, but probably still frustrated.",2,7,5,1,5,5,2,3,2,5,1,2,6,2,1,1,30,"Get more customers to donate to charity",34,"white","4yearColl","$120,001-$140,000","man","Full-time",NA,7,4,1,1
93,2.3,"I don't think there were any consequences for the manager. I think the employee would be vary uncomfortable at work.",1,1,7,1,2,2,1,2,1,2,2,2,6,3,1,1,21,"Give customers a hand-massage to try out the lotion",43,"hispanic","4yearColl","$40,001-$60,000","man","Full-time",NA,3,4,0,1
94,1.8,"I think the person was a bit embarrassed about the situation. I think this person had a chance to find something they liked to do even though they knew it wasn't right that they were using a space and things meant for someone else and using it for their own personal use, which might be some kind of violation to some rules. The employee seemed to understand that their actions might not have been proper.",2,7,5,5,2,4,2,1,1,1,1,1,1,4,1,1,12,"Stop taking breaks in tenants' apartments",47,"hispanic","GED","$100,001-$120,000","man","Full-time",NA,6,2,0,1
95,3.3,"The employee probably felt like they didn't have a choice to complete the extra work and training regardless of compensation and would feel defeated. I think the manger on the other hand got something for nothing and furthered his power.",1,7,7,1,5,6,3,2,4,5,2,2,2,2,1,1,15,"Produce a great deal of documentation and research without additional compensation",41,"white","PHD","$80,001-$100,000","woman","Full-time",NA,5,6,1,0
96,1.8,"I believe that as a consequence to the manager's behavior, the employee likely left the position. The manager was creating a toxic and unstable work environment by failing to understand their employee and instead threatening the employee with punishment for not accomplishing the task.",1,1,7,1,5,1,1,1,1,5,1,1,1,1,1,1,51,"Wash the vehicle every day, even if late",30,"white","4yearColl","$20,001-$40,000","woman","Full-time",NA,2,4,1,0
97,3.4,"I think the staff were inspired by her display of confidence. They would feel reinvigorated and motivated and optimistic as a result of their manager's comportment",6,7,7,4,6,2,1,4,3,6,1,1,5,5,1,1,37,"Revamp copmany's social social media strategy to increase sales, engagement and brand visibility",26,"white","4yearColl","$60,001-$80,000","man","Full-time","I have none",4,4,1,1
98,2.3,"I believe the employee filed a complaint with HR.  Or at least I hope they did.  The employee was unfairly treated in my opinion.",1,7,7,1,5,2,1,1,2,5,1,1,4,1,1,1,10,"Not take time off for a relative's doctor's appointment",58,"white","2yearColl","$140,001-$160,000","man","Full-time",NA,8,3,1,1
99,1.2,"People felt stressed and burnt out. I'm sure they didn't work as hard for him next time or pushed themselves to do him a favor",2,6,7,1,1,1,1,1,1,2,1,1,2,1,1,1,38,"Work in teams to get a job done according to instructions",63,"white","PHD","Over $200,000","man","Full-time",NA,11,6,1,1
100,3.2,"I don't think anything happened to the manager himself. He saw that the employee was talking to a friend while being paid on the clock and didn't appreciate that. She continued the conversation a few more minutes after the manager said to go back to work. The employee's reaction was justified since they were not used to be yelled out at work. They should have just gone back to work but they decided to keep talking to finish the conversation which could have been done with a simple. ""Ok I have to go, I'll text you later.""",3,1,5,3,5,3,2,4,1,4,3,1,4,5,1,1,39,"Clean something that the janitor normally cleans",46,"multiracial","2yearColl","$60,001-$80,000","man","Full-time","I think it's important to be nice to your associates but at the same time they can't take that for granted.",4,3,0,1
101,2.1,"Nothing. There was probably only a warning given to the employee, and the employee most likely was mortified and never did it again.",1,7,7,1,1,3,1,7,1,1,3,1,1,2,1,1,12,"Stop taking breaks in tenants' apartments",34,"white","GED","$60,001-$80,000","man","Full-time",NA,4,2,1,1
102,1.8,"I don't think anything really ""happened"" to either the employee or the manager other than maybe a verbal reprimand. I think they had the heated argument, and then I think they both ""went their separate ways"" until they both cooled down. And then because they have to work together and because this wasn't violent or anything crazy, they just learned to accept the fact that they didn't see eye to eye on the issue. I'm not sure if everything went back to ""normal"", but I don't think anyone was punished. MAYBE the manager ended up in a meeting with THEIR higher-up and was verbally reprimanded for having the argument - and it's possible the employee did as well, but I don't think there was anything more of a punishment than a verbal reprimand.",1,1,6,1,2,2,1,2,1,2,1,1,1,5,1,1,33,"Stop responding to CFO emails directly, bypassing the acting director",39,"white","4yearColl","$40,001-$60,000","man","Full-time",NA,3,4,1,1
103,1.4,"I dont know I suuppose they had to talk to them because they were meant to talk to them I suppose",4,3,3,3,1,1,4,1,1,1,2,1,1,1,1,1,21,"Give customers a hand-massage to try out the lotion",49,"white","4yearColl","$40,001-$60,000","woman","Full-time",NA,3,4,1,0
104,2,"I don't think there were any consequences to the manager's demanding behavior even though the employee didn't agree with it.",1,7,6,3,2,2,2,1,2,2,2,2,2,3,1,1,38,"Work in teams to get a job done according to instructions",36,"white","2yearColl","$0-$20,000","man","Full-time",NA,1,3,1,1
105,2.6,"Nothing happened to the manager for talking to the employee like that, which is extremely frustrating. The employee seems bitter about it, and rightfully so. They're just doing their job more efficiently and getting berated for it.",1,5,6,1,4,1,2,2,1,5,2,2,2,5,1,1,28,"Complete the report like the rest of the team",23,"asian","GED","$40,001-$60,000","man","Part-time",NA,3,2,0,1
106,2.2,"I think the employee probably stood down and did as the manager demanded. I doubt there were any consequences to the manager's behavior.",2,6,6,1,5,4,1,1,1,5,1,1,1,2,1,1,7,"Use hand-made and uploaded images",35,"white","GED","$20,001-$40,000","woman","Full-time",NA,2,2,1,0
107,2.9,"They employee seems overwhemled. They seem like they do not quite understand why the managers are trying to get them onto a different project or do both.",2,4,5,2,2,3,2,3,2,3,3,2,5,4,1,1,13,"Spearhead a project for a new children's exhibit",32,"white","4yearColl","$40,001-$60,000","woman","Full-time",NA,3,4,1,0
109,2.1,"They were probably upset. They had to choose between their and their baby's health, or refusing and potentially losing the promotion. They were also threatened not to approach HR, which likely made them angry.",1,1,7,1,3,1,1,3,1,2,1,1,5,3,1,1,9,"While pregnant, fly cross-country to debut a product",48,"white","GED","$0-$20,000",NA,"Part-time",NA,1,2,1,NA
110,1.5,"The employees became hostile to him but did not challenge his orders.",1,3,7,1,2,1,1,1,2,1,1,1,2,3,1,1,44,"Dress in formal suits (when the norm is business casual) and stay in less expensive rooms in a hotel",23,"white","4yearColl","$60,001-$80,000","man","Full-time",NA,4,4,1,1
111,1.7,"I believe the employee felt rushed and submitted his work prior to testing and what not. Most likely the blame was put on the employee.",1,5,7,4,1,2,1,1,2,4,3,1,1,1,1,1,52,"Sign off on a module that had to be delivered, despite it not being fully complete",31,"hispanic","4yearColl","$60,001-$80,000","man","Full-time",NA,4,4,0,1
112,1.6,"Given the employee's intimidation into not taking that work day off, I think that it caused hardship in the employee's personal life. I think that it is possible that the employee's mother missed her appointment or didn't have the support that she needed. The employee's reaction to the situation is understandable given how their supervisor reacted so strongly.",1,7,6,1,2,2,1,1,1,3,1,1,1,3,1,1,10,"Not take time off for a relative's doctor's appointment",39,NA,NA,NA,NA,"Full-time",NA,NA,NA,NA,NA
113,3.4,"It will make the employee feed bad and sad because the employee must have spent quality time going through a faster solution to the problem but since the manager behavior is awkward, the employee has to follow what the manager says in the company",1,1,6,2,6,1,6,7,1,7,2,2,1,1,1,1,28,"Complete the report like the rest of the team",30,"white","MA","$120,001-$140,000","man","Full-time",NA,7,5,1,1
114,2.3,"This probably stressed out the worker and created an environment where they couldn't do their job as effectively, potentially harming the overall project. The employee likely had to make concessions in quality to satisfy the manager's demand for an immediate product because speed seemed to be the manager's only desire.",1,5,6,2,3,2,1,2,1,3,2,1,5,3,1,1,52,"Sign off on a module that had to be delivered, despite it not being fully complete",43,"white","4yearColl","$40,001-$60,000","man","Full-time",NA,3,4,1,1
115,3,"I think that the employee may have been frustrated or felt helpless because of the manager's behavior.",2,5,6,3,3,2,1,2,2,7,1,4,2,6,1,1,51,"Wash the vehicle every day, even if late",25,"black","GED","$40,001-$60,000","man","Part-time",NA,3,2,0,1
116,1.8,"I think the employee's reaction was negative. The employee probably told the manager that they do their job and do not need their manager to assign extra things to do when the employee is keeping up with their work.",2,1,7,1,2,1,1,2,1,5,1,1,2,2,1,1,43,"Be more focused at work",61,"white","GED","$40,001-$60,000","woman","Part-time",NA,3,2,1,0
117,1.3,"I believe the employee probably responded poorly to the manager's behavior.  I'm sure the employee scheduled a meeting with the manager to discuss the behavior issues that were indicated.  Perhaps there was a misunderstanding the employee and manager were able to work it out without any conflict.",2,3,6,1,1,2,1,1,1,1,1,1,1,3,1,1,43,"Be more focused at work",34,"white","MA","Over $200,000","man","Full-time",NA,11,5,1,1
118,2.1,"The employee had to reschedule their mom's appointment. I think the supervisor acted in a very rude and careless way towards the coworker. I believe the supervisor should be fined and put on administrative leave because it was extremely rude and not nice towards the coworker.",1,5,7,1,4,2,2,1,3,3,1,1,1,3,1,1,10,"Not take time off for a relative's doctor's appointment",38,"hispanic","PHD","Over $200,000","man","Full-time",NA,11,6,0,1
120,2.5,"It sounds like the employee was forced to work an extra shift.  She was obviously not very happy about it, and the consequences to managers behavior probably wasn't immediate, but probably lowered moral in their workplace, and made the nursing home a more frustrating place to work in.",2,7,6,2,5,2,2,2,1,6,1,1,3,2,1,1,42,"Take up a colleague's duty as the employee was signing out",44,"white","4yearColl","$100,001-$120,000","man","Full-time",NA,6,4,1,1
121,3.6,"I believe the employee rescheduled her mom's appointment as the employer was very angry with her.",2,4,6,1,4,4,5,5,3,4,4,2,2,3,1,1,10,"Not take time off for a relative's doctor's appointment",22,"asian","4yearColl","$20,001-$40,000","man","Part-time",NA,2,4,0,1
122,3.6,"Based on the scenario that I just read, this will definitely make the employee to have a bad perception about the manager. This won't foster cordial relationship between them eventually.",3,3,3,2,4,2,5,4,2,5,1,6,4,3,1,1,29,"Help in completing the manager's project",24,"black","MA","$100,001-$120,000","man","Part-time",NA,6,5,0,1
123,1.8,"I really have no idea because I've never had a job working with the public but I do agree with her. She probably wasn't fired because I can't believe a company would force her to work with specific parts of people's bodies. She probably will be looked down by her manager for a while at least until it's forgotten.",2,1,6,1,4,1,1,1,1,6,1,1,1,1,1,1,21,"Give customers a hand-massage to try out the lotion",70,"white","2yearColl","$40,001-$60,000","woman","Full-time",NA,3,3,1,0
124,3.1,"I dont think anything happened to the manager and the employee just has to do better with being on time or stay later to wash the vehicle.",2,2,5,2,5,4,3,1,1,6,4,1,1,5,1,1,51,"Wash the vehicle every day, even if late",43,"white","GED","$0-$20,000","man","Full-time",NA,1,2,1,1
125,3.7,"There was probably some level of disciplinary action.",2,3,4,3,3,3,3,4,4,3,5,2,6,4,1,1,52,"Sign off on a module that had to be delivered, despite it not being fully complete",35,"white","4yearColl","$140,001-$160,000","man","Full-time",NA,8,4,1,1
126,2.7,"The manager should be disciplined or possibly fired for trying to force the employee to work through intimidation. I'm not sure the legality of that situation. The employee was understandably intimidated in the moment and gave into the pressure.",1,7,7,1,3,3,2,2,2,5,2,2,3,3,1,1,10,"Not take time off for a relative's doctor's appointment",33,"white","4yearColl","$80,001-$100,000","man","Full-time",NA,5,4,1,1
127,2.9,"The employee's reaction to what happened sounded like they were offend or hurt by what the boss said about their performance after vacation. I think the bosses approach was completely wrong and as a consequence will be disciplined somehow by the company may fired.",1,6,7,1,7,3,1,1,1,6,1,3,1,5,1,1,43,"Be more focused at work",32,"black","4yearColl","$20,001-$40,000","man","Full-time",NA,2,4,0,1
128,2.6,"I think the employee had become overwhelmed trying to do something that she/he can't physically do. I think the employee decided to quit because it would too much pressure.",2,2,7,2,2,2,2,1,2,7,1,1,1,7,1,1,31,"Clean the rooms faster",31,"black","2yearColl","$20,001-$40,000","woman","Full-time",NA,2,3,0,0
129,3.7,"The employee eventually left due to their mental health worsening. They were getting physically ill and could not take it anymore.",1,6,7,1,5,3,2,5,4,5,3,3,3,4,1,1,47,"Work in freezer while having the flu",53,"white","4yearColl","$20,001-$40,000","man","Part-time",NA,2,4,1,1
130,2.1,"I think the worker got even more sick and nothing happened to the manager.",1,5,7,1,2,2,2,2,2,3,1,2,3,2,1,1,47,"Work in freezer while having the flu",53,"white","MA","$20,001-$40,000","woman","Full-time",NA,2,5,1,0
131,3,"I presume the testing was not given the opportunity to complete its necessary, full effort. Management probably forced their hand and had them sign off on the work to push it to release. And if anything went wrong after the fact, it was probably blamed on the low-level tester and them not doing an adequate job.",2,5,5,2,5,2,2,6,2,3,3,1,3,3,1,1,52,"Sign off on a module that had to be delivered, despite it not being fully complete",38,"white","MA","Over $200,000","man","Full-time",NA,11,5,1,1
132,2.7,"It sounds like the manager was over bearing in his oversite on the project. Because of this the team would be more hesitant to do a good job, for fear of the boss. It is a case of micromanaging a team.",1,5,7,1,3,3,1,5,3,3,1,2,1,5,1,1,38,"Work in teams to get a job done according to instructions",77,"white","4yearColl","$20,001-$40,000","woman","Full-time","none",2,4,1,0
133,2.5,"The person was unable to fulfill their duty and likely would have received a reprimand. The employee felt taken advantage of and helpless. Overall, the employee feel as though the whole workplace was at fault and might even seek out other employment.",1,7,7,1,5,6,1,1,2,3,2,1,2,2,1,1,42,"Take up a colleague's duty as the employee was signing out",38,NA,"MA","$160,001-$180,000","man","Full-time",NA,9,5,NA,1
135,4,"I think that a the writer probably started following the managers guidelines, but then stopped working as hard and put less effort into completing the project.  This probably led to a lesser quality overall result.",3,2,5,1,5,5,4,3,2,6,3,2,5,5,1,1,29,"Help in completing the manager's project",31,"multiracial","MA","$100,001-$120,000","woman","Full-time",NA,6,5,0,0
136,3.1,"I think that the manager's efforts were at least somewhat successful and was met with success overall, however there could be some downsides. I believe the positives are short term only because the manager would have to micromanage everything and put pressure on others. It is certainly a way to get results, but people can only take so much so I'm not sure about the long term benefits, if any.",3,4,3,2,5,2,1,4,2,4,2,1,4,6,1,1,37,"Revamp copmany's social social media strategy to increase sales, engagement and brand visibility",25,"asian","4yearColl","$20,001-$40,000","man","Part-time",NA,2,4,0,1
137,1.6,"I assume that the employee made a complaint regarding their manager’s behavior. This was because they were verbally accosted.",1,3,7,1,2,2,1,1,2,1,2,1,2,2,1,1,7,"Use hand-made and uploaded images",45,"hispanic","4yearColl","$120,001-$140,000","woman","Full-time",NA,7,4,0,0
138,2.3,"The consequences are negative, all around. The manager was not correct with accusatory behavior. In return, the employee will hold resentment and not feel valued in the company anymore. It IS NOT the employee's job to push for donations, in my opinion.",1,3,7,1,5,2,2,1,2,5,1,1,2,2,1,1,30,"Get more customers to donate to charity",50,"hispanic","4yearColl","$80,001-$100,000","man","Full-time","Very interesting. Thank you",5,4,0,1
139,1.7,"I think the paperwork was indeed rejected and the manager blamed his subordinate. The employee wasn't surprised but was still upset.",1,7,7,1,2,2,1,1,2,2,2,1,2,2,1,1,22,"File paperwork that the employee thinks is incorrect",48,"white","4yearColl","$40,001-$60,000","man","Full-time",NA,3,4,1,1
140,4,"As a consequence I think a product that has not being properly vetted will be released for users and a lot of things might go wrong. The employee sounds like he is against it.",3,3,5,1,5,3,6,5,3,5,2,5,3,3,1,1,52,"Sign off on a module that had to be delivered, despite it not being fully complete",29,"black","2yearColl","$40,001-$60,000","man","Part-time",NA,3,3,0,1
141,3.4,"The manager was rushing the employee and I think it distracted the employee from getting the job done.  I also think the project may cause harm because it was not properly tested.",2,2,6,2,5,4,3,3,2,5,2,4,3,3,1,1,52,"Sign off on a module that had to be delivered, despite it not being fully complete",35,"white","4yearColl","$60,001-$80,000","man","Full-time",NA,4,4,1,1
142,3,"The manager got upset. He had a right to get upset, however I felt that the manager blew his anger out of proportion.",2,3,5,2,5,3,2,1,3,5,2,2,2,5,1,1,42,"Take up a colleague's duty as the employee was signing out",35,"black","4yearColl","$20,001-$40,000","woman","Full-time",NA,2,4,0,0
143,2.6,"It is almost as if she was being forced to do something she didn't want to, against her will. It may be a strain in the relationship between the manager and the employee, I the employee might want to quit under such conditions. Also the manager may want to find someone else who is more willing to do the work.",2,1,7,2,4,2,1,3,2,4,2,3,2,3,1,1,21,"Give customers a hand-massage to try out the lotion",53,"white","4yearColl","$60,001-$80,000","man","Part-time",NA,4,4,1,1
144,3.6,"The employee would be sad and feel bullied. The employ has the right to report and should be considered of her condition. It is wrong to bully an employee in the manner she was bullied.",1,1,7,1,5,3,2,5,5,5,3,2,3,3,1,1,9,"While pregnant, fly cross-country to debut a product",25,"black","4yearColl","$80,001-$100,000","man","Full-time",NA,5,4,0,1
145,2.1,"The employees experienced some emotional turmoil as their routine was thrown off by excessive micromanaging.",1,4,6,1,1,4,1,2,2,3,1,2,1,4,1,1,44,"Dress in formal suits (when the norm is business casual) and stay in less expensive rooms in a hotel",41,"black","MA","$120,001-$140,000","man","Full-time",NA,7,5,0,1
146,1.5,"I think the employee did the work but felt frustrated and annoyed. The worker probably eventually quit.",1,3,7,1,1,1,1,4,1,1,1,1,2,2,1,1,15,"Produce a great deal of documentation and research without additional compensation",NA,"white","PHD","Over $200,000","man","Full-time",NA,11,6,1,1
147,3.9,"I can't really say, it could go a number of ways. I always assume the worse though so the employee's reaction was negative.",1,1,1,5,7,1,6,7,2,6,1,6,1,2,1,1,47,"Work in freezer while having the flu",37,"white","4yearColl","$140,001-$160,000","man","Full-time",NA,8,4,1,1
148,2.3,"I think the employee took offence to the managers attitude and felt frustrated. They felt like their achievements aren't recognized and that they're not respected as an employee.",1,6,7,1,3,2,1,2,1,5,3,1,2,3,1,1,28,"Complete the report like the rest of the team",41,"white","2yearColl","$0-$20,000","woman","Part-time",NA,1,3,1,0
149,2,"I assume that nothing happened to the manager and that the person who wrote the statement had to change their own methods to be more like their manager's. I'm sure that the employee felt surprised by the manager's accusations and then felt deflated in regards to the work. If it were me, I would want to put in less effort and care towards the project from here on out.",1,6,6,1,2,2,1,1,2,6,1,1,1,3,1,1,29,"Help in completing the manager's project",34,"white","2yearColl","$40,001-$60,000","woman","Full-time",NA,3,3,1,0
150,2.3,"I am guessing the employee did not feel that the manager was at all invested in her success. The employee perhaps felt disposable as well as anxious. The employee may have given up and quit due to lack of support from their manager.",1,2,1,1,1,3,2,1,4,3,3,1,2,3,1,1,31,"Clean the rooms faster",61,"white","MA","Over $200,000","woman","Full-time",NA,11,5,1,0
151,2.8,"I believe the employee felt she had no say in the matter. I am certain as a subordinate to her manager, she felt her hands were tied and that she needed to comply with her manager's request. The nursing industry is brutal and known to be overexerting, so I am also sure the employee knew that things such as this just come with the territory.",2,7,5,1,5,5,2,2,1,5,2,1,2,3,1,1,42,"Take up a colleague's duty as the employee was signing out",45,"asian","4yearColl","$140,001-$160,000","woman","Full-time",NA,8,4,0,0
152,3.3,"The employee was made to stay to work and cover the tasks assigned to her regardless of how tired she may have been.  She was overworked and over tired and may have reported the incident to human resources as to not have it happen again.",1,4,6,1,4,4,1,2,2,7,2,1,4,6,1,1,42,"Take up a colleague's duty as the employee was signing out",39,"hispanic","4yearColl","$100,001-$120,000","woman","Full-time",NA,6,4,0,0
153,2.1,"Either the employee would wind up quitting or he would file a grievance against the manager and there would be consequences for the manager.",1,2,1,1,4,3,1,1,2,2,1,2,2,3,1,1,33,"Stop responding to CFO emails directly, bypassing the acting director",39,"white","MA","$40,001-$60,000","man","Full-time",NA,3,5,1,1
154,2.8,"The employee was upset at the manager but ended up giving hand massages to keep her job.",2,5,6,2,4,3,1,3,2,2,2,2,5,4,1,1,21,"Give customers a hand-massage to try out the lotion",45,"white","GED","$20,001-$40,000","man","Part-time",NA,2,2,1,1
155,3.8,"There's nothing an employee can do to a manager's behaviour,however the manager behaves. You'll have to endure with however your manager acts. The manager is always right,there is no two way around it. If it's the other way round the manger has right to do anything to the employee cause the employee works under him.",3,4,4,3,3,4,5,5,3,5,3,3,4,3,1,1,33,"Stop responding to CFO emails directly, bypassing the acting director",25,"white","4yearColl","$60,001-$80,000","man","Full-time","No comment",4,4,1,1
156,1.3,"I think the employees probably did not react well to the manger's demeanor during the meeting. People do not typically respond very well to an authoritative tone. I think the employees would have preferred a meeting in which they could give their input and work together with the manger to achieve her goals. That was not possible given the manner in which this overbearing manager conducted the meeting.",1,3,7,1,3,2,1,1,1,1,1,1,1,1,1,1,37,"Revamp copmany's social social media strategy to increase sales, engagement and brand visibility",49,"white","2yearColl","$100,001-$120,000","woman","Full-time",NA,6,3,1,0
157,3.2,"considering the type of charactor that the manager seems to be, it seems termination would be the expected outcome dor this employee for not doing as requested. The employee rightfullly so is complaining as he should not be responcible for such matters",1,2,7,2,5,3,2,5,6,4,1,2,2,2,1,1,22,"File paperwork that the employee thinks is incorrect",NA,"white","4yearColl","$100,001-$120,000","man","Full-time",NA,6,4,1,1
158,4.1,"I think the manager succeeded in putting the software engineer under a lot of pressure which in return made the software engineer work under conditions not known to be suitable for bringing out the best possible result in humans. 
I think the software engineer might have been able to finish up the project because of the pressure that was mounted on him, but overall I think the quality of work that would be delivered would not be up to the standard of work that is usually done by the software engineer which in return might not make him like the project as much as he is supposed to. He didn't get enough time to test so he doesn't know what to expect from what was developed.",2,6,6,3,5,5,3,5,5,5,3,3,4,3,1,1,52,"Sign off on a module that had to be delivered, despite it not being fully complete",27,"white","MA","$60,001-$80,000","man","Part-time",NA,4,5,1,1
159,3.8,"The employee was probably less likely to make a concerted effort to solicit donations from customers. Positive reinforcement would have been a better approach in this scenario. Instead, the employee who felt they were trying their best now feels demotivated to complete their job",2,5,2,2,5,5,4,5,2,6,3,2,2,4,1,1,30,"Get more customers to donate to charity",29,"white","4yearColl","$140,001-$160,000","man","Full-time",NA,8,4,1,1
160,2.6,"I imagine the employee was reluctant to provide suggestions and ideas in the future.",2,4,5,1,3,3,2,2,2,3,3,2,3,3,1,1,28,"Complete the report like the rest of the team",42,"white","4yearColl","$60,001-$80,000","man","Full-time","Thank you",4,4,1,1
161,3.8,"I think the consequence of the manager's behavior will either yield a positive result or a negative one. The employee is concerned about the manager behavior.",3,5,4,2,4,3,4,5,3,6,2,6,2,3,1,1,19,"Make more sales",26,"white","MA","$60,001-$80,000","man","Part-time",NA,4,5,1,1
162,3.7,"I think she had good leadership she was strong and direct. It didn’t seem bad to me.",6,6,2,3,4,3,3,4,5,4,2,5,2,5,1,1,37,"Revamp copmany's social social media strategy to increase sales, engagement and brand visibility",35,"white","4yearColl","$80,001-$100,000","man","Full-time",NA,5,4,1,1
164,3.1,"I think the manager was used to being this way nothing happened. I think the employee got even sicker and had to take off work.",2,7,6,1,6,4,1,1,4,5,1,1,1,7,1,1,47,"Work in freezer while having the flu",40,"black","MA","$80,001-$100,000","man","Full-time",NA,5,5,0,1
165,4.5,"The employee reacted to their manager's behavior by quitting and finding a better job where the manager treats their employees fairly.",1,1,7,1,5,4,2,7,3,7,2,3,5,7,1,1,19,"Make more sales",31,"white","GED","$20,001-$40,000","woman","Part-time",NA,2,2,1,0
166,2.7,"Regardless of if the manager's ideas are correct, it sounds like he went about enacting changes in a pretty stupid way. Suggesting that the manager shows poor leadership qualities. The Program manager probably felt uncomfortable and as if they were being spoken down to",1,5,6,4,2,2,2,2,2,2,6,1,6,2,1,1,44,"Dress in formal suits (when the norm is business casual) and stay in less expensive rooms in a hotel",37,"white","GED","$40,001-$60,000","man","Full-time",NA,3,2,1,1
167,5.1,"I do not know what happen to the manager. There was a woman up for promotion , who was 34 weeks pregrant and could not fly to present a product to the board of director so i assume she did not get the promotion because she could not perform her job.",2,1,5,1,6,6,2,7,6,6,3,4,5,6,1,1,9,"While pregnant, fly cross-country to debut a product",48,"white","4yearColl","$40,001-$60,000","man","Full-time",NA,3,4,1,1
168,2.6,"The employee knew that it wasn't allowed hence after being marched to the managers office he said nothing and walked out.",1,7,4,5,7,1,1,2,1,7,1,4,1,1,1,1,12,"Stop taking breaks in tenants' apartments",27,"hispanic","GED","$60,001-$80,000","woman","Part-time",NA,4,2,0,0
169,3.3,"I think the employee would end up doing it, but I am sure he was very offended",2,5,7,1,4,2,5,6,2,5,1,2,3,3,1,1,15,"Produce a great deal of documentation and research without additional compensation",44,"asian","2yearColl","$40,001-$60,000","man","Full-time",NA,3,3,0,1
170,2.2,"I would think that the employee would lose respect for the manager. They might do things out of obligation and fear, but they wouldn't be inclined to put any extra effort into anything. They'd probably also be looking for a different job where they don't have an unnecessarily stressful work environment.",1,7,7,1,2,2,2,2,2,2,2,2,3,3,1,1,10,"Not take time off for a relative's doctor's appointment",52,"white","4yearColl","$60,001-$80,000","woman","Full-time",NA,4,4,1,0
171,3.8,"The worker probably was frustrated about the employer's demands. The worker could have been burned out while looking for said images, and as a result, the hand-drawn images may have come out sloppy and unpolished. This could have resulted in low sales.",2,2,6,1,6,3,4,4,3,6,3,3,3,3,1,1,7,"Use hand-made and uploaded images",24,"black","4yearColl","$20,001-$40,000","man","Full-time",NA,2,4,0,1
172,2.8,"I think the employee would feel angry and resentful and be less inclined to give the job their all or keep working for that manager in the future.",1,6,7,1,4,5,2,1,3,3,1,1,3,5,1,1,30,"Get more customers to donate to charity",40,"white","MA","Over $200,000","man","Full-time",NA,11,5,1,1
173,3.9,"The team members started to doubt their commitment to the organization and looked for other employment possibilities because they felt insulted and irritated by the manager's irrational demands and verbal abuse.",2,4,6,3,3,2,4,6,6,4,4,5,3,2,1,1,44,"Dress in formal suits (when the norm is business casual) and stay in less expensive rooms in a hotel",25,"black","4yearColl","$80,001-$100,000","woman","Full-time",NA,5,4,0,0
174,4,"The manger push for work quickly and finish it earlier, but it make a employers very stressful so they not good about manager.",5,5,5,4,6,4,5,6,3,6,2,5,1,2,1,1,52,"Sign off on a module that had to be delivered, despite it not being fully complete",35,"white","4yearColl","$120,001-$140,000","man","Full-time","interesting study.",7,4,1,1
175,2.8,"I see no fault in the employee responding directly to the CFO especially since the CFO was the one to reach out. The manager's reaction was definitely unnecessary and an overreaction. Depending on how upset he made the employee, HR could potentially be brought in to mediate.",2,1,6,2,4,4,2,2,2,5,2,1,3,3,1,1,33,"Stop responding to CFO emails directly, bypassing the acting director",40,"asian","4yearColl","$100,001-$120,000","woman","Full-time",NA,6,4,0,0
176,3.3,"I think that the employee were be very upset now. This would make them frustrated and not as happy to work hard for their manager. As a result, they would now change their behavior at work and work a little less well because it.",2,3,6,1,3,2,5,2,2,5,5,1,2,6,1,1,52,"Sign off on a module that had to be delivered, despite it not being fully complete",37,"multiracial","MA","$0-$20,000","man","Full-time",NA,1,5,0,1
177,2.4,"The manager is entitled to make a reasonable request of the employee. The employee stated his concern with the request and the manager wanted him to do it his way. Seeing as the employee is not paid a commission based on his output, he is being unreasonable to tell the manager he will not comply if that is the case. He needs to do the job he is paid to do.",1,3,6,4,5,2,2,1,3,3,2,2,2,2,1,1,7,"Use hand-made and uploaded images",42,"white","4yearColl","$120,001-$140,000","woman","Full-time",NA,7,4,1,0
178,2.9,"The employee was upset that the manager yelled at him. He may consider quitting his job as that is disrespectful to do. He probably went and cleaned like the manager ask, but his overall job satisfaction is reduced.",2,3,2,1,5,2,2,2,2,5,3,2,3,3,1,1,39,"Clean something that the janitor normally cleans",35,"white","MA","Over $200,000","woman","Part-time",NA,11,5,1,0
179,3.2,"i thing the manager needs to chill and understand the employee better, since the employee was not found doing any wrong thing",2,7,6,2,5,3,2,2,3,5,1,3,4,4,1,1,12,"Stop taking breaks in tenants' apartments",28,"white","4yearColl","$100,001-$120,000","man","Full-time",NA,6,4,1,1
180,3.3,"Discriminating against an employee due to her pregnancy could have serious legal consequences for the manager. The affected staff member may experience feelings of betrayal, stress and unfair treatment prompting them to reach out to HR in order to safeguard their rights while pregnant.",4,4,3,2,2,1,6,6,2,4,3,6,1,2,1,1,9,"While pregnant, fly cross-country to debut a product",32,"white","4yearColl","$40,001-$60,000","woman","Full-time","it was good",3,4,1,0
181,2.6,"The employee didn't specifically state their reaction, but I would guess the manager's rude and strict behavior made them upset. The manager may have lost the respect of the employees.",2,3,5,1,3,3,3,1,2,4,1,2,3,4,1,1,44,"Dress in formal suits (when the norm is business casual) and stay in less expensive rooms in a hotel",26,"white","GED","$60,001-$80,000","woman","Unemployed",NA,4,2,1,0
182,2.6,"I think the manager may have continued to be mean to the employee and maybe even wrote the employee up. Hopefully, the employee realized they did not deserve to be yelled out, but I'm guessing the smile with the friend did not go over well with the manager.",2,4,6,1,2,3,1,2,2,5,4,2,2,3,1,1,39,"Clean something that the janitor normally cleans",47,"white","MA","$80,001-$100,000","woman","Full-time",NA,5,5,1,0
183,2.4,"I think the employee felt even more pressure and stress as a result of being contacted over and over again by their manager.  Being pressured to complete a task that requires a great deal of effort, does not make it happen faster.  If anything, it causes stress and can potentially lead to errors occurring.",1,1,6,1,2,2,2,2,2,2,6,2,2,2,1,1,52,"Sign off on a module that had to be delivered, despite it not being fully complete",50,NA,"GED","$60,001-$80,000","woman","Full-time",NA,4,2,NA,0
184,2.5,"I think he probably quite the job and sought another.",1,1,7,1,1,7,1,1,4,4,1,1,4,1,1,1,19,"Make more sales",30,"black","4yearColl","$60,001-$80,000","man","Part-time",NA,4,4,0,1
185,2.6,"The social media revamp probably failed.  While strong leadership is important, it is also important to utilize the experiences and expertise of your subordinates.  The attitude betrayed seemed like a ""my way or the highway"" mindset.",2,4,6,1,3,3,1,1,3,5,2,2,3,3,1,1,37,"Revamp copmany's social social media strategy to increase sales, engagement and brand visibility",54,"white","MA","$100,001-$120,000","man","Full-time","It would be interesting if you gave the results of the revamp.",6,5,1,1
186,3.1,"I would not be happy about it. I would think that this is something that could have been brought up earlier. Nothing probably happened as a consequence though, because this is how it normally goes. I'm not sure that anything ever happens to managers who are just bad at their job.",2,2,6,1,2,3,2,3,3,3,5,4,2,4,1,1,42,"Take up a colleague's duty as the employee was signing out",37,"white","MA","Over $200,000","man","Full-time",NA,11,5,1,1
187,1.7,"I think she told a different manager or a higher up that the manager was asking her to do her job. I think she explained the situation of the other project she was doing, but didn't think it was fair to do her manager's job and be threatened with her time off revoked.",2,2,7,1,1,2,1,1,2,2,2,1,2,3,1,1,13,"Spearhead a project for a new children's exhibit",51,"white","4yearColl","Over $200,000","woman","Full-time",NA,11,4,1,0
188,1.6,"The employee probably quit and found another job. The manager was then stuck trying to find a new employee.",1,1,7,1,2,4,1,1,1,1,1,1,1,3,1,1,19,"Make more sales",24,"white","4yearColl","$80,001-$100,000","man","Full-time",NA,5,4,1,1
189,2.2,"I would think that nothing happened because the manager has a position of power. If anything, he may have been spoken to by someone higher up but did not face any negative actions against him.  The employee was probably upset and was even more upset that nothing will be done.",2,4,7,2,2,2,2,2,2,4,2,2,2,2,1,1,33,"Stop responding to CFO emails directly, bypassing the acting director",27,"white","4yearColl","$60,001-$80,000","woman","Full-time",NA,4,4,1,0
190,1.5,"The employee was taken aback by the manager's behavior and was demoralized. As such he likely will put in less effort to complete the task.",1,6,6,1,1,2,1,1,3,1,2,1,1,2,1,1,29,"Help in completing the manager's project",30,"white","MA","$20,001-$40,000","man","Full-time",NA,2,5,1,1
191,2.9,"I believe the associate lost trust in their manager was very upset and felt opressed",1,5,6,1,5,5,1,1,2,5,1,1,1,7,1,1,13,"Spearhead a project for a new children's exhibit",63,"white","4yearColl","$20,001-$40,000","man","Part-time, Retired",NA,2,4,1,1
192,2.8,"That is out of line. The manager could get apprehended for her actions. Face legal trouble for harrasment. She was frightened for their well being felt useless and no matter what they did it wouldn't be enough.",1,7,7,1,5,3,1,1,4,6,1,1,1,5,1,1,10,"Not take time off for a relative's doctor's appointment",41,"white","GED","$100,001-$120,000","man","Full-time",NA,6,2,1,1
193,2.8,"I think that the employee was very angry at the unfair treatment by the manager. They may have gotten into a verbal argument about the manager's behavior.",1,3,7,1,2,2,2,1,2,5,4,1,4,5,1,1,44,"Dress in formal suits (when the norm is business casual) and stay in less expensive rooms in a hotel",44,"white","GED","$60,001-$80,000","woman","Full-time","N/A",4,2,1,0
194,1.7,"The team members felt that they were not free to make decisions and that they were micromanaged.",1,6,7,2,1,3,1,1,2,2,1,1,2,3,1,1,38,"Work in teams to get a job done according to instructions",64,"black","MA","$80,001-$100,000","woman","Full-time","none",5,5,0,0
195,1.5,"I like to imagine that the manager had a change of heart and instead of revoking already established days off, explained to the librarian that she should not be doing work for another manager without consulting her actual manager first. I think the manager should have a talk with the other manager (the one the librarian does not report to) about communicating with her before tasking one of her staff members with an assignment. But more probably, based on the manager's reaction, this didn't happen. Instead, the librarian was pressured to complete the assignment, and the librarian felt like it was time to find a new job.",1,1,7,1,1,1,1,1,1,5,1,1,1,2,1,1,13,"Spearhead a project for a new children's exhibit",58,"white","MA","$100,001-$120,000","woman","Full-time","I'm a librarian, so you could not have chosen a better scenario!",6,5,1,0
196,1.6,"I believe that higher ups came down on her for her own performance and she is taking it out on the employees. She is not as hands on as the employees so I think her own performance is not satisfactory.",1,5,7,1,2,2,2,1,1,2,1,1,3,1,1,1,43,"Be more focused at work",32,"white","2yearColl","$20,001-$40,000","woman","Full-time",NA,2,3,1,0
197,5,"Nothing would happen as a consequence to the manager's behavior in my opinion. Personally I doubt the employee would take the time to make any reports against the manager and even if they did, I doubt anything will happen to them. So 9 times out of 10, the employee would most likely just ignore the situation and try to continue on with their lives.",1,7,6,1,7,4,6,6,3,7,1,4,7,5,1,1,30,"Get more customers to donate to charity",32,"asian","GED","$100,001-$120,000","man","Full-time",NA,6,2,0,1
198,2.9,"I think the employee eventually looked for other work.",1,3,1,1,7,4,2,1,1,6,2,1,2,3,1,1,19,"Make more sales",55,"white","GED","$180,001-$200,000","man","Full-time",NA,10,2,1,1
199,2.1,"I think the employee didn't argue back and made an effort to change what she was doing at work to make it seem like she was doing more, even if she thought she was already doing her job. The employee was probably annoyed but didn't argue back with her manager.",2,3,7,1,3,2,2,1,1,5,2,1,2,2,1,1,43,"Be more focused at work",29,"asian","4yearColl","$60,001-$80,000","man","Full-time",NA,4,4,0,1
200,2.9,"I think the employee was obviously unhappy.   The employee had to do a lot of work, on their own time.   As far as a consequence, I'm not sure if there are any consequences to it, at least not for the manager.   The employee is either going to do the work, or they aren't.   If the employee doesn't do the work, then the manager is going to get someone who will.   And the employee was rightly upset about it.",1,7,7,2,4,3,2,2,2,3,2,2,6,3,1,1,15,"Produce a great deal of documentation and research without additional compensation",51,"white","4yearColl","$60,001-$80,000","man","Full-time",NA,4,4,1,1
201,2.5,"I'm a little torn, my first thought is she was over confident and seems to have put her team off by coming across so strongly and not really allowing the team to express their thoughts.  I'm guessing with the team not behind the manager she failed.   On the other hand, being over confident she might have been able to just push through on her own and succeeded, but I'm leaning more toward failure.",2,2,5,1,3,3,3,2,3,2,1,1,2,5,1,1,37,"Revamp copmany's social social media strategy to increase sales, engagement and brand visibility",54,"white","GED","$60,001-$80,000","woman","Full-time",NA,4,2,1,0
202,3.7,"I think the paralegal filed the paperwork to the court as instructed by the manager. .Although the paralegal knew that the court was incorrect, they followed the manager's orders and proceeded. As a consequence, the paperwork was filed incorrectly.",1,7,7,1,5,3,2,3,4,5,3,3,3,6,1,1,22,"File paperwork that the employee thinks is incorrect",40,"white","4yearColl","$80,001-$100,000","woman","Full-time",NA,5,4,1,0
203,1.4,"I think people were likely intimidated by her in the meeting and have started to withhold creative ideas that may spur greater growth, but at the expense of not being what the manager directly wanted.",2,4,6,1,1,2,2,1,1,1,1,1,2,2,1,1,37,"Revamp copmany's social social media strategy to increase sales, engagement and brand visibility",40,"white","4yearColl","$80,001-$100,000","man","Full-time",NA,5,4,1,1
204,2,"I think the employee felt pressured to go along with whatever the manager was suggesting, regardless of the employee's feelings about it.",2,7,3,1,2,1,1,2,1,6,1,1,2,3,1,1,37,"Revamp copmany's social social media strategy to increase sales, engagement and brand visibility",56,"white","MA","$60,001-$80,000","woman","Part-time",NA,4,5,1,0
205,3.1,"The employee definitely felt that the manager thought of her as someone who was disposable, worthless, and inferior since they ignored the health condition of the employee and was just forcing them to do stuff that they wanted her to do. It is likely that the employee was scared about what would happen to her unborn child if she were to board the plane so the chances of her reporting to HR is plausible.",1,3,7,1,4,2,4,5,2,7,1,1,3,2,1,1,9,"While pregnant, fly cross-country to debut a product",27,"asian","4yearColl","$60,001-$80,000","man","Full-time",NA,4,4,0,1
206,1,"The employee probably decided to fly anyway, risking their health and their fetus’ health because of the manager.",1,7,7,1,1,1,1,1,1,1,1,1,1,1,1,1,9,"While pregnant, fly cross-country to debut a product",47,"white","4yearColl","$40,001-$60,000","woman","Full-time",NA,3,4,1,0
207,2.2,"The manager's behavior had the effect of lowering the employee's morale and possibly affecting their self-esteem. The employee probably felt unappreciated and undervalued.",2,3,7,2,2,4,1,2,1,1,2,1,5,3,1,1,28,"Complete the report like the rest of the team",46,"white","2yearColl","$0-$20,000","man","Part-time",NA,1,3,1,1
208,3.1,"Likely nothing happened.  The paralegals job is to do as instructed by the manager, they already voiced their opinion and were overruled.   This is life, the boss is in charge.",4,4,3,1,6,5,2,1,1,5,3,2,3,3,1,1,22,"File paperwork that the employee thinks is incorrect",46,"white","4yearColl","$100,001-$120,000","man","Full-time",NA,6,4,1,1
209,1.7,"It's possible the employee went to upper management and the manager's behavior was reprimanded. This would probably make the employee feel better. I think the more likely outcome is not much happened and the employee eventually quit.",1,6,7,1,2,1,3,1,2,2,1,1,2,2,1,1,51,"Wash the vehicle every day, even if late",29,"white","4yearColl","$120,001-$140,000","woman","Part-time",NA,7,4,1,0
210,3.2,"Probably nothing in terms if pushishment, bur definitely  alienating good employees gor a really dumb reason.",2,5,6,1,3,3,3,3,3,3,3,3,5,3,1,1,39,"Clean something that the janitor normally cleans",46,"white","4yearColl","$60,001-$80,000","woman","Full-time",NA,4,4,1,0
211,4,"I don't think anything happened to manager as a consequence of their behavior. I think they will continue acting in the manner that they have.",1,1,7,1,7,7,1,2,6,6,1,2,2,6,1,1,28,"Complete the report like the rest of the team",39,"black","4yearColl","$100,001-$120,000","man","Full-time",NA,6,4,0,1
212,1.8,"I would think the manager would be terminated because the request to the employee came from higher up. The employee would be upset because they did nothing wrong.",1,1,7,1,2,2,1,2,2,2,2,1,2,2,1,1,33,"Stop responding to CFO emails directly, bypassing the acting director",52,"asian","4yearColl","$120,001-$140,000","woman","Full-time",NA,7,4,0,0
213,3.6,"The employee likely felt unsupported and possibly intimidated by the manager's behavior. They may have felt their health and well-being were not being prioritized, leading to increased stress and discomfort in the workplace. This could have also strained the trust and relationship between the employee and the manager.",2,5,5,2,6,6,6,3,2,5,2,2,2,2,1,1,9,"While pregnant, fly cross-country to debut a product",28,"white","MA","$80,001-$100,000","woman","Full-time",NA,5,5,1,0
214,2.7,"I think that due to the manager's behavior, the employee felt micro-managed. The employee possibly lacked confidence in their abilities due to this.",2,7,5,1,4,3,2,2,2,5,2,2,2,3,1,1,38,"Work in teams to get a job done according to instructions",48,"black","GED","$80,001-$100,000","man","Part-time","none, thank you",5,2,0,1
215,3,"I think the employee was disciplined and probably written up for not doing their job.",3,3,4,1,3,3,2,5,2,4,2,4,2,3,1,1,30,"Get more customers to donate to charity",32,"white","MA","Over $200,000","woman","Full-time",NA,11,5,1,0
216,3,"I think the manager was disciplined for the actions that they did. The employee was able to get justice from the managers actions",1,4,2,1,3,3,6,5,1,4,1,4,1,2,1,1,13,"Spearhead a project for a new children's exhibit",47,"black","4yearColl","$20,001-$40,000","woman","Full-time",NA,2,4,0,0
217,3.6,"The consequences of the scenario were most likely that the employee would no longer sit in the chair and take breaks for fear of being caught again. The employee seemed like they did not want any more trouble and wanted the reprimand to end as quickly as possible.",1,7,6,3,5,5,5,3,2,6,3,2,3,2,1,1,12,"Stop taking breaks in tenants' apartments",32,"white","4yearColl","$40,001-$60,000","man","Full-time","None",3,4,1,1
218,3.4,"She probably felt more stressed out and hostile at work and eventually quit.",2,4,6,1,4,5,4,2,4,4,4,1,3,3,1,1,19,"Make more sales",33,"white","4yearColl","Over $200,000","man","Full-time",NA,11,4,1,1
219,2.4,"I would hope the manager would have been fired or removed from a position of authority. It is unacceptable to act that way towards an employees in any way.",1,6,7,1,1,6,4,1,2,2,2,1,3,2,1,1,10,"Not take time off for a relative's doctor's appointment",42,"white","MA","$80,001-$100,000","woman","Full-time",NA,5,5,1,0
220,1.5,"I think the employee should note those actions and bring it to his supervisor or escalate the situation with another manager. I think the managers behaviour was extremely inappropriate.",1,2,6,1,1,1,2,1,1,2,3,2,1,1,1,1,51,"Wash the vehicle every day, even if late",33,"white","2yearColl","$40,001-$60,000","man","Full-time",NA,3,3,1,1
221,3.9,"The court rejected the paperwork and it had to be re-filed. I'm sure the employee gloated a little afterwards.",2,6,6,1,6,4,3,5,3,5,3,4,3,3,1,1,22,"File paperwork that the employee thinks is incorrect",50,"white","GED","$100,001-$120,000","man","Full-time",NA,6,2,1,1
222,1.5,"Honestly, nothing probably happened to the manager but I am sure that the employee felt discouraged and unappreciated, leading to them likely finding another job.",1,7,7,1,1,2,1,1,1,5,1,1,1,1,1,1,47,"Work in freezer while having the flu",23,"hispanic","4yearColl","$20,001-$40,000","woman","Full-time",NA,2,4,0,0
223,2.4,"I'm certain that the employees response would be somewhat negative. It sounds as if the manager is not pulling their weight and the employee should be able to talk to human resources without fear of retaliation. If human resources becomes involved they should reprimand the manager.",1,4,1,3,5,4,2,1,1,5,1,1,1,3,1,1,43,"Be more focused at work",45,"black","4yearColl","$60,001-$80,000","woman","Full-time",NA,4,4,0,0
224,2.5,"The employee would have felt distraught at the manager's response. The manager could have been more polite in their response. Replying the way they would have left the employee less motivated.",2,2,1,1,5,3,2,1,2,6,1,2,1,2,1,1,31,"Clean the rooms faster",25,"white","4yearColl","$80,001-$100,000","woman","Full-time",NA,5,4,1,0
225,2.9,"I hope the manager got fired. No one deserves to be talked to that way. And what if rescheduling the doctors appointment caused the mother more problems?",1,7,7,1,5,3,1,1,4,5,1,1,3,5,1,1,10,"Not take time off for a relative's doctor's appointment",42,"white","GED","$0-$20,000","woman","Unemployed",NA,1,2,1,0
226,1.8,"I believe the employee experienced a lot of stress and lack of trust towards their manager. Getting verbally abused all the time because of factors outside of your control creates a toxic workplace environment and I'm sure that employee is already looking for a new job.",1,2,7,2,3,2,2,2,1,1,2,1,2,2,1,1,51,"Wash the vehicle every day, even if late",32,"white","4yearColl","$80,001-$100,000","man","Full-time",NA,5,4,1,1
227,2.7,"I think that nothing happened to the manager as often employees are salaried and even though they are expected to put in a forty-hour work week, contracts stipulate at times they may work longer than this without extra compensation so if this employee was salaried, nothing would have happened. If not salaried, I see the manager being talked to by his superior and a note put in his file but nothing major. I would think the employee would be somewhat disgruntled by the entire situation and how it was handled before, during, and after if he reported it.",1,7,6,1,5,3,1,1,2,4,5,1,1,4,1,1,15,"Produce a great deal of documentation and research without additional compensation",51,"multiracial","GED","$80,001-$100,000","man","Full-time","Excellent project, very well constructed.",5,2,0,1
228,2.1,"The employee explained her aversion to touching strangers. The manager threatened her job. The employee stayed for awhile but eventually quit because the manager made her time at work uncomfortable.",1,1,7,1,3,3,2,2,1,3,2,1,2,2,1,1,21,"Give customers a hand-massage to try out the lotion",36,"white","4yearColl","$140,001-$160,000","woman","Full-time",NA,8,4,1,0
229,1.7,"I think the manager may have wrote the employee up for doing that and will keep an eye out for the employee going forward. I think the employee is nervous and upset that their brake space was found.",2,7,6,5,1,2,1,1,1,3,2,1,2,3,1,1,12,"Stop taking breaks in tenants' apartments",24,"multiracial","GED","$100,001-$120,000","woman","Part-time","none",6,2,0,0
230,1.7,"The employee originally kind of ignored the manager to finish his conversation, and after getting yelled at again he grinned and accused the manager of being on a power trip.",1,1,5,1,2,2,1,1,3,2,1,1,2,2,1,1,39,"Clean something that the janitor normally cleans",36,"white","4yearColl","$60,001-$80,000","woman","Part-time",NA,4,4,1,0
231,1.6,"I feel the employee probably felt disrespected. He probably did a bad job on the project because of it.",1,2,1,1,2,1,1,1,1,5,1,1,1,2,1,1,29,"Help in completing the manager's project",41,"white","GED","$40,001-$60,000","woman","Full-time",NA,3,2,1,0
232,1.9,"I think the employee obeyed the manager and changed their behaviors. They may have went up the chain of command and complained about the verbal abuse part. They probably changed their behaviors while the manager was there, but when the manager was not with them, they did their normal routine.",1,5,6,1,2,2,2,2,1,2,1,2,3,2,1,1,44,"Dress in formal suits (when the norm is business casual) and stay in less expensive rooms in a hotel",40,"asian","4yearColl","$60,001-$80,000","woman","Part-time","Everything was clear and went well",4,4,0,0
233,2.5,"I'm sure the employee was furious. I would hope that some sort of consequence was placed on the manager for putting the employee in an impossible situation.",2,3,6,1,2,2,2,3,2,4,2,2,3,3,1,1,9,"While pregnant, fly cross-country to debut a product",35,"white","MA","$40,001-$60,000","man","Full-time",NA,3,5,1,1
234,4,"I think the employee now dislikes the manager. I believe this relationship will not be as good going forward.",2,5,6,1,5,2,6,4,2,7,2,5,4,3,1,1,37,"Revamp copmany's social social media strategy to increase sales, engagement and brand visibility",30,"hispanic","GED","$80,001-$100,000","man","Full-time","none",5,2,0,1
235,1.2,"The employee likely feels attacked personally and feels cornered with no defense. The manager is being very unfair and not focusing on the whole picture.",1,7,7,1,1,1,1,1,1,1,1,1,1,3,1,1,51,"Wash the vehicle every day, even if late",49,"white","GED","$40,001-$60,000","woman","Full-time","thank you",3,2,1,0
236,2.7,"This sounds illegal to me and I would say it's likely the manager got in trouble. To threaten someone to not speak to HR is not right and the employee likely felt scared and did eventually reach out to HR for support.",1,3,7,1,4,3,2,3,2,5,2,1,2,3,1,1,9,"While pregnant, fly cross-country to debut a product",28,"asian","MA","$80,001-$100,000","woman","Full-time",NA,5,5,0,0
237,1.6,"I do not think that anything would have happened to this manager. He would not be displaying this behavior if he could not get away with it.",1,6,7,1,2,2,1,1,2,2,1,1,2,2,1,1,47,"Work in freezer while having the flu",NA,"white","GED","$60,001-$80,000","woman","Full-time",NA,4,2,1,0
238,3,"I think the employee felt confused and mad knowing they did everything right and still there manager thinks a certain way.",4,5,4,1,6,2,2,6,1,6,4,1,1,1,1,1,30,"Get more customers to donate to charity",25,"hispanic","GED","$0-$20,000","man","Part-time",NA,1,2,0,1
239,1.8,"The manager should have been suspended while his record with the company was reviewed. If they found him to be guilty of the behavior then they would've eventually fired him. This would've left the employee relieved that he didn't have to come to work to face abuse again. It would've also made him feel secure in his job.",1,6,7,1,3,1,1,1,1,6,1,1,2,1,1,1,47,"Work in freezer while having the flu",50,"hispanic","4yearColl","$20,001-$40,000","woman","Full-time","none",2,4,0,0
240,2.4,"The employee might experience feelings of resentment and perceive themselves as being bullied. Despite their efforts to comply with the boss's instructions, they may still harbor feelings of resentment.",1,7,7,1,2,2,2,2,2,2,2,2,6,2,1,1,30,"Get more customers to donate to charity",31,"white","4yearColl","$60,001-$80,000","man","Full-time",NA,4,4,1,1
241,1.2,"I think the employee would have rightfully resented the so-called feedback. It seemed the supervisor had a beef and it turned kind of nasty. I would think the employee kept her head down, did her job, but did not trust her supervisor as much as before.",1,6,7,1,1,1,1,1,1,1,1,1,3,1,1,1,43,"Be more focused at work",71,"white","4yearColl","$20,001-$40,000","woman","Full-time",NA,2,4,1,0
242,3.6,"I don’t believe anything happened. It doesn’t seem like they overstepped however there should be a warning. The managers request clearly would make business more difficult to conduct if the worker’s time is spent on photos. In my retail background I’ve dealt with similar issues on the e commerce side so I understand",3,5,5,1,5,5,2,3,4,5,2,2,3,5,1,1,7,"Use hand-made and uploaded images",NA,"hispanic","GED","$120,001-$140,000","man","Full-time",NA,7,2,0,1
243,1.8,"I'm guessing the employee quit. In every organization there is an employee break room which is the proper place to take a short break.",1,7,7,3,1,3,2,2,1,3,1,1,2,2,1,1,12,"Stop taking breaks in tenants' apartments",68,"white","2yearColl","$20,001-$40,000","man","Part-time",NA,2,3,1,1
244,2.8,"If there's an HR department in this scenario, the manager would have been taken aside and spoken to regarding such requests that were made by them. Physical touch in that manner is not a normal part of the job and can be considered inappropriate if made to do so.",1,1,1,1,3,2,2,3,2,5,3,2,3,3,1,1,21,"Give customers a hand-massage to try out the lotion",49,"white","4yearColl","$60,001-$80,000","man","Full-time",NA,4,4,1,1
245,4.3,"I think the insecurity of the manager is at play here. The manager would cause the paper work to be rejected and eventually, he would have himself alone to lame. The employee cant do anything here since the order of the manager must be carried out.",1,7,7,1,6,3,3,5,5,5,2,5,3,6,1,1,22,"File paperwork that the employee thinks is incorrect",31,"white","MA","$120,001-$140,000","man","Full-time",NA,7,5,1,1
246,3.4,"The employees felt the manager made their job a pain in the ass by keeping a consistent tab on them.",1,7,6,4,6,5,1,1,5,7,1,2,1,5,1,1,38,"Work in teams to get a job done according to instructions",35,"white","4yearColl","$120,001-$140,000","man","Full-time",NA,7,4,1,1
247,1.5,"I think the manager probably took credit for his subordinate's method. The employee probably felt justifiably angry over this.",1,5,7,1,1,2,1,1,1,1,1,1,3,3,1,1,29,"Help in completing the manager's project",59,"white","GED","$80,001-$100,000","woman","Part-time, Homemaker, Other",NA,5,2,1,0
248,3,"I imagine the employee advised the manager that he would not sign off until all the modules were sufficiently tested as required. The employee likely resigned due to the manager's behavior.",2,1,7,2,5,3,3,2,3,3,3,2,3,3,1,1,52,"Sign off on a module that had to be delivered, despite it not being fully complete",49,"white","4yearColl","$20,001-$40,000","man","Part-time",NA,2,4,1,1
250,2.2,"Well I am sure the nurse was upset. Secondly due to her being fatigued I am sure she couldnt do the job at 100% efficiency. So mistakes may have been made by the nurse.",2,7,6,1,3,2,1,1,1,2,1,3,2,6,1,1,42,"Take up a colleague's duty as the employee was signing out",35,"hispanic","GED","$20,001-$40,000","man","Full-time",NA,2,2,0,1
251,2.7,"I believe that the employee will still file the paperwork but it would end up getting rejected by the court due to the incorrect information. The employee would not be surprised about the rejection ion the paperwork but will be angry and frustrated with the manager over the situation.",1,5,6,2,3,3,2,2,2,5,2,2,3,3,1,1,22,"File paperwork that the employee thinks is incorrect",20,"black","GED","$40,001-$60,000","man","Full-time",NA,3,2,0,1
252,1.9,"I don't think anything happened to the manager. I think a lot of people would see his behavior as him doing his job. Even if it's overbearing. I think eventually the employee quite this job.",2,7,7,3,5,1,1,1,1,2,2,1,2,3,1,1,38,"Work in teams to get a job done according to instructions",46,"white","GED","$20,001-$40,000","woman","Part-time",NA,2,2,1,0
253,2.8,"I think the employee should have reported the manager for conduct unbecoming a professional. The employee should have been extremely concerned about this ""over the top"" reaction to something that was of no concern to the manager since the employee was emailed directly and responded accordingly. Someone who has this kind of reaction and is violently throwing things is a danger to everyone in that workplace",1,1,7,1,4,2,2,2,4,4,2,2,2,4,1,1,33,"Stop responding to CFO emails directly, bypassing the acting director",55,NA,"2yearColl","$80,001-$100,000","woman","Temporarily laid off","I have none",5,3,NA,0
254,3.3,"I believe that the employee did go through an md get the accreditation project. Though she did do that, I believe that the employee did let his/her feelings be heard. There is also a possibility of the employee reaching out to the manager’s supervisor and also describe how they felt. I hope the supervisor was able to compensate or do something for the employee.",1,4,7,1,5,1,2,4,3,5,2,5,3,3,1,1,15,"Produce a great deal of documentation and research without additional compensation",37,"hispanic","4yearColl","$80,001-$100,000","man","Full-time",NA,5,4,0,1
255,3.2,"The employee thought less of the manager.  He felt he was on a power trip and therefore is saying he is a control freak who needs to exert his authority over others.",2,3,6,1,5,3,4,3,2,5,2,2,4,2,1,1,39,"Clean something that the janitor normally cleans",45,"asian","4yearColl","$20,001-$40,000","man","Full-time",NA,2,4,0,1
256,1.8,"The employer most likely felt stressed, overworked, and unmotivated to comply with the manager because of his attitude.",1,3,7,1,2,2,2,1,2,2,1,2,2,2,1,1,15,"Produce a great deal of documentation and research without additional compensation",59,"black","2yearColl","$20,001-$40,000","woman","Full-time",NA,2,3,0,0
257,3.1,"The employee told the manager they had been asking and people were declining to donate, then asked what they might be able to do to be more persuasive and solicit more donations. 
The employee was annoyed but kept their tact and emotional control and used the situation to solicit information from the manager concerning their expectations.  The employee kept in mind this situation and probably starting looking for a new job on the side.",2,5,1,1,4,2,2,4,2,4,2,2,4,5,1,1,30,"Get more customers to donate to charity",51,"white","4yearColl","$100,001-$120,000","woman","Part-time",NA,6,4,1,0
258,3.7,"The employee reluctantly did what the manager asked in giving customers hand massages with lotion, did not like what she had to do but listened to the manager.",2,5,5,1,7,4,2,3,3,5,3,5,3,2,1,1,21,"Give customers a hand-massage to try out the lotion",50,"white","4yearColl","$80,001-$100,000","man","Full-time",NA,5,4,1,1
259,4.2,"I think that the employee would be furious from the remarks that the manager made and would want to know exactly what the exact issues are that the manager is describing to see if they're accurate issues. I don't think any consequences were made at that time.",2,5,5,3,6,7,1,2,6,7,3,1,3,6,1,1,43,"Be more focused at work",26,"white","GED","$20,001-$40,000","man","Full-time","Thank you for the survey.",2,2,1,1
260,4,"The participant appears to be unfairly burdened and pressured by their manager for a task that is affected by external circumstances. Such an ordeal seems highly stressful and irrational.",3,2,2,1,5,3,4,2,6,6,3,6,2,3,1,1,51,"Wash the vehicle every day, even if late",37,"black","4yearColl","$40,001-$60,000","woman","Full-time","it was good",3,4,0,0
261,3.6,"Many things can happen due to the manager's lack of empathy. it could lead to workplace hazards working while tired is dangerous.",2,6,5,2,6,6,2,5,2,6,2,3,2,2,1,1,42,"Take up a colleague's duty as the employee was signing out",29,"white","MA","$100,001-$120,000","woman","Full-time",NA,6,5,1,0
262,3,"I would imagine all non-senior level employees filed some sort of complaint or at least asked to be compensated for trying to find a different hotel.",2,4,5,1,5,4,3,5,1,5,1,1,3,2,1,1,44,"Dress in formal suits (when the norm is business casual) and stay in less expensive rooms in a hotel",26,"white","GED","$40,001-$60,000","man","Part-time",NA,3,2,1,1
263,2.4,"I think that the employee was probably scared of getting written up or even fired because they decided to take a break for a quick moment. I think that there was no consequence for the manager behavior when seeing the employee sitting down in the bathroom taking a break.",1,7,7,4,2,2,1,1,7,6,1,1,1,2,1,1,12,"Stop taking breaks in tenants' apartments",39,"black","4yearColl","$120,001-$140,000","woman","Full-time",NA,7,4,0,0
264,4.9,"The employee would become less motivated to work or stay at the job over time. They would probably start looking for a different job as soon as they could.",1,6,7,1,5,6,4,4,5,6,5,5,3,6,1,1,47,"Work in freezer while having the flu",37,"white","GED","$80,001-$100,000","man","Full-time","n/a",5,2,1,1
265,2.5,"I think the employee will be less likely to be actively trying to do his/her job better in the future because they were treated with disrespect by the manager. The employee was clearly upset by the behavior, especially considering they were trying to be more efficient at work.",1,7,7,1,2,3,2,2,3,3,2,2,3,3,1,1,28,"Complete the report like the rest of the team",39,"asian","4yearColl","$100,001-$120,000","man","Full-time",NA,6,4,0,1
266,4,"If the manager doesn't go too far micromanagement, then the person is good person to improve work situation.",4,7,4,3,6,2,5,5,2,6,2,6,2,4,1,1,43,"Be more focused at work",47,"asian","4yearColl","$100,001-$120,000","woman","Full-time",NA,6,4,0,0
268,1.9,"The employee must have felt very annoyed and overwhelmed by the managers actions. They most likely couldn't do their jobs to the best of their ability. I imagine that nothing would end up being done about the managers behavior.",1,7,7,2,5,2,1,2,1,1,2,1,1,3,1,1,38,"Work in teams to get a job done according to instructions",25,"white","GED","$20,001-$40,000","woman","Full-time",NA,2,2,1,0
269,3.6,"I don't think anything happened to the manager the employee may have picked up the pace depending on capabilities, mindset and needs. The manager likely has a quota to meet and doesn't care about the people working for them enough to consider individual capabilities",3,4,6,2,6,4,1,6,3,6,1,2,3,4,1,1,31,"Clean the rooms faster",41,"black","GED","$20,001-$40,000","woman","Part-time","none",2,2,0,0
270,3.5,"I think that this makes his job harder. I think it was not good manager wise for that.",3,3,2,1,6,3,2,4,1,5,3,6,1,4,1,1,22,"File paperwork that the employee thinks is incorrect",44,"white","GED","$20,001-$40,000","woman","Full-time",NA,2,2,1,0
271,2.9,"The worker probably felt more sick.They would have felt really bad about the manager's behavior to them because being exposed to the freezer can increase the symptoms of the flu.if it was possible to report the manager, the employee would probably take it.",1,7,7,1,3,2,3,4,3,6,2,2,2,2,1,1,47,"Work in freezer while having the flu",25,"black","MA","$160,001-$180,000","woman","Full-time",NA,9,5,0,0
272,3.1,"I think that the employee would not be incentivized to work harder as a result of the manager's threat. Instead I think that the employee would feel less motivated to come in, and even seek employment elsewhere as a result of the manager's behavior.",1,1,7,1,3,4,2,5,1,5,3,1,5,2,1,1,19,"Make more sales",27,"black","4yearColl","$60,001-$80,000","woman","Full-time",NA,4,4,0,0
273,2.5,"As a consequence of the manager's behavior, the employee may feel unappreciated and demoralized. He/she might also feel a sense of injustice and frustration at the manager's lack of understanding and support. In reaction to this, the employee may experience increased resentment towards the manager and reduced desire to work.",1,7,7,1,5,2,1,1,1,5,1,2,2,5,1,1,13,"Spearhead a project for a new children's exhibit",29,"white","MA","$100,001-$120,000","man","Part-time",NA,6,5,1,1
274,1.8,"The employee was confused and didn't know what to do.

Consequence? The file was rejected by the court.",1,2,7,1,1,2,2,1,1,5,1,1,1,3,1,1,22,"File paperwork that the employee thinks is incorrect",24,"white","MA","$80,001-$100,000","woman","Full-time",NA,5,5,1,0
275,3.2,"The director came to a meeting to review how his employees conducted customer meetings. During it, he made sweeping changes to both how employees dressed and what accomodations they were allowed to have. I imagine worker morale dropped given these changes that may or may not have been necessary, and seemed to be not relevant to the quality of the actual meeting with the customer. I would probably quit.",1,2,7,1,5,2,6,5,1,6,1,1,4,1,1,1,44,"Dress in formal suits (when the norm is business casual) and stay in less expensive rooms in a hotel",32,"asian","MA","$60,001-$80,000","woman","Full-time",NA,4,5,0,0
276,4.1,"I think that their work relationship deteriorated because of this interaction. It wouldn't surprise me if the employee decided to look for a new job elsewhere.",1,3,7,1,5,3,3,5,4,7,2,4,3,5,1,1,7,"Use hand-made and uploaded images",45,"multiracial","GED","$140,001-$160,000","woman","Full-time",NA,8,2,0,0
278,3.7,"The employee likely lodged a complaint with someone within the library concerning the managers shady behavior.",1,1,7,1,6,3,2,4,3,6,2,1,5,5,1,1,13,"Spearhead a project for a new children's exhibit",34,"white","GED","$40,001-$60,000","man","Full-time",NA,3,2,1,1
279,3.7,"I am definitely going to be pissed but at the end of the day i still need to do my job.",3,5,5,1,6,2,6,6,2,6,2,4,1,2,1,1,22,"File paperwork that the employee thinks is incorrect",27,"black","MA","$140,001-$160,000","man","Full-time",NA,8,5,0,1
280,1.7,"The employee will be sad and may be discorage due to the manager's behavior but may not have much choice than to adjust since he/she was in need of the job.",3,5,6,1,1,1,1,1,1,2,1,6,1,2,1,1,31,"Clean the rooms faster",38,"black","4yearColl","$120,001-$140,000","woman","Full-time",NA,7,4,0,0
281,2,"The manager's behavior likely caused frustration and resentment among the employees, especially the one yelled at. The employee might have felt disrespected and undervalued, leading to decreased morale and motivated. They may have also lost respect for the manager's leadership style and authority. In response, the employee may have become more passive-aggressive or less engaged in their duties, undermining team cohesion and productivity",2,6,4,1,3,2,2,2,2,4,1,2,1,1,1,1,39,"Clean something that the janitor normally cleans",25,"white","4yearColl","$60,001-$80,000","man","Full-time",NA,4,4,1,1
282,4,"manager behavior is not good. because he knows that if the paper work is submitted the work will get rejection. Even though he knows about it, still he asked his employee to file the paperwork. it is not at all good",5,4,5,3,4,3,5,5,3,5,4,6,2,3,1,1,22,"File paperwork that the employee thinks is incorrect",29,"white","4yearColl","$100,001-$120,000","woman","Full-time","good",6,4,1,0
283,2.2,"Nothing happened since the employee would likely get in trouble reporting the incident. The manager had probable cause to tell the employee a different than assigned task but did not have the right to yell at him. I think the employees reaction was justified ignoring the aggressive behavior but because he should have talked to the manager about the yelling so he'd know that's not an acceptable thing to do in a workplace",2,4,5,1,3,3,2,1,1,5,2,1,2,2,1,1,39,"Clean something that the janitor normally cleans",30,"white","4yearColl","$60,001-$80,000","man","Full-time",NA,4,4,1,1
284,4.1,"I think that the employees were very upset at the manager for the rest of the day.",2,7,5,2,7,4,1,7,2,6,4,1,5,4,1,1,38,"Work in teams to get a job done according to instructions",27,"white","GED","$20,001-$40,000","man","Full-time",NA,2,2,1,1
285,2.5,"the employee seemed to be scared/upset by the managers behavior so the employee wanted to just get away from the manager and avoid the situation as much as possible",2,7,6,1,1,4,1,1,4,4,3,1,3,3,1,1,12,"Stop taking breaks in tenants' apartments",25,"white","4yearColl","$140,001-$160,000","woman","Full-time",NA,8,4,1,0
286,4,"I think the manager ended up getting fired especially for saying not to mention HR. I bet the employee was happy after it was done because that sounds like a bad manager.",1,1,7,1,4,5,3,5,3,5,4,3,3,5,1,1,9,"While pregnant, fly cross-country to debut a product",37,"white","GED","$20,001-$40,000","man","Part-time",NA,2,2,1,1
287,1.7,"I think that the employee would be very disgruntled and may have quit or started looking for a new job due to the pressure they were under",1,3,7,1,2,2,1,1,1,3,2,1,2,2,1,1,31,"Clean the rooms faster",58,"white","4yearColl","Over $200,000","man","Full-time",NA,11,4,1,1
288,1.4,"I think the employees disagreed with him on his position openly and they exchanged their opinions with each other. I imagine they may have gotten angry in their back-and-forth disagreements. The manager probably didn't budge and insisted on his positions and that the employees agree and change their actions/behavior. In the end, I imagine that the employees capitulated to the manager because he is senior and over them in position. With reluctance, they probably changed their attire and switched rooms at the hotel.",1,7,7,1,2,2,1,1,1,2,1,1,1,2,1,1,44,"Dress in formal suits (when the norm is business casual) and stay in less expensive rooms in a hotel",40,"white","GED","$20,001-$40,000","man","Full-time",NA,2,2,1,1
289,2.6,"The employee likely left with a poor perception of their manager. It appeared, at least from the information given, that the manager addressed problems without offering solutions. This is not constructive in a workplace.",1,5,6,1,5,2,2,1,1,7,1,1,3,3,1,1,43,"Be more focused at work",32,"white","4yearColl","$40,001-$60,000","man","Full-time, Student",NA,3,4,1,1
290,2.4,"I think it could be hazardous to the hospital, the patient and the nurse herself as fatigue is no joking matter and can lead to accidents",2,5,6,1,5,1,1,1,5,5,1,1,1,3,1,1,42,"Take up a colleague's duty as the employee was signing out",30,"white","MA","$100,001-$120,000","man","Full-time",NA,6,5,1,1
291,4.3,"I feel that there were no consequences to the managers behavior.  I feel the emplyee's reaction to the manager and to the incident of dealing with an abusive disabled mom has her sad and depressed.",1,1,6,1,6,4,4,6,3,6,3,4,3,4,1,1,10,"Not take time off for a relative's doctor's appointment",43,"multiracial","MA","$0-$20,000","man","Part-time",NA,1,5,0,1
292,2.7,"The employee might have tried to quit and is now looking for another job. They didn't seem very happy.",2,5,6,1,4,2,2,3,2,4,2,2,3,3,1,1,15,"Produce a great deal of documentation and research without additional compensation",60,"white","GED","$60,001-$80,000","woman","Full-time",NA,4,2,1,0
293,2.2,"I believe the employee was scared and felt unsafe around the director after that and during the altercation.  I would think the CFO would have had the director have a chat with HR about leading in a respectful workplace environment.  If that didn't work or another issue arose he/she would be fired.",1,1,7,1,3,3,2,2,2,2,2,2,2,2,1,1,33,"Stop responding to CFO emails directly, bypassing the acting director",52,"white","4yearColl","$180,001-$200,000","man","Full-time",NA,10,4,1,1
294,2.8,"I don’t feel like any real consequences happened towards the manager. I think that the manager is way too comfortable and used to berating, yelling, and degrading their employees. I think the employee who was berated may have suffered negative consequences since the vehicle wasn’t cleaned.",1,3,7,1,4,5,1,1,1,5,1,4,2,4,1,1,51,"Wash the vehicle every day, even if late",34,"black","4yearColl","$80,001-$100,000","woman","Full-time",NA,5,4,0,0
295,1.8,"I think the threat had the opposite affect that the manager wanted. The employee will now not take their work as seriously since that are not respected at work.",1,2,7,1,1,1,3,1,1,4,1,4,1,1,1,1,19,"Make more sales",33,"white","GED","$20,001-$40,000","man","Full-time",NA,2,2,1,1
296,3,"I think that the manager was out of line. They could simply ask the employee if they were asking for donations rather than accusing them. Also, it's a donation, it's not a requirement, and should not be a competition. I don't think the employee had any consequences but I'd hope the manager had consequences. Maybe someone hire up came and fired the manager for bad business practice and the employee was happy.",1,6,5,1,3,3,2,2,2,6,2,5,2,3,1,1,30,"Get more customers to donate to charity",31,"white","4yearColl","$140,001-$160,000","woman","Full-time",NA,8,4,1,0
297,2.6,"For her to appear that way employees would not respect her or the changes she made. To get things done correctly she should have appeared open and understanding/",1,2,5,1,2,6,1,1,3,3,3,2,2,3,1,1,37,"Revamp copmany's social social media strategy to increase sales, engagement and brand visibility",49,"white","4yearColl","Over $200,000","man","Full-time","none",11,4,1,1
298,3.2,"I would expect the manager to be reprimanded.   That's gross.   Not only would I not want a hand massage from a random employee, I would probably turn and immediately leave.",1,1,7,1,6,5,1,2,3,5,2,3,2,3,1,1,21,"Give customers a hand-massage to try out the lotion",59,"white","4yearColl","$100,001-$120,000","man","Full-time",NA,6,4,1,1
299,1.3,"Conversation with his manager about how they are dealing with their direct reports. The way they are conveying their message is not great. The employee feels as if they are being undermined.",2,5,5,1,1,1,1,1,1,4,1,1,1,1,1,1,29,"Help in completing the manager's project",33,"white","GED","$80,001-$100,000","man","Full-time",NA,5,2,1,1
300,2.7,"If the employee was desperate or had low self esteem, they probably at least attempted to work faster. If they were desperate they likely will have some contempt for the manager going forward and will hopefully find a job where they can be appreciated and not treated like a dog.",1,3,7,1,5,1,2,2,4,2,2,2,2,5,1,1,31,"Clean the rooms faster",49,"white","2yearColl","$20,001-$40,000",NA,"Full-time","I realize being agreeable does not help you get far in life but who wants to be an asshole? Evidently plenty of people.",2,3,1,NA
