"PID","cond","reflection","choicedom","message_choice","pref_cont","CWV","pred_choice","pred_comp","pred_att","keep_1","keep_2","keep_3","keep_4","keep_5","keep_6","keep_7","keep_8","keep_9","keep_10","CWV_1","CWV_2R","CWV_3","CWV_4","CWV_5R","CWV_6","CWV_7R","CWV_8","CWV_9R","CWV_10R","att_1","att_2","is_elg","age","race","edu","income","gender","employment","feedback"
1,"pos","It starts out positive, which is good. It is strongly worded, so that the person knows that it is up to them to do the job well and to get the bonus. ",1,"dom",4,3.7,"do",25,4,9,21,25,42,37,27,25,15,20,19,3,3,4,4,3,4,3,6,3,4,1,1,1,45,"white","GED","$40,001-$60,000","woman","Full-time",""
2,"pos","I think this message is encouraging and also acknowledging that the employee is capable of doing the task and knowing what is ahead.",1,"dom",5,2.1,"do",40,6,0,5,10,15,30,40,51,65,80,100,4,3,1,2,1,2,2,1,3,2,1,1,1,27,"white","4yearColl","$120,001-$140,000","man","Full-time",""
3,"pos","I believe in a positive management style, as that is what I respond to better and what I have witnessed most other people responding better to.",0,"nondom",3,2.7,"do",40,5,69,71,74,78,81,85,88,92,95,100,3,6,4,3,1,2,2,1,2,3,1,1,1,36,"white","MA","$80,001-$100,000","man","Full-time",""
4,"pos","They might be motivated at the possibility of earning a bonus for their work. They also might find tougher words motivating.",1,"dom",4,3.4,"do",35,5,0,5,10,15,20,25,36,50,70,80,5,6,1,3,5,3,2,1,3,5,1,1,1,28,"multiracial","4yearColl","$160,001-$180,000","man","Full-time",""
5,"neg","The employee could feel negative pressure. The relationship between manager and employee could be fractured. If my boss sent this to me, I would begin looking for a new job.",0,"nondom",1,2.1,"do",50,3,0,0,0,0,25,80,85,90,95,100,3,2,1,2,3,2,2,2,2,2,1,1,1,36,"white","MA","$140,001-$160,000","man","Full-time",""
6,"pos","No one wants someone to speak demeaningly to them. Honey attracts, vinegar offends. It's motivating to be spoken to with positivity.",0,"nondom",1,1.7,"do",50,6,100,100,100,100,100,100,100,100,100,100,1,2,1,1,2,1,2,1,2,4,1,1,1,62,"white","2yearColl","$20,001-$40,000","woman","Part-time","Have a blessed day!"
7,"neg","I feel like the message is a tad harsh to be honest. It’s a little aggressive and just not that nice.",0,"nondom",1,3,"skip",27,1,11,22,42,57,66,76,80,85,82,98,4,2,3,3,1,5,2,2,2,6,1,1,1,24,"white","4yearColl","$60,001-$80,000","woman","Full-time",""
8,"neg","I think they would feel as if their manager isn't encouraging them to earn the bonus.  I think they would feel their manager doesn't believe in their ability to get the bonus.",0,"nondom",1,2.8,"skip",29,2,100,100,100,100,100,100,100,100,100,100,5,3,1,2,2,5,1,3,3,3,1,1,1,45,"white","GED","$100,001-$120,000","woman","Full-time",""
9,"pos","They might think the manager has confidence they can do the job well and that is why they were chosen for the task. ",0,"nondom",1,1.6,"skip",25,1,10,20,30,40,100,100,100,100,100,100,1,2,1,1,1,1,1,1,4,3,1,1,1,44,"white","4yearColl","$100,001-$120,000","man","Full-time",""
10,"pos","The employee might think that they respect their manager and appreciate the effort they do to running the department, so they will do their best to ensure work is done correctly. ",0,"nondom",1,2.5,"do",47,3,10,15,20,40,50,75,75,75,100,100,2,3,3,1,2,2,3,2,4,3,1,1,1,33,"white","PHD","$60,001-$80,000","man","Full-time",""
11,"neg","The message provided has a very condescending tone, it devalues the employee's worth to just their bonus.",0,"nondom",2,2.6,"do",35,5,15,20,20,30,40,50,65,70,85,100,3,2,2,3,2,2,3,2,5,2,1,1,1,28,"hispanic","MA","$100,001-$120,000","man","Full-time",""
12,"neg","They might feel that they are being pressured and would not want to do their best",0,"nondom",2,3.5,"skip",30,5,8,14,20,24,30,34,40,47,53,53,3,4,2,3,4,3,5,2,5,4,1,1,1,42,"white","4yearColl","$100,001-$120,000","woman","Full-time",""
13,"pos","The employee would feel motivated to achieve the bonus and feel like they have some ownership over their ability to earn more money.",1,"dom",5,1.5,"do",50,6,60,70,80,90,100,100,100,100,100,100,2,1,1,2,1,1,1,1,3,2,1,1,1,NA,"white","4yearColl","$140,001-$160,000","woman","Full-time",""
14,"pos","The employee might positively see the upcoming bonus as incentive for doing a good and thorough job. They could consider teamwork and that if they look out for their boss, their boss will also look out for them.",1,"dom",4,1.1,"do",45,7,25,25,50,50,50,50,75,75,75,100,2,1,1,1,1,1,1,1,1,1,1,1,1,34,"multiracial","GED","$60,001-$80,000","woman","Full-time",""
15,"neg","They might feel pressured and resentful, they could take the message as a threat rather than encouragement. This could make them feel demotivated and viewing the manager as overly demanding. They might feel as if they're focused only on their own bonus, potentially damaging the trust and relationship between them.",0,"nondom",1,1.4,"do",25,2,0,10,20,30,40,50,65,80,90,100,2,1,1,1,1,2,1,1,2,2,1,1,1,39,NA,"GED","$100,001-$120,000","man","Full-time",""
16,"neg","They could view this message as negative because it seems more like a demand. ",0,"nondom",2,4.5,"do",26,5,5,10,16,20,25,30,35,40,45,50,5,6,4,4,2,5,4,4,5,6,1,1,1,37,NA,NA,NA,"woman","Full-time",""
17,"pos","This message would impact the employee negatively because it’s a very aggressive message. It comes off as a threat as in “do well or you don’t get paid”. I think a better approach is to encourage them rather than threaten. ",0,"nondom",1,3.6,"do",44,5,5,15,30,36,43,55,62,71,81,100,4,3,3,3,5,5,3,1,4,5,1,1,1,NA,"white","2yearColl","$40,001-$60,000","woman","Full-time",""
18,"pos","I would think that the positive aspect is telling them that they should do their best. That's encouraging. ",0,"nondom",1,3.4,"do",44,6,10,20,30,40,50,60,70,80,90,100,6,5,1,5,3,7,2,1,2,2,1,1,1,42,"white","GED","$40,001-$60,000","man","Full-time",""
19,"neg","The employee may see this as unfriendly and an ultimatum.  Rather than focusing on success this seems more like a threat. ",0,"nondom",2,3.1,"do",45,6,0,0,13,20,25,32,53,67,84,100,4,6,2,2,1,3,2,3,4,4,1,1,1,43,"white","4yearColl","$80,001-$100,000","man","Full-time",""
20,"pos","They feel positive about being encouraged to do their best and the possibility of a bonus.",1,"dom",5,2.4,"do",50,6,10,20,28,35,43,52,62,73,84,100,2,2,1,3,2,1,2,2,6,3,1,1,1,45,"multiracial","4yearColl","$40,001-$60,000","man","Full-time",""
21,"pos","The employee would have a positive reaction to knowing the manager has confidence in them, and that they have the potential to earn a bonus.",0,"nondom",2,2.7,"do",25,3,0,0,0,50,50,100,100,100,100,100,5,3,2,2,3,5,2,1,1,3,1,1,1,36,"white","GED","$60,001-$80,000","man","Part-time",""
22,"neg","It's using negative reinforcement - this is the punishment for not doing it well.",0,"nondom",1,2.1,"skip",40,3,10,20,30,40,50,60,70,80,90,100,3,4,2,1,2,2,1,2,2,2,1,1,1,27,NA,"2yearColl","$120,001-$140,000","man","Full-time",""
23,"neg","This message emphasizes what is at stake to be lost and can be felt like a threat.",0,"nondom",1,2.2,"do",30,2,100,100,100,100,100,100,100,100,100,100,4,1,2,1,2,2,2,1,3,4,1,1,1,30,"white","PHD","$40,001-$60,000","woman","Full-time",""
24,"neg","They might have a negative opinion about their manager taking away a bonus from them and that they are being controlled and punished.",1,"dom",4,3.1,"do",40,3,10,20,30,40,50,60,70,80,90,100,3,3,4,3,3,4,4,2,2,3,1,1,1,28,"white","4yearColl","$120,001-$140,000","man","Full-time",""
25,"neg","They might think that the manager is kind of rude and not very cordial. Although the manager is just telling the truth, it could have come across a bit friendlier.",1,"dom",5,3.9,"do",35,3,0,0,10,25,25,25,40,40,50,75,6,5,3,5,3,6,2,2,2,5,1,1,1,25,"white","4yearColl","$140,001-$160,000","man","Full-time",""
26,"neg","negative thoughts focus on not getting the full bonus, and focus on not performing well.",0,"nondom",2,2.1,"skip",30,5,13,22,33,45,56,69,80,87,96,100,5,2,3,1,1,3,1,2,2,1,1,1,1,44,"white","GED","$20,001-$40,000","woman","Part-time",""
27,"pos","They think the manager is the best at makeing sure their job goes easy and efficient.",0,"nondom",1,1.9,"do",50,7,100,100,100,100,100,100,100,100,100,100,1,3,1,1,1,6,1,1,1,3,1,1,1,40,"black","4yearColl","$120,001-$140,000","woman","Full-time",""
28,"pos","I think it seems to be slightly motivating.  I think this may get the person to give it their all.",1,"dom",4,2.1,"do",35,4,8,13,31,49,63,73,79,84,89,100,1,2,1,2,2,2,3,2,3,3,1,1,1,36,"white","MA","$120,001-$140,000","man","Full-time","I thought it was a great study!"
29,"pos","We start by affirming the employee knows the task at hand suggesting there is confidence in their ability to perform the task successfully. ",1,"dom",4,3.2,"do",50,5,100,100,100,90,90,80,80,80,80,80,5,3,3,2,3,3,3,3,3,4,1,1,1,45,"asian","4yearColl","$80,001-$100,000","man","Full-time",""
30,"pos","the employee might feel negative because this message is almost degrading like knowing what to do and they might not know what to do with this description its mainly focused on getting the bonus",0,"nondom",1,2.9,"do",39,7,20,29,32,21,21,12,12,9,11,14,5,2,2,2,2,4,2,2,2,6,1,1,1,30,"white","4yearColl","$60,001-$80,000","woman","Full-time",""
31,"pos","They will know they will be rewarded for their hard work. I think with this incentive they will do really well in the task.",1,"dom",6,2,"do",45,6,10,20,30,40,50,60,70,80,90,100,2,2,2,2,2,2,2,2,2,2,1,1,1,52,"white","2yearColl","$60,001-$80,000","man","Full-time",""
32,"neg","The message appears single minded. It lacks compassion and motivation. The message appears like the manager wants the employee to perform well for the manager's montary gains. This may decrease moral. ",0,"nondom",1,2.9,"do",36,6,20,31,42,52,64,72,77,85,93,97,3,3,3,3,3,2,3,4,2,3,1,1,1,38,"asian","4yearColl","$140,001-$160,000","woman","Full-time",""
33,"neg","It is a little threatening by noting what will happen if they don't do well.  It also is a little vague in terms of what doing well is. ",0,"nondom",3,2.1,"do",40,5,0,0,0,0,25,50,60,70,80,100,2,2,1,3,2,2,2,2,3,2,1,1,1,31,"white","4yearColl","Over $200,000","woman","Full-time",""
34,"neg","It might create negative feelings because it seems a bit curt and not very encouraging.",0,"nondom",2,2.8,"do",34,3,10,11,11,21,29,31,35,51,78,100,3,3,2,2,2,5,3,2,3,3,1,1,1,35,"white","MA","$100,001-$120,000","woman","Full-time",""
35,"neg","It doesn't really create an incentive or give encouragement. It seems more threatening.",0,"nondom",1,2.5,"skip",26,2,10,20,30,40,50,60,70,80,90,100,4,2,3,2,2,5,1,1,2,3,1,1,1,40,"hispanic","MA","$40,001-$60,000","man","Full-time",""
36,"neg","They didn't fully motivate the employee in order to do their best.",0,"nondom",2,4,"do",35,6,9,17,20,36,54,62,74,77,64,56,6,2,6,6,2,6,2,6,2,2,0,1,0,30,"white","4yearColl","$60,001-$80,000","man","Full-time",""
37,"pos","The employee may see this as a welcome challenge. Hopefully they would be incentivized to work toward getting the full bonus and doing their best!",1,"dom",4,3.1,"do",44,5,20,28,39,47,56,64,73,82,89,100,3,4,2,2,2,4,3,1,4,6,1,1,1,33,"multiracial","MA","$20,001-$40,000","woman","Full-time",""
38,"neg","The message shows pressure on the employee to do well or have a negative repercussion of not receiving the bonus. The employee doesn't want to be reminded of the negative consequences. A manager should give positive encouragement.",0,"nondom",1,1.1,"skip",40,1,10,20,30,40,50,60,70,80,90,100,1,1,1,1,1,1,1,1,2,1,1,1,1,46,"white","4yearColl","$60,001-$80,000","man","Unemployed",""
39,"neg","The tone of the message may come across as threatening, which means the employee will feel pressured and it sets a potentially negative mindset for the task at hand. This negative mindset may also manifest into negative feelings about the manager, creating a negative relationship, albeit unintentionally.",1,"dom",4,2.7,"do",30,3,5,10,15,20,25,30,35,40,50,100,5,3,3,2,2,4,2,2,2,2,1,1,1,44,"hispanic","4yearColl","$40,001-$60,000","man","Full-time",""
40,"pos","The employee might feel a bit more motivated knowing that there is a potential bonus involved. They might also feel that their manager sees value in them for assigning them this task in the first place.",0,"nondom",3,4.1,"do",50,5,10,15,15,30,30,30,40,60,70,80,5,3,5,4,2,5,4,3,4,6,1,1,1,41,"white","2yearColl","$20,001-$40,000","man","Full-time",""
41,"neg","The message can sound a little threatening because the bonus will be withheld if they dont do good ",0,"nondom",3,3.9,"do",40,3,30,49,60,70,70,80,90,100,100,100,5,5,3,3,2,5,5,2,6,3,1,1,1,32,"white","4yearColl","$40,001-$60,000","woman","Full-time",""
42,"pos","The message conveys a sense of trust in the employee - ""time to get in there and do your absolute best"" would make the employee feel as if the manager specifically selected them for this task based on their skillset. ",0,"nondom",3,3.4,"do",40,5,0,0,0,10,25,50,75,90,100,100,3,4,2,5,3,4,4,2,5,2,1,1,1,30,"white","4yearColl","$140,001-$160,000","man","Full-time","Was the ""favorite color"" question an attention check? I honestly don't remember any instructions that would have been related to it... "
43,"neg","The employee would have a negative attitude because the statement mentions how compensation is tied to performance. Instead of leaving that out, if the employee does not receive the full bonus they know that the manager is unsatisfied with their job performance.",0,"nondom",1,2.5,"do",45,2,10,20,30,40,50,60,70,80,90,100,5,5,1,1,2,5,1,1,1,3,1,1,1,19,"white","GED","Over $200,000","man","Full-time",""
44,"pos","While the message may seem curt, in truth, the manager is not being critical or mean. By presenting the scenario honestly, they are providing me with the knowledge I need to win, and expressing our shared motivations for the company to succeed.",1,"dom",5,1.3,"do",40,5,5,10,10,15,20,20,25,45,75,100,1,1,1,1,1,1,1,1,2,3,1,1,1,39,"white","MA","$40,001-$60,000","man","Full-time",""
45,"pos","The above message hints that you (the boss) are the one who can withhold a bonus for completing the task correctly",0,"nondom",3,1.8,"do",40,5,10,20,25,36,49,60,70,76,87,100,1,2,1,1,1,4,2,1,2,3,1,1,1,30,"white","4yearColl","$20,001-$40,000","woman","Full-time",""
46,"neg","I feel as though my manager uses fear or threats to encourage me to do my job. I’d prefer if they would have a friendlier relationship with me.",0,"nondom",1,2.9,"skip",28,2,0,0,0,0,0,0,0,22,67,100,4,2,3,3,2,3,3,2,4,3,1,1,1,27,"white","PHD","Over $200,000","woman","Full-time",""
47,"neg","They could take offense to some of the wording such as now i now the task at hand but i could be a little discouraged if i don't know many of the shapes. ",0,"nondom",1,2.1,"do",39,5,6,18,19,24,30,36,42,59,73,93,1,3,1,2,1,4,1,4,1,3,1,1,1,30,"white","GED","$0-$20,000","woman","Full-time",""
48,"pos","I think positively the employee would think it's nice that the manager is so encouraging. ",0,"nondom",1,2.9,"skip",15,1,100,100,100,100,100,100,100,100,100,100,3,2,2,2,2,5,3,2,3,5,1,1,1,29,"asian","4yearColl","$60,001-$80,000","woman","Full-time",""
49,"neg","This is not an encouraging message and could easily turn off a lot of employees. It also does not explain the task - it just says by now you know the task. I like how there was a summary in the other message.",0,"nondom",1,2.5,"do",10,2,5,10,20,25,40,45,50,65,85,100,2,4,2,1,2,4,2,1,2,5,1,1,1,35,"white","4yearColl","Over $200,000","woman","Full-time",""
50,"pos","The message above will likely not give a positive reaction from the employee. The message is a bit demanding, and threatens rather than directs. ",1,"dom",5,2.9,"do",31,3,20,35,50,100,100,100,100,100,100,100,6,3,2,2,2,4,2,3,3,2,1,1,1,23,"asian","4yearColl","$40,001-$60,000","man","Part-time",""
51,"neg","People have different strengths and weaknesses. Not everyone will excel at this activity.",0,"nondom",3,2.1,"do",35,5,10,21,32,45,53,66,73,82,93,100,3,2,2,2,1,3,1,2,3,2,1,1,1,33,"white","4yearColl","$80,001-$100,000","man","Full-time",""
52,"neg","This is a much more heavy-handed approach. It is not encouraging. It offers the incentive but without taking into account the employee's general willingness to perform well.",0,"nondom",2,2.1,"do",40,3,20,30,40,50,60,70,80,90,95,100,2,2,1,2,2,2,3,2,3,2,1,1,1,45,"white","4yearColl","$80,001-$100,000","man","Full-time",""
53,"neg","The employee could feel pressured or not valued. And see the message as more of a demand, not encouragement. This can negatively effect morale or motivation.",0,"nondom",3,3.4,"skip",40,2,10,20,30,40,50,60,70,80,90,100,5,4,2,4,2,5,2,3,3,4,1,1,1,21,"multiracial","GED","$120,001-$140,000","man","Full-time",""
54,"pos","The message is encouraging, but also sets a firm standard, which most people would respond positively to",0,"nondom",1,2.7,"do",30,6,0,0,10,16,24,36,53,64,87,100,2,3,3,2,2,3,3,2,3,4,1,1,1,NA,"white","4yearColl","$40,001-$60,000","man","Full-time",""
55,"pos","The tone of a message will describe the attitude used to complete a given task",0,"nondom",1,1.7,"skip",8,2,21,30,40,52,65,71,76,82,87,100,5,1,1,1,1,4,1,1,1,1,1,1,1,26,"black","MA","$120,001-$140,000","woman","Full-time",""
56,"pos","There would want to earn the bonus and look at it as a challenge and want to compete",0,"nondom",1,2.8,"do",40,7,10,15,20,25,30,30,30,50,60,100,2,1,7,5,1,5,1,3,2,1,1,1,1,36,"black","4yearColl","$40,001-$60,000","man","Full-time",""
57,"neg","They could feel like they are being coerced to do something that does not really matter. It might feel like a hostile managerial dynamic.",1,"dom",4,3.9,"do",32,3,0,0,25,40,60,80,100,100,100,100,5,2,4,5,3,5,2,3,5,5,1,1,1,22,"white","4yearColl","$60,001-$80,000","man","Full-time",""
58,"neg","It may come across as a bit strident in tone. It may make them anxious that they won't do well on it. ",0,"nondom",3,1.6,"do",45,5,10,20,30,40,50,60,70,80,90,100,1,2,1,1,1,1,1,1,5,2,1,1,1,61,"white","GED","$60,001-$80,000","woman","Part-time",""
59,"pos","The positive thought is that if the employee do well, they'll get a bonus. Having the possibility to receive a bonus can be motivation for doing well.",0,"nondom",2,2.8,"do",36,2,5,10,15,25,40,60,70,80,90,100,4,2,3,3,3,4,2,3,2,2,1,1,1,32,"asian","MA","$100,001-$120,000","woman","Full-time",""
60,"neg","Knowing that their performance can affect the bonus might come off as negative and that if they do not do well then they do not deserve a bonus for their hard work. ",0,"nondom",3,2.4,"do",40,3,20,20,50,50,75,75,90,90,100,100,3,2,2,1,3,5,2,1,2,3,1,1,1,36,"white","4yearColl","Over $200,000","woman","Full-time",""
61,"pos","I feel they would be encouraged to do their hardest, and to not let the manager down. By doing their best and pushing forward to make sure they get that full bonus.",0,"nondom",2,3.4,"do",40,3,100,100,100,100,100,100,100,100,100,100,4,3,3,2,3,5,3,5,3,3,1,1,1,38,"white","2yearColl","$100,001-$120,000","woman","Homemaker",""
62,"pos","They may be motivated by the bonus. This prompt emphasizes the appeal of the bonus and the opportunity to get more money. ",0,"nondom",2,3.1,"do",30,4,50,50,50,60,70,75,80,85,90,100,3,3,2,3,3,4,3,3,2,5,1,1,1,32,"white","4yearColl","$40,001-$60,000","woman","Full-time",""
63,"neg","I think this has a threatening tone which will not inspire the employee. They will go into the assignment feeling pressured rather than encouraged and inspired. You have to build up an employee's self esteem and confidence so they can do their best.",0,"nondom",1,2,"skip",29,2,21,38,47,56,67,76,80,75,53,37,2,2,1,1,2,1,4,1,3,3,1,1,1,58,"white","4yearColl","$180,001-$200,000","woman","Part-time",""
64,"pos","Even though the message is a bit more stern, there is encouragement (e.g., ""do your absolute best""). Also, by saying ""by now you know the task at hand"" the employee may think that the manager trusts them implicitly.",0,"nondom",1,2,"do",40,3,10,20,30,40,50,60,70,80,90,100,5,1,1,2,1,1,1,1,2,5,1,1,1,32,"white","MA","Over $200,000","man","Full-time",""
65,"pos","The person could feel positively that the manager is so direct and straight-forward. They could also feel positively about the bonus they could earn.",1,"dom",4,3.2,"do",39,5,100,100,100,100,100,100,100,100,100,100,6,2,1,5,2,5,1,1,3,6,1,1,1,29,"white","GED","$20,001-$40,000","man","Full-time, Student",""
66,"neg","The task requires pressure to be put on the participants.  This pressure might make them feel uneasy/uncomfortable",0,"nondom",1,2.8,"skip",15,2,43,42,41,43,44,43,29,31,31,31,7,3,1,2,1,5,3,2,2,2,1,1,1,50,"white","PHD","$100,001-$120,000","man","Full-time","none"
67,"pos","The employee would believe that the manager has full faith in their skillset and maturity, to the point where explanations are not necessary. ",0,"nondom",1,4,"do",45,6,10,20,30,40,50,60,70,90,100,100,5,6,6,5,2,6,3,1,3,3,1,1,1,24,"asian","4yearColl","$0-$20,000","woman","Full-time",""
68,"pos","The worker might be motivated by the promise of the bonus and will want to do well",1,"dom",5,2.3,"do",40,5,5,20,30,40,50,55,65,75,85,100,2,3,2,2,3,3,1,2,2,3,1,1,1,46,"hispanic","4yearColl","$100,001-$120,000","man","Full-time",""
69,"pos","This may have a positive effect as it shows the manager is focused on them being able to maximize their income.",0,"nondom",1,2.2,"do",33,2,30,35,40,45,50,60,70,80,90,100,3,2,1,3,1,5,1,1,2,3,1,1,1,25,"white","4yearColl","$60,001-$80,000","woman","Part-time",""
70,"pos","It sounds like they believe in the employees ability to do a good job because they say time to get in there and do your absolute best.",0,"nondom",2,1.3,"do",40,6,11,19,30,40,50,60,70,80,90,100,1,1,1,1,1,2,1,1,1,3,1,1,1,42,"white","4yearColl","$40,001-$60,000","woman","Full-time",""
71,"neg","The manager is setting up the employee for failure.  There is pressure put on that will negatively affect the employee when they do not complete it or do well.  The employee could start the task with anxiety. ",0,"nondom",1,2.1,"skip",25,2,10,20,30,40,50,60,70,80,90,100,4,3,1,1,2,5,1,1,1,2,1,1,1,68,"white","MA","$40,001-$60,000","woman","Full-time",""
72,"neg","The way the statement is phrased ends negatively. It makes it sound like it would be a punishment to not receive the bonus.",0,"nondom",3,2.1,"do",25,3,25,50,50,50,50,50,75,75,100,100,2,2,1,1,2,5,2,1,2,3,1,1,1,51,"white","MA","$20,001-$40,000","woman","Part-time",""
73,"pos","This message could be construed as trust in the employee. ""it is time to get in here and do your absolute best..."" could be seen as supportive. ",0,"nondom",1,3.1,"do",25,3,10,20,30,40,50,60,70,80,90,100,3,5,2,4,4,5,3,1,2,2,1,1,1,25,"white","4yearColl","$40,001-$60,000","man","Full-time",""
74,"pos","The employee will realize that there's a bonus involved and that they will get more of the bonus if they do well.  Even if they don't, it's implied they will get some of the bonus.",1,"dom",5,2.6,"do",40,6,10,20,30,40,50,60,70,80,90,100,4,2,2,2,2,4,2,2,3,3,1,1,1,48,"white","MA","$80,001-$100,000","woman","Full-time",""
75,"pos","It is positive because telling everyone to try their best means everyone has the best chance to get their respective bonus. ",1,"dom",4,1.2,"do",30,4,10,30,50,60,75,100,100,100,100,100,1,1,1,1,1,1,1,1,2,2,1,1,1,32,"white","GED","$40,001-$60,000","woman","Full-time",""
76,"neg","This message is aggressive and sends an underlying message that the other person is only there to bring income to the sender of the message.",0,"nondom",1,2.2,"skip",40,2,10,20,30,40,50,60,70,80,90,100,4,2,2,1,2,2,2,1,2,4,1,1,1,58,"black","2yearColl","$20,001-$40,000","man","Full-time",""
77,"pos","I think the employee will have a positive reaction to the message because it's very straight-forward but in a respectful way.",0,"nondom",1,2.7,"do",50,7,5,10,15,20,25,30,35,40,45,50,5,2,2,2,2,5,2,2,1,4,1,1,1,25,"black","2yearColl","$40,001-$60,000","woman","Full-time",""
78,"pos","An employee may be motivated by this message. Thinking if they will do well, they will win the favor of their manager.",0,"nondom",1,2.4,"do",50,6,10,20,30,40,50,60,70,80,90,100,5,2,1,2,1,5,1,2,2,3,1,1,1,51,"hispanic","MA","$60,001-$80,000","woman","Full-time",""
79,"pos","The employee may have a positive reaction to this message by being motivated by it to do the absolute best job that they can because of the financial incentive for doing so. ",1,"dom",4,3,"skip",45,4,100,0,0,0,0,0,0,0,0,0,5,3,2,2,1,4,3,1,3,6,1,1,1,26,"white","GED","$40,001-$60,000","woman","Full-time",""
80,"neg","They might worry they are not doing a good job and just give up. They might think that the manager is not concerned about them personally. ",1,"dom",5,4,"do",40,4,0,50,50,75,75,92,93,100,100,100,5,5,3,3,4,6,3,3,5,3,1,1,1,45,"white","MA","$80,001-$100,000","woman","Full-time",""
81,"neg","They could (and should) perceive this message as a threat. They will not want to help the manager for the manager's sake and may be inclined to do poorly or not put in effort just for the sake of spiting them. ",0,"nondom",1,3.1,"skip",40,5,100,100,100,100,100,100,100,100,100,100,4,3,1,2,6,3,3,2,2,5,1,1,1,26,"white","4yearColl","$80,001-$100,000","man","Full-time",""
82,"pos","I would say a positive thought Ive had with a manager was receiving praise for my good work. ",0,"nondom",2,3.8,"do",30,5,12,17,23,26,31,15,8,1,1,1,5,4,5,4,3,4,4,4,2,3,1,1,1,33,"asian","MA","$60,001-$80,000","woman","Full-time",""
83,"pos","You already know the task at hand. It would be great to get in there and do your best so that you win the highest bonus. You won't win a bonus if you don't do it well though...so get going!",0,"nondom",1,1.3,"do",40,6,0,0,20,20,50,50,80,80,100,100,1,1,1,1,1,4,1,1,1,1,1,1,1,71,"white","2yearColl","$40,001-$60,000","woman","Full-time",""
84,"neg","It's giving them the perception of a lack of confidence from the manager. Including, ""And do it well"" may reduce the employees confidence and immediately put them in a poor headspace for the task.",0,"nondom",2,1.4,"do",50,6,5,10,15,20,25,30,35,40,45,50,2,2,1,1,1,2,1,1,1,2,1,1,1,30,"white","4yearColl","$160,001-$180,000","man","Full-time",""
85,"neg","The message seems slightly harsh and cold. Telling them their bonus is depends on completion and doing well adds extra pressure that is really not necessary. The idea is always to complete the task and do well, so this goes without saying.",0,"nondom",1,1.5,"do",30,3,100,100,100,100,100,100,100,100,100,100,1,1,2,1,1,1,2,2,2,2,1,1,1,37,"white","GED","$160,001-$180,000","man","Full-time",""
86,"neg","The employee doesnt get the bonus. They probably don't want to work hard for their manager.",0,"nondom",1,3.9,"do",38,7,20,27,33,39,49,59,67,72,81,100,7,1,6,7,1,5,3,6,1,2,1,1,1,27,"white","4yearColl","$40,001-$60,000",NA,"Full-time",""
87,"pos","straight-forward, accountable, and direct. let's the employee know the responsibility is in their hands",0,"nondom",1,3.5,"do",50,4,50,50,50,50,100,100,100,100,100,100,5,3,2,6,1,6,1,3,2,6,1,1,1,52,"white","2yearColl","$20,001-$40,000","man","Full-time",""
88,"pos","This message is a direct call to action with a trailing consequence. It begins with a ""pump up"" calling for the employee to do their best. In my opinion, being direct is a positive thing. However I would recommend framing in what is possible rather than what won't happen. ",0,"nondom",3,2.9,"do",35,5,65,70,75,80,85,90,100,100,100,100,1,3,4,4,2,5,3,1,4,2,1,1,1,40,"white","4yearColl","$180,001-$200,000","man","Full-time",""
89,"neg","It is threatening a bit by withholding some of the bonus for the worker. ",0,"nondom",2,2.5,"skip",21,3,7,9,12,15,65,71,79,87,94,100,2,4,2,2,4,2,2,2,3,2,1,1,1,42,"white","MA","Over $200,000","man","Full-time",""
90,"pos","They would see the message as something that motivates them. They would know feeling negative in this situation will do nothing for them so they would focus on feeling positive.",1,"dom",6,3.7,"do",50,5,0,0,0,0,0,0,0,0,10,100,3,4,4,5,4,3,3,4,4,3,1,1,1,25,"white","GED","Over $200,000","woman","Full-time",""
91,"pos","They may think that the manager has faith in them to do the best that they can for the task",1,"dom",5,2.8,"do",45,6,0,10,15,20,25,30,35,40,45,50,4,5,4,1,2,2,2,3,2,3,1,1,1,52,"white","2yearColl","$40,001-$60,000","man","Part-time",""
92,"neg","The dialogue is very impatient. They come across as extremely bossy I think.",0,"nondom",1,4,"do",35,4,5,10,15,20,25,30,35,40,45,50,5,5,3,5,2,6,4,2,4,4,1,1,1,24,"white","4yearColl",NA,"man","Part-time",""
94,"pos","The positive thoughts the employee may have include working towards earning their full bonus.",1,"dom",5,1.9,"do",39,3,10,15,20,25,35,40,55,60,75,100,1,2,1,1,2,5,2,1,2,2,1,1,1,36,"multiracial","4yearColl","$140,001-$160,000","man","Full-time","No comments."
95,"pos","Well if they do their best they know they are entitled to a full bonus. It's also direct and straightforward and some people benefit most from that. ",0,"nondom",1,2.2,"skip",45,3,0,0,0,25,50,76,80,85,90,100,2,2,1,1,3,4,2,1,2,4,1,1,1,33,"black","2yearColl","$0-$20,000","woman","Part-time",""
96,"neg","They will be under pressure of completing the tasks to get the bonus. So, they will thank their choice is restricted. ",0,"nondom",3,2.4,"do",46,5,10,20,30,40,50,60,70,80,90,100,2,2,2,6,2,2,2,2,2,2,1,1,1,52,"white","PHD","$100,001-$120,000","man","Full-time",""
97,"neg","They may have negative feelings because even though it says if you don't complete it but still do your best you'll get a bonus but not the complete bonus if you do well and complete the test. It may make them not want to work hard to finish the task because they feel like you don't have faith in them to finish the task but you still will use them to try. ",0,"nondom",2,2.2,"do",50,3,100,100,100,100,100,100,100,100,100,100,2,3,1,1,2,3,1,1,2,6,1,1,1,49,"white","GED","$80,001-$100,000","woman","Part-time",""
98,"neg","This response is curt and threatening. The tone isn't respectful.",0,"nondom",1,1.8,"do",32,2,100,100,100,100,100,100,100,100,100,100,1,1,1,5,1,2,2,1,1,3,1,1,1,33,NA,"MA","$40,001-$60,000","woman","Full-time",""
99,"pos","The employee might have a positive reaction to the manager and their relationship because the message uses mostly encouraging language. ",0,"nondom",1,2.9,"do",46,6,100,100,100,100,100,100,100,100,100,100,3,6,2,2,2,3,3,2,3,3,1,1,1,30,"white","MA","$80,001-$100,000","woman","Full-time",""
100,"neg","It seems like a high pressure task.  The compensation seems performance based",0,"nondom",3,2.5,"do",24,5,4,36,61,65,71,77,83,93,96,100,3,5,2,2,2,3,2,1,2,3,1,1,1,44,"white","2yearColl","$100,001-$120,000","man","Full-time",""
101,"neg","The ending part of this message sounds more like a threat. I think there is a potential for employees to feel afraid (or as though I'm trying to make them afraid) if I send this message ",0,"nondom",2,2.3,"do",29,2,50,75,75,100,100,100,100,100,100,100,3,3,2,2,2,2,2,2,3,2,1,1,1,33,"hispanic","PHD","$100,001-$120,000","man","Full-time",NA
102,"neg","This is a threat essentially. Do this or you don't get this. It adds pressure and makes me not want to respect the manager. ",0,"nondom",1,2.9,"skip",32,2,18,29,39,47,54,61,70,82,100,100,5,3,2,2,3,5,2,2,3,2,1,1,1,27,"asian","MA","$100,001-$120,000","woman","Full-time",""
103,"pos","My manager is getting right down to the point of the task and encouraging me to do the best I can so I can get the full bonus. The manager has confidence in me that I know what to do in the task at hand. ",0,"nondom",3,2.1,"do",46,5,11,20,28,43,50,61,67,84,97,100,3,2,2,2,1,4,2,1,2,2,1,1,1,55,"white","PHD","$100,001-$120,000","woman","Full-time",""
104,"neg","This message is worded in a way that feels almost like a threat of a punishment. The employee may have a negative reaction because they feel like they are being treated like a child rather than an adult who will complete tasks with integrity and responsibility.",0,"nondom",3,4,"do",45,6,0,0,20,20,30,50,70,80,90,100,5,4,3,2,3,5,4,6,5,3,1,1,1,23,"asian","4yearColl","$20,001-$40,000","woman","Full-time",""
105,"pos","this may indeed put too much pressure on some people. i feel that a more casual and friendly approach may be better for the person/ persons taking the task at hand",0,"nondom",1,3.2,"do",18,4,19,26,32,37,41,47,61,72,82,100,5,2,3,1,1,7,1,6,1,5,1,1,1,36,"white","GED","$40,001-$60,000","man","Full-time","thank you for using my data. i enjoy serving a larger purpose in things maybe unseen "
106,"pos","I think this message coveys a sense of respect to the employee because it is direct and not coddling. I feel like the employee would appreciate the manager's confidence and the clarity of the message.",1,"dom",4,1.8,"do",48,5,0,0,0,0,20,25,40,50,75,100,3,1,1,2,3,2,1,1,2,2,1,1,1,47,"white","GED","$40,001-$60,000","woman","Part-time",""
107,"neg","Hmm some people might interpret this message as too pushy or overbearing.",1,"dom",5,3.4,"do",36,6,9,20,30,40,50,60,66,78,90,100,5,3,3,5,2,5,2,2,2,5,1,1,1,34,"white","4yearColl","$40,001-$60,000","woman","Full-time",""
108,"pos","They could be excited to try for a full completion and may try their best.  ",0,"nondom",1,3,"skip",25,4,10,20,30,40,50,60,70,80,90,100,4,2,5,3,1,6,1,4,2,2,1,1,1,44,"white","GED","Over $200,000","woman","Full-time",""
109,"neg","The employee may have a negative reaction to that message, affecting thier attitude towards the manager because it focuses on the negative rather than the positive. I initially had a negative reaction to this when I read it and preferred the latter of the two messages to send to my employee. A better message would have focused on the positive rather than the negative outcome.",0,"nondom",1,2.1,"skip",26,2,19,30,40,53,62,70,78,86,92,100,4,4,1,1,1,4,1,1,1,3,1,1,1,41,"white","GED",NA,"woman","Part-time",""
110,"neg","The message is kind of cold and lacking feeling. It is not positive or encouraging. It talks down to the employee as if they are inferior and aren't seen as a real person.",0,"nondom",1,1.9,"do",30,2,20,30,40,50,60,70,80,90,100,100,2,2,1,2,2,3,1,1,3,2,1,1,1,45,"white","GED","$0-$20,000","woman","Part-time",""
111,"neg","The manager is placing all the pressure on the employee and if the employee doesn't do as expected, there will be no bonus.",0,"nondom",3,1.5,"do",42,6,3,6,12,17,25,35,49,67,83,100,1,2,1,1,1,2,1,1,2,3,1,1,1,51,"white","MA","$160,001-$180,000","man","Full-time",""
112,"pos","It makes it sound like the manager is trying to motivate them with using the bonus as an inventive. I think it would depend on the employees temperment if they would keep a positive attitude towards the manager honestly. ",0,"nondom",1,2.6,"do",46,6,10,20,30,40,50,60,70,80,90,100,4,3,2,4,2,3,1,2,1,4,1,1,1,33,"white","4yearColl","$60,001-$80,000","woman","Full-time",""
113,"pos","The employee would know that I want the best for them and care about their money/earnings  ",1,"dom",4,3,"do",40,5,6,15,20,25,36,50,55,85,90,100,4,3,2,2,3,4,3,2,3,4,1,1,1,31,"hispanic","4yearColl","$100,001-$120,000","woman","Full-time",""
114,"neg","The message is almost accusatory and very aggressive. It reminds them of the consequences of failure rather than the benefits of success.",0,"nondom",1,1.7,"do",25,1,100,100,100,100,100,100,100,100,100,100,2,1,1,1,1,1,2,1,3,4,1,1,1,52,"white","4yearColl","$140,001-$160,000","woman","Part-time",""
115,"pos","They have a positive feeling towards the manager because they are encouraging them to do their absolute best. The manager motivated them to try their hardest. ",1,"dom",5,3.2,"do",42,6,30,44,52,66,73,80,85,89,89,100,5,2,3,3,2,5,2,3,5,2,1,1,1,34,"asian","4yearColl","$100,001-$120,000","man","Full-time","None "
116,"pos","It makes the stakes very clear, so it removes any ambiguity. I suppose it would be motivating to know that your bonus is completely dependent on your performance.",0,"nondom",1,2.6,"do",39,2,27,36,41,49,56,63,73,86,95,100,4,3,1,2,2,3,2,3,2,4,1,1,1,38,"white","GED","$60,001-$80,000","man","Part-time",""
117,"pos","The employee could react positively to this message by realizing that the manager trusts them to do a good job on the task. Since there is a bonus attached to it then this means the task is important, so the employee views the manager as respecting their work if they are assigned this task.",0,"nondom",1,3.3,"do",40,6,0,10,20,40,60,70,80,90,100,100,7,7,1,1,3,6,1,2,3,2,1,1,1,25,"white","4yearColl","$40,001-$60,000","man","Full-time",""
118,"pos","The first sentence is a strong statement that acknowledges faith in the employee (You know the task at hand). A ""Do your best"" message is strong but not overbearing. Not a fan of the last sentence, but a good-natured employee who understands the stakes would still twist the message into: If you do well, you can get a bonus.",0,"nondom",3,2.2,"do",40,5,100,100,100,100,100,100,90,85,82,77,2,3,2,1,3,1,3,1,1,5,0,1,0,49,"white","4yearColl","$0-$20,000","woman","Part-time","Thank you! This was interesting."
119,"neg","The employee might feel the manager is being mean or pushy, which could make them mad and less likely to trust them. They might think the manager only cares about getting the job done, not about helping them, which could mess up their relationship.",0,"nondom",2,4.2,"do",50,4,30,39,53,60,75,82,90,95,98,100,5,3,5,5,3,4,4,5,4,4,1,1,1,37,"asian","4yearColl","$60,001-$80,000","woman","Full-time",""
120,"pos","I feel positive towards the message since they are trying to motivate and are honest. ",0,"nondom",1,2.3,"do",5,5,1,3,9,19,29,42,60,78,93,100,2,2,1,1,2,5,2,2,3,3,1,1,1,46,"white","2yearColl","$40,001-$60,000","woman","Full-time",""
121,"neg","The employee might think that the manager is being too demanding and bossy. The tone of the message is not very friendly.",0,"nondom",1,2.5,"skip",35,2,19,38,47,50,52,64,68,75,82,100,5,2,2,3,2,3,1,1,3,3,1,1,1,29,"white","4yearColl","$80,001-$100,000","woman","Full-time",""
122,"neg","They might see the punishment of lo0sing the full bonus and be more discouraged. It might be better to use the carrot over the stick so to speak.",1,"dom",4,3,"do",41,6,50,57,63,67,72,76,82,87,93,100,5,2,2,3,2,3,3,2,5,3,1,1,1,25,"white","4yearColl","$80,001-$100,000","man","Full-time",""
123,"pos","This message comes off as passive aggressive; but, there is an incentive at the end that may offset the initial harshness. The manager would most likely seen as a mean, cold person. ",0,"nondom",1,2.7,"do",45,7,1,1,1,1,1,1,1,25,50,100,5,5,1,2,1,5,1,1,3,3,1,1,1,29,"white","PHD","$80,001-$100,000","man","Full-time",""
124,"neg","It is not an encouraging message.  It already puts a negative feel on the task at hand, putting negative emotions in the air.",0,"nondom",2,2.1,"do",25,2,71,78,87,94,100,100,100,100,100,100,2,3,2,1,2,2,2,1,3,3,1,1,1,46,"white","GED","$120,001-$140,000","woman","Part-time",""
125,"neg","Threatening tone is to be avoided in order to encourage the employee to do well. Threatening the loss of the bonus won't motivate them and will make them more likely to put forth minimal effort or no effort at all.",0,"nondom",2,2.1,"do",50,6,9,16,27,37,44,59,74,84,92,100,3,2,2,1,2,3,2,1,2,3,1,1,1,56,"white","4yearColl","$160,001-$180,000","woman","Part-time",""
126,"pos","One positive I see is that the manager is being fully transparent with his team as far as the results of the task. The manager also has faith in his team to comprehend the assignment and doesn't need to repeat it.",0,"nondom",2,3.5,"do",35,3,0,15,20,30,40,50,60,70,80,100,5,5,3,4,3,6,1,1,2,5,1,1,1,36,"black","MA","$120,001-$140,000","man","Full-time",""
127,"neg","this feels putative. It's a carrot and stick situation, but you're wielding the stick like a cudgel. I'd be frustrated that my boss was making me do something with a threat. ",0,"nondom",1,1.7,"do",45,5,10,20,30,40,50,60,70,80,90,100,2,3,1,1,2,2,1,1,2,2,1,1,1,34,"white","PHD","$140,001-$160,000","man","Full-time",""
128,"pos","The first sentence of the message conveys confidence in the employee and their knowledge. They could believe that I think that they are capable and knowledgeable about the task.",1,"dom",6,2.8,"do",40,4,3,11,25,45,64,85,93,95,98,100,3,5,1,2,3,5,1,1,4,3,1,1,1,35,"white","PHD","$100,001-$120,000","man","Full-time","none"
129,"pos","They might have a positive thought or feeling if they want to earn the bonus and also more so if they want to impress their manager",0,"nondom",1,2.6,"skip",24,2,2,2,2,2,2,2,2,2,2,2,4,4,1,1,4,3,2,1,3,3,1,1,1,48,"white","GED","$20,001-$40,000","woman","Full-time",""
130,"pos","The message is motivating. It feels like the manager wants the employee to take action and be successful at the task at hand. The manager seems invested in the employee's performance and success.",0,"nondom",3,1.4,"do",30,2,25,40,55,75,80,85,90,95,100,100,2,1,1,1,2,2,1,1,2,1,1,1,1,43,"white","MA","$60,001-$80,000","woman","Part-time",""
131,"neg","The last sentence of the message could be seen as being kind of infantilizing, as I read it as something a parent would say to explain consequences to their child. You could take out the ""and do it well"" and replace it with ""and select the correct answers"" to improve it.",1,"dom",4,2.3,"do",35,3,10,20,30,40,50,60,70,80,90,100,5,2,2,2,1,2,2,1,3,3,1,1,1,28,"white","4yearColl","$60,001-$80,000","woman","Full-time",""
132,"neg","You may have negative thoughts and feelings while choosing the shape. You should just stay calm and continue to work on the task.",1,"dom",4,2.8,"do",36,5,14,24,48,64,81,92,97,98,100,100,2,3,2,5,2,2,6,2,2,2,1,1,1,26,"white","GED","$160,001-$180,000","man","Unemployed",""
133,"neg","It sounds threatening and unempathetic towards the employee.",0,"nondom",1,3.6,"skip",31,2,63,46,37,23,13,6,3,3,2,2,5,4,2,3,2,4,3,3,5,5,1,1,1,39,"white","2yearColl","$140,001-$160,000","woman","Full-time",""
134,"pos","The employee might appreciate the manager's directness and clear communication regarding expectations and consequences, fostering a sense of transparency.",0,"nondom",2,3.2,"do",35,4,77,71,62,55,49,43,34,25,19,13,4,2,2,2,5,6,2,5,2,2,1,1,1,40,"multiracial","GED","$60,001-$80,000","man","Full-time",""
135,"pos","If the manager knows them well and understands how they respond to this type of message, it might be a positive message for them. The manager is encouraging them to do their best, and reminding them that the goal is to get the full bonus.",0,"nondom",1,1.6,"skip",30,2,10,20,30,40,50,60,70,80,90,100,1,1,1,1,1,4,1,1,2,3,1,1,1,52,"white","MA","$40,001-$60,000","woman","Part-time",""
136,"pos","Knowing that getting the full bonus depends on performance may inspire the employee to try their best.",1,"dom",4,2.4,"do",41,5,20,28,36,47,61,74,100,100,100,100,2,3,1,1,1,5,1,1,5,4,1,1,1,46,"white","GED","$40,001-$60,000","man","Part-time",""
137,"neg","Well, I don't think anyone likes to be threatened so they would not appreciate this message and would have a bad opinion of me.",0,"nondom",1,2,"do",40,2,100,100,100,100,100,100,100,100,100,100,2,1,1,1,4,2,2,1,3,3,1,1,1,45,"white","MA","$80,001-$100,000","man","Full-time","no other comments"
138,"pos","They would fully understand that if they do a good job, they would be able to get the $1 bonus.",1,"dom",5,1.5,"do",50,6,50,60,65,70,75,80,85,90,95,100,2,2,1,1,1,1,2,1,2,2,1,1,1,38,"white","4yearColl","$40,001-$60,000","man","Part-time",""
139,"pos","The employee will hear bonus and of course additional money would make anyone feel positive about a task. The message also feels like there is confidence in the employee and that too would have positive feelings ",1,"dom",4,2.6,"do",45,5,1,5,10,15,20,25,35,50,70,100,3,3,2,2,2,3,4,1,3,3,1,1,1,29,"white","GED","$40,001-$60,000","woman","Part-time",""
140,"neg","Phrasing it in this way will make the employee feel like they don’t have a choice in the matter. It also kind of threatens a punishment if the job is not “well done”. ",0,"nondom",1,1.7,"skip",20,1,100,100,100,100,100,100,100,100,100,100,4,1,1,1,1,5,1,1,1,1,1,1,1,42,"white","GED","$40,001-$60,000","man","Full-time",""
141,"pos","The employee might appreciate the manager's clear expectations and motivational push, feelign that the manager believes in their ability to succeed and values their effort enough to tie it to a tangible reward. this could foster a sense of trust in the manager's directness and investment in their performance, strengthening their workign relationship.",1,"dom",5,4,"do",35,6,13,17,10,12,60,68,73,79,66,63,5,3,5,5,3,5,3,5,3,3,1,1,1,41,"hispanic","GED","$0-$20,000","man","Part-time",""
142,"neg","The manager is so threatening and thinks I'm a child.",0,"nondom",2,2.5,"do",45,2,5,20,25,40,50,50,75,75,90,100,5,1,1,2,2,5,2,1,3,3,1,1,1,55,"multiracial","4yearColl","$60,001-$80,000","man","Part-time",""
143,"pos","They would have a positive feeling knowing that if they do well they will receive more money.",0,"nondom",3,3.1,"skip",35,3,26,49,75,80,85,89,100,100,100,100,2,4,2,2,3,4,3,3,3,5,1,1,1,44,"white","GED","$40,001-$60,000","man","Full-time",""
144,"neg","They probably see it as a threat to not pay them any bonus at all if they make a single mistake.  I would have negative thoughts about this message as a result were I in their shoes.",0,"nondom",2,3.8,"do",50,5,10,20,30,40,50,60,70,80,90,100,4,4,4,3,4,4,4,1,5,5,1,1,1,42,"white","4yearColl","$20,001-$40,000","man","Full-time",""
145,"pos","The employee might think positively about receiving the full bonus if they do their best and they want to please the manager.",0,"nondom",3,2.7,"do",35,4,0,0,0,0,34,34,81,81,100,100,5,3,1,1,1,5,2,2,5,2,1,1,1,55,"white","MA","$120,001-$140,000","woman","Full-time",""
146,"neg","The wording at the end is a little abrasive.  It sounds like a threat instead of encouragement, I would reword to be more positive.  But I also want them to know that their work does have a financial reward.",1,"dom",4,2.4,"do",40,3,0,10,20,30,40,50,60,70,90,100,4,3,1,1,3,5,1,1,2,3,1,1,1,51,"white","MA","Over $200,000","man","Full-time",""
147,"neg","This feels like a threat.  It doesn’t feel supportive either ",0,"nondom",1,5.2,"do",50,7,5,10,15,20,30,40,50,60,80,100,5,4,5,7,1,7,3,7,7,6,1,1,1,48,"white","4yearColl","$60,001-$80,000","woman","Full-time","None"
148,"pos","The employee may feel that the manager is being upfront about his expectations of how well the task should be completed.",0,"nondom",1,2.4,"skip",41,3,9,23,39,53,66,77,87,92,93,100,3,3,2,2,2,2,3,2,2,3,1,1,1,23,"asian","4yearColl","$120,001-$140,000","woman","Full-time",""
149,"pos","They are being incentivized to do their best on the task and have the pressure put on them.",0,"nondom",2,2.8,"do",35,3,5,15,20,26,40,40,44,50,60,75,3,3,2,2,2,5,2,2,4,3,1,1,1,33,"white","PHD","$140,001-$160,000","woman","Full-time",""
150,"pos","Conveys that the person doing the task is competent enough to do the task. Also mentions the bonus which is incentivizing",1,"dom",5,2.4,"do",44,5,9,14,16,42,48,56,65,77,91,100,2,2,2,3,2,3,2,3,2,3,1,1,1,41,"white","4yearColl","$100,001-$120,000","man","Full-time",""
151,"neg","The message is pretty short and snippy. It isn't really encouraging, but focuses on the punishment.",0,"nondom",2,1.5,"skip",22,2,9,20,31,39,53,64,70,77,86,98,2,1,2,1,1,2,1,1,3,1,1,1,1,31,"white","MA","$100,001-$120,000","woman","Full-time",""
152,"neg","They would feel negatively pressured and more stressed about getting the answers correct. They might also intentionally get things wrong to spite the manager. ",0,"nondom",1,4.4,"skip",19,2,9,20,30,39,50,60,70,79,91,100,5,5,5,4,3,5,5,5,3,4,1,1,1,31,"asian","MA","$20,001-$40,000","man","Full-time",""
153,"neg","This message has the potential to make them feel pressured or shamed. That might be effective motivation for some people, but I believe that for most it will stress them out and make them feel bad about themselves and put strain on our relationship. I don't want them to feel that they're letting me down.",0,"nondom",3,2.6,"do",35,3,50,55,60,65,70,75,85,90,95,100,4,2,1,4,2,2,3,1,4,3,1,1,1,34,"white","4yearColl","$20,001-$40,000","woman","Full-time",""
154,"pos","This message is encouraging in the sense that the manager is encouraging the employee to do the absolute best",0,"nondom",2,3.2,"do",40,5,0,0,0,0,5,12,24,35,61,80,5,3,3,2,2,5,3,1,6,2,1,1,1,31,"asian","MA","Over $200,000","man","Full-time",""
155,"neg","Because in this message I am not encouraging the. I am using a threat to withhold their bonus if they do not perform well.",0,"nondom",1,3.1,"skip",35,2,50,50,50,50,50,75,75,80,100,100,4,3,2,2,3,5,2,2,4,4,1,1,1,64,"white","GED","$0-$20,000","man","Full-time","Nothing to add."
156,"pos","This statement might be encouraging the person to score the most points to earn maximum bonus.",0,"nondom",2,2.6,"do",45,2,50,50,50,50,50,100,100,100,100,100,3,3,2,2,2,2,3,3,3,3,1,1,1,38,"asian","PHD","$100,001-$120,000","man","Full-time",""
157,"neg","The first part of the message is fine, but the threatening nature of the third sentence does not sit well with me. The employee may feel pressured and unduly anxious while trying to complete the task. ",0,"nondom",1,1.8,"do",40,5,30,30,40,40,50,60,75,100,100,100,1,2,2,2,2,1,3,1,2,2,1,1,1,52,"white","MA","$140,001-$160,000","man","Full-time",""
158,"pos","It reminds them their bonus is at risk and will be motivating to them.  They also will see their boss and serious and not want to disappoint them.",0,"nondom",1,1.5,"do",36,2,50,50,50,50,75,75,75,75,100,100,2,1,1,2,1,1,1,1,3,2,1,1,1,40,"white","4yearColl","$100,001-$120,000","woman","Full-time",""
159,"neg","The message sounds authoritative and threatening. Making an employee feel included and supported is the best way to get the most work from an employee. Comments like 'you will not get the full bonus"" are rather not encouraging.",0,"nondom",1,2.8,"skip",30,1,5,10,30,40,45,50,60,70,75,90,5,6,2,1,2,5,1,1,2,3,1,1,1,24,"black","4yearColl","$80,001-$100,000","woman","Full-time",""
160,"pos","I think the employee may react positively to the idea of doing their absolute best during the round. I think the employee may think that the manager believes in them. ",0,"nondom",1,3.5,"skip",25,3,10,10,30,60,60,90,90,100,100,100,3,3,3,4,4,4,3,2,5,4,1,1,1,29,"black","MA","$80,001-$100,000","woman","Full-time",""
161,"neg","The tone set makes them feel like they'll disappoint their manager by not getting the full bonus. The employee won't feel like they're doing something right, just avoiding doing something wrong ",0,"nondom",1,3.3,"skip",50,1,20,25,25,25,50,65,75,92,91,100,5,3,1,5,2,5,6,2,2,2,1,1,1,27,"white","4yearColl","$60,001-$80,000","man","Full-time",""
162,"neg","It is aggressive and judgmental and somewhat threatening.  They might feel like I'm being rude.",0,"nondom",3,2,"do",40,5,100,100,100,100,100,100,100,100,100,100,2,2,2,2,1,2,2,1,4,2,1,1,1,37,"white","4yearColl","$0-$20,000","woman","Full-time",""
163,"pos","This seems like a more personal response compared to the other one which seems more robotic and generic",1,"dom",5,3.2,"do",40,6,3,8,13,18,22,28,33,38,43,48,4,6,2,2,2,3,2,2,3,6,1,1,1,23,"white","4yearColl","$60,001-$80,000","man","Full-time",""
164,"neg","This message sounds intimidating and stressful. Its worded as more of an order and threatens to take away bonus pay if the employee makes a mistake, it's not at all encouraging. ",0,"nondom",1,2.6,"do",42,6,10,20,30,40,50,60,70,80,90,100,3,3,2,2,3,3,2,2,3,3,1,1,1,45,"white","GED","$60,001-$80,000","woman","Homemaker",""
165,"neg","The message above seems pretty passive aggressive. As an employee I would not want to hear that, and as a manager I would not say that because it seems rude.",0,"nondom",3,1.8,"do",35,6,10,20,30,40,50,60,70,80,90,100,3,1,2,2,2,2,2,1,1,2,1,1,1,19,"hispanic","GED","$20,001-$40,000","man","Student",""
166,"neg","I can see it being negative, because of the pressure of not receiving a bonus if they don't complete the task. I think if the employees are more relax they won't be too stress to reach an acceptable outcome.",0,"nondom",3,2.8,"do",35,3,100,100,100,100,100,100,100,100,100,51,5,5,2,2,1,5,2,1,2,3,1,1,1,42,"asian","2yearColl","$100,001-$120,000","man","Full-time",""
167,"pos","It explains the consequences and tries to get the employee excited about it. It encourages to win the bonus. ",0,"nondom",2,1.8,"do",39,5,0,5,10,25,30,50,55,60,65,100,3,1,1,2,1,1,2,1,3,3,1,1,1,47,"white","GED","$60,001-$80,000","woman","Part-time","Thank you "
168,"neg","there is an explicit negative threat that would offend many workers",0,"nondom",1,3.1,"skip",0,2,10,20,30,40,50,60,70,80,90,100,3,3,3,3,3,3,3,3,3,4,1,1,1,58,"white","4yearColl","$40,001-$60,000","man","Full-time",""
169,"pos","This message is straight to the point. There is no interpretation needed so exmployees might know exactly what the point of the task is and what is at stake",0,"nondom",2,2.4,"do",41,5,0,10,20,30,40,50,60,70,80,100,5,2,1,1,1,4,2,1,4,3,1,1,1,28,"white","MA","$100,001-$120,000","woman","Part-time, Student",""
170,"pos","The pressure to absolutely do your best and not accept any other outcomes creates a sense of unnecessary pressure on the employee to not make any mistakes. Mistakes are how we learn and grow, and to try to create a culture that avoids that is not conductive towards growth and development.",0,"nondom",3,2.7,"do",41,2,20,31,40,51,59,69,79,86,92,100,6,1,3,5,1,3,1,3,2,2,1,1,1,32,NA,"4yearColl","$140,001-$160,000","man","Full-time",""
171,"neg","If I were an employee a message like this world actually discourage me, I'd feel pressured\uncomfortable about performing by my manager. ",0,"nondom",1,2.1,"skip",40,3,10,20,30,40,50,60,70,80,90,100,3,2,1,2,1,3,1,2,3,3,1,1,1,60,"white","4yearColl","$100,001-$120,000","man","Full-time",""
172,"neg","The employee might feel that I was telling them to do well even if they are not going to get a bonus.  They might feel as though they are being cheated.",0,"nondom",2,1.7,"skip",40,2,9,10,11,12,20,20,30,40,40,50,2,3,1,3,1,3,1,1,1,1,1,1,1,77,"white","PHD","$120,001-$140,000","man","Part-time",""
173,"pos","They may feel positive about the potential for getting the full bonus. They may feel like there is a no nonsense approach from the manager.",0,"nondom",1,1.7,"do",30,3,20,20,20,20,90,90,100,100,100,100,1,2,1,1,1,3,2,1,3,2,1,1,1,35,"white","4yearColl","$160,001-$180,000","man","Full-time",""
174,"pos","I do not think the message the manage sent was a very encouraging one. I feel that the employee will be a bit taken aback by it's gruff nature. The only good thing I think might come out of this is the manager might want the employee to be fired up and really want to impress the employer",0,"nondom",1,1.7,"do",25,1,5,10,15,20,25,30,35,40,45,50,1,1,1,1,1,4,1,1,2,4,1,1,1,59,"white","2yearColl","$60,001-$80,000","woman","Full-time",""
175,"pos","The employee would have a negative reaction to this message because it would put him/her under pressure.",0,"nondom",1,4.3,"skip",19,1,25,41,46,53,68,81,92,93,92,97,3,6,3,3,5,3,6,3,6,5,1,1,1,33,"black","4yearColl","$120,001-$140,000","woman","Full-time","why was I asked for my favorite color"
176,"pos","The employee would have a positive reaction to the message because they want to get into the task and get a full bonus.",0,"nondom",1,3.3,"do",50,7,5,10,15,20,25,30,35,40,45,50,5,4,4,2,3,5,3,2,2,3,1,1,1,42,"white","GED","$140,001-$160,000","man","Full-time",""
177,"neg","This message focuses on the negative and is very severe-sounding. ",0,"nondom",1,2.1,"do",26,5,100,100,100,100,100,100,100,100,100,100,3,2,1,1,2,3,2,1,3,3,1,1,1,42,"white","2yearColl","$100,001-$120,000","man","Full-time",""
178,"neg","It’s time to get in there and do your absolute best can be worded “ try to do your best so you can get the full bonus! “  the original sentence isn’t very enthusiastic or doesn’t get me excited about the bonus. ",0,"nondom",2,2.3,"do",35,3,5,10,15,20,25,35,45,65,75,100,5,3,1,1,2,3,2,1,2,3,1,1,1,52,"white","2yearColl","$40,001-$60,000","woman","Part-time",""
180,"pos","The employ would be positively motivated so they could work hard for the bonus knowing it was on the line.  It also positively motivates them by telling them they already understand the task.",0,"nondom",1,1.8,"do",30,3,5,12,22,32,42,52,62,80,90,100,2,7,1,1,2,1,1,1,1,1,1,1,1,43,"white","4yearColl","$40,001-$60,000","man","Part-time",""
181,"neg","It has a feel of being very cold and direct. It will give the employee the feeling of being left alone without the managers support. ",0,"nondom",1,2.6,"skip",25,1,5,20,30,40,50,60,70,80,90,100,5,3,1,2,2,5,1,1,2,4,1,1,1,51,"white","2yearColl","$140,001-$160,000","man","Full-time","Not applicable"
182,"neg","It seems very straightforward, but it could also come across as cold which could make the employee feel under pressure. ",0,"nondom",1,1.8,"do",41,6,25,25,30,50,75,75,100,100,100,100,1,2,1,1,3,4,1,1,2,2,1,1,1,24,"white","GED","$80,001-$100,000","woman","Full-time",""
183,"neg","It sounds like a threat so everyone has negative thought about it.",0,"nondom",1,3,"skip",28,2,39,50,44,46,47,54,60,60,60,60,2,3,4,2,2,5,3,2,3,4,1,1,1,27,"black","4yearColl","$40,001-$60,000","man","Full-time",""
184,"neg","They might have a negative attitude towards the manager because it sounds aggressive and not supportive at all. It sounds as if an ultimatum is being given.",0,"nondom",1,3.1,"skip",15,1,0,10,15,20,25,30,35,40,45,50,4,3,1,2,2,4,4,1,4,6,1,1,1,41,"hispanic","4yearColl","$60,001-$80,000","woman","Full-time",""
185,"pos","Let's do our best and go for the best bonus we can and share it with the entire group",0,"nondom",2,2.6,"do",45,6,100,100,100,100,100,100,100,100,100,100,4,3,2,3,2,3,2,2,2,3,1,1,1,32,"asian","4yearColl","Over $200,000","man","Full-time",""
186,"neg","They might think I am being too harsh and only focused on the result and not how they're feeling. They could also feel like i don't trust them enough to do their work well",0,"nondom",2,3.4,"do",35,4,100,90,75,65,85,76,79,73,79,88,2,4,5,6,1,7,2,4,1,2,1,1,1,28,"white","4yearColl","$60,001-$80,000","woman","Part-time",""
187,"pos","The manager is encouraging and wants me to get the highest bonus possible.",1,"dom",5,2,"do",47,6,0,5,10,16,20,28,32,50,72,92,3,3,1,1,2,2,2,1,2,3,1,1,1,67,"white","4yearColl","$60,001-$80,000","man","Retired",""
188,"pos","The employee might feel positively because the manager is emphasizing the possibility of a bonus, and not basing doing well on something unrelated to financial gain. ",1,"dom",5,2.1,"do",48,5,100,100,100,100,100,100,100,100,100,100,1,1,1,2,2,1,2,1,5,5,1,1,1,25,"white","GED","Over $200,000","woman","Full-time",""
189,"pos","This choice implies that I as manager, believe my employee can do well on this task. Employees like compliments",0,"nondom",1,2.6,"do",30,5,9,26,32,41,48,53,59,64,69,96,1,3,1,6,2,2,2,2,4,3,1,1,1,57,"white","4yearColl","$80,001-$100,000","woman","Full-time",""
190,"neg","The employee might think he has to try even harder then he ever has and over work himself.",0,"nondom",1,3.4,"skip",10,2,5,28,31,39,34,57,78,93,94,100,5,2,5,7,1,6,1,1,1,5,1,0,0,18,"black","GED","$100,001-$120,000","man","Part-time","Good simple study"
191,"neg","The employee might feel pressured and micromanaged by the manager tone which comes off as demanding and transactional rather that supportive this could lead them to feel understand as if their effort is only being measured by the bonus outcome and not their overll contribution or well- being.",0,"nondom",1,3.9,"do",34,7,51,67,43,74,51,52,54,78,54,77,4,3,6,6,3,4,4,6,2,1,1,1,1,33,"black","4yearColl","$60,001-$80,000","man","Full-time","had a great study"
192,"pos","The might respect my candidness if I send this kind of message.  The message is straightforward and to the point.  No sugar coating.",1,"dom",4,3.4,"skip",40,4,10,20,30,40,50,60,71,80,89,100,4,4,3,3,2,4,3,3,2,6,1,1,1,39,"white","GED","$40,001-$60,000","man","Part-time",""
193,"pos","it sounds like a coach pumping him up so that will give the courage  to complete the job ",0,"nondom",1,1.3,"do",37,4,5,10,15,20,25,30,35,40,45,50,1,2,1,1,1,2,1,1,1,2,1,1,1,38,"black","GED","$20,001-$40,000","woman","Full-time",""
194,"pos","The manager is encouraging me to do my best. My manager wants me to earn a bonus for my hard work.  My manager believes I can complete the task.",0,"nondom",1,2.8,"do",40,6,10,20,30,40,50,60,70,80,90,100,5,3,4,4,1,5,1,1,2,2,1,1,1,46,NA,"MA","$100,001-$120,000","woman","Full-time",""
195,"pos","It's supportive and competitive sounding, to say ""do your absolute best"" is a good way to encourage someone to work hard. ",1,"dom",6,4.3,"do",36,7,100,100,85,81,89,78,79,82,94,100,7,5,5,4,3,7,3,3,1,5,1,1,1,26,"hispanic","4yearColl","$40,001-$60,000","woman","Full-time",""
196,"pos","This message is best for somebody who likes challenges and is rewarded by hard work. Somebody who doesn't mind being pushed to the limit in order to succeed would take this message positively. ",0,"nondom",2,3.1,"do",35,4,10,20,30,40,50,60,70,80,90,100,5,4,2,2,4,5,1,2,2,4,1,1,1,40,"black","2yearColl","$80,001-$100,000","man","Full-time",""
197,"neg","They might think that they are being judged with how they perform, which would make them feel very anxious moving forward.",0,"nondom",1,1.6,"skip",28,2,12,24,33,41,50,56,63,75,87,100,4,1,1,1,1,4,1,1,1,1,1,1,1,25,"white","4yearColl","$80,001-$100,000","man","Full-time","None thank you!!"
198,"pos","They might feel inspired and like they need to impress the manager",1,"dom",4,3.3,"do",25,5,10,20,30,40,50,60,70,80,90,100,5,3,3,5,3,3,2,3,3,3,1,1,1,40,"asian","2yearColl","$160,001-$180,000","woman","Part-time",""
199,"neg","This task is been known for a while. It is expected of you to get it done.",0,"nondom",2,3.2,"do",50,7,5,8,11,15,20,26,34,38,42,50,4,3,2,5,1,5,1,7,1,3,1,1,1,42,"white","2yearColl","$60,001-$80,000","man","Full-time",""
200,"neg","The employee might react negatively towards the message because it sounds like a threat.",0,"nondom",2,4.1,"do",45,1,10,20,30,40,50,60,70,80,90,100,4,3,6,4,4,6,2,4,5,3,1,1,1,33,"asian","MA","$140,001-$160,000","man","Full-time",""
201,"neg","The employee may feel like this message is pressuring them, and might be a vaguely threatening thing to read before this task. They might think the manager is desperate for a bonus as well.",0,"nondom",1,2.1,"do",43,2,60,70,80,90,90,100,100,100,100,100,3,1,2,3,1,4,2,1,3,1,1,1,1,30,"white","2yearColl","$0-$20,000",NA,"Part-time",""
202,"pos","This is my chance to really go above and beyond and prove myself in this task. ",0,"nondom",2,2.1,"do",41,6,10,20,30,40,50,60,70,80,90,100,2,2,2,2,1,2,1,6,1,2,1,1,1,36,"white","4yearColl","$140,001-$160,000","man","Full-time",""
203,"neg","It seems almost threatening in nature. It's also adding quite a bit of stress to the user by letting them know the consequences of failing.",1,"dom",5,3.3,"do",45,2,100,90,90,85,80,70,35,0,0,0,5,2,1,5,1,6,2,2,6,3,1,1,1,37,"white","MA","$100,001-$120,000","man","Full-time","N/A"
204,"pos","Although I don't think they would have a good feeling about this, but i think it would be helpful as they feel like everythign is honest",0,"nondom",1,1.5,"do",30,4,100,100,100,100,100,100,100,100,100,100,2,1,1,1,3,1,1,1,1,3,1,1,1,NA,"white","PHD","$80,001-$100,000","woman","Full-time",""
205,"pos","This message should motivate the employee to do their best because it is encouraging without being forceful, so they should not feel to much pressure when reading it.",0,"nondom",2,2,"do",45,6,10,20,25,31,40,50,59,73,87,100,2,3,1,1,2,4,1,1,2,3,1,1,1,40,"white","2yearColl","$40,001-$60,000","man","Full-time",""
206,"pos","the employee might feel that the manager has high expectations and trust in their ability to suceed which can be motivating they could also appreciate the clear communications about the stakes seing the manager are someone.",0,"nondom",1,4.2,"do",30,6,35,68,13,17,22,27,35,37,44,49,4,2,6,7,3,6,4,5,3,2,1,1,1,33,"black","4yearColl","$40,001-$60,000","man","Full-time",""
207,"neg","They might feel pressured, undervalued or resentful towards the manager",0,"nondom",3,3.6,"do",28,6,25,34,37,27,45,30,53,51,79,73,5,2,4,4,3,4,4,5,2,3,1,0,0,38,"white","4yearColl","$40,001-$60,000","man","Full-time",""
208,"neg","I don't like how the manager is treating me. He is using money as a tool against me.",0,"nondom",2,3.9,"do",27,3,16,30,35,40,46,57,65,74,84,92,5,5,3,4,3,4,5,4,3,3,1,1,1,27,"white","4yearColl","$40,001-$60,000","man","Full-time",""
209,"pos","By now you know about the task at hand. I know you will get in there and do the best you can around all the rounds. Understand, if you don't complete the task nor do it well, you will unfortunately not receive the complete bonus but we know you tried.",0,"nondom",1,2.1,"do",26,3,3,8,13,19,23,29,33,39,44,50,3,2,1,1,1,3,1,7,1,1,1,1,1,69,"white","2yearColl","$80,001-$100,000","woman","Part-time","Thank you for the study"
210,"pos","I think that the individual could have positive thoughts about this message because it appears that the message is encouraging. It gives the individual freedom to complete the task, and the manager is saying that all they need to do is to complete their absolute best. ",1,"dom",4,2,"do",40,6,0,4,7,13,23,44,75,100,100,100,4,2,2,1,1,3,1,2,2,2,1,1,1,27,"white","4yearColl","$60,001-$80,000","woman","Full-time",""
211,"neg","The manager may be condescending by saying that the employee needs to complete the task and do it well, as if the employee needs to be reminded that their normal work won't be good enough. The employee might feel disrespected.",0,"nondom",2,1.3,"do",45,3,10,21,30,40,50,70,80,87,95,100,1,1,1,1,2,2,1,1,1,2,1,1,1,42,"white","2yearColl","$60,001-$80,000","man","Full-time",""
212,"pos","The employee might have a positive reaction to this message because it is direct and straightforward as opposed to ambiguous ",1,"dom",5,2.6,"do",37,3,10,20,30,40,50,60,70,80,90,100,5,2,3,2,2,2,2,2,3,3,1,1,1,46,"white","MA","Over $200,000","man","Full-time",""
213,"neg","Because it implies that the manager does not really have their back when it comes to the assignment. Its also more of an order than a team building exercise or something that the manager is being supportive with. ",0,"nondom",2,3,"do",35,2,0,0,10,10,25,35,50,65,75,100,5,5,2,3,3,1,2,1,5,3,1,1,1,25,"white","2yearColl","$40,001-$60,000","man","Full-time",""
214,"neg","This message puts too much emphasis on the bonus. It gives the sense that the employee will get in trouble if they don't get a perfect score. This will raise the stress level, which increases the likelihood that they will mess up.",0,"nondom",1,2.2,"skip",35,1,10,20,30,40,50,60,70,80,90,100,3,3,1,2,1,6,1,1,1,3,1,1,1,33,"white","2yearColl","$60,001-$80,000","man","Full-time",""
215,"pos","They could have a positive reaction to that message because it indicates that they as the employee have control over their bonus and feel that they will be rewarded for doing well.",0,"nondom",2,3.1,"do",42,4,0,0,5,20,35,45,55,75,90,100,5,4,1,2,3,5,2,2,3,4,1,1,1,36,"white","4yearColl","$120,001-$140,000","man","Full-time",""
216,"neg","They may think that the manager is implying they are incapable when they hear they will not get the bonus if they don't work well.",1,"dom",4,3,"do",40,5,80,90,100,100,100,100,100,100,100,100,5,4,2,2,6,2,2,2,2,3,1,1,1,35,"white","MA","$20,001-$40,000","man","Full-time","None"
217,"neg","Someone may feel like pressure is on them to perform. They may feel like they have no choice to not do the task.",0,"nondom",2,1.8,"skip",25,3,6,13,21,29,40,45,50,60,80,100,1,2,1,1,2,4,2,1,2,2,1,1,1,49,"white","4yearColl","$100,001-$120,000","woman","Full-time",""
218,"neg","The end of the message feels threatening, intimidating the employee about not getting a full bonus.  It also feels commanding, stating that ""it's time to get in there and do your absolute best"". ",0,"nondom",2,2,"do",20,3,20,30,40,50,56,60,70,85,90,100,2,4,1,1,3,2,2,1,2,2,1,1,1,48,"white","2yearColl","$80,001-$100,000","man","Full-time",""
219,"neg","It may make them resent the manager or not work to the fullest capability.",0,"nondom",1,2.9,"do",50,5,1,3,5,7,7,7,5,5,6,100,5,5,2,2,2,2,2,1,2,6,1,1,1,39,"multiracial","GED","$20,001-$40,000","man","Full-time",""
220,"neg","You are using a stick instead of a carrot. I think people would rather be praised/encouraged rather than threatened.",0,"nondom",2,2.8,"do",40,2,100,100,100,100,100,100,100,100,100,100,5,5,2,3,2,5,1,1,2,2,1,1,1,46,"white","2yearColl","Over $200,000","man","Full-time",""
221,"pos","They may feel positive that the manager has faith in the fact that they are well aware and capable of the task.  They may also like the encouragement to go ahead and do their best.",0,"nondom",2,3,"skip",35,3,10,10,10,10,10,10,10,10,10,10,5,4,1,1,2,4,3,2,3,5,1,1,1,46,"white","4yearColl","$160,001-$180,000","woman","Part-time",""
222,"neg","It assumes the employee knows the task already. Message sounds more demanding than encouraging.",0,"nondom",2,2.6,"do",50,3,10,20,30,40,50,60,70,80,90,100,5,1,1,2,3,5,2,1,3,3,1,1,1,27,"white","4yearColl","$140,001-$160,000","man","Full-time",""
223,"neg","the message is kind of negative, so a negative response wouldn't be odd to me. I think it's basically a threat and not motivating them at all",0,"nondom",1,2.6,"skip",25,2,7,11,17,23,30,40,49,57,69,100,5,2,1,1,2,5,1,1,2,6,1,1,1,30,"white","4yearColl","$180,001-$200,000","woman","Full-time",""
224,"neg","The tone of the sentences seem condescending therefore could be discouraging ",0,"nondom",1,2.3,"skip",28,2,3,13,27,38,47,59,63,76,84,100,5,2,2,1,3,2,1,1,3,3,1,1,1,37,"asian","4yearColl","Over $200,000","woman","Temporarily laid off",""
225,"pos","This message sounds most personally supportive. They know the task and and are psyching them up, not demanding. ",1,"dom",6,1.9,"do",35,5,10,27,50,50,73,85,85,95,100,100,2,1,1,2,1,1,2,1,4,4,1,1,1,40,"white","4yearColl","$60,001-$80,000","woman","Full-time",""
226,"pos","If the employee has a competitive nature, asking them to do their absolute best may activate that motivation. The phrase ""It's time to get in there"" sounds very much like something a high school sports coach would say, and I feel like this would encourage the employee to see you as their coach.",0,"nondom",2,2.2,"do",25,3,50,100,100,100,100,100,100,100,100,100,2,1,5,2,1,5,1,1,3,1,1,1,1,36,"white","MA","$0-$20,000","woman","Part-time",""
227,"neg","This message is not encouraging and comes across as a threat.  If you don't do it, you will not get the full bonus.  It is not at all warm or friendly.  ",0,"nondom",1,2.2,"skip",36,2,50,50,75,100,100,100,100,100,100,100,2,2,2,1,2,2,2,1,3,5,1,1,1,48,"white","GED","$160,001-$180,000","woman","Part-time",""
228,"neg","The message is using the threat of not getting a bonus to try to inspire the person to do well. Not everyone responds well to threats, so it can be viewed very negatively.",0,"nondom",1,2.3,"skip",30,1,19,29,40,50,60,70,75,80,90,100,2,6,2,2,2,2,1,2,2,2,1,1,1,48,"white","4yearColl","$140,001-$160,000","man","Full-time",""
229,"pos","I believe it is implied in the message should the employee did a good job he will get a full bonus. So that's the positive thing he will take from the message.",0,"nondom",1,3.2,"skip",36,2,5,10,15,20,25,30,35,40,45,50,5,4,2,4,3,5,2,2,2,3,1,1,1,32,"black","4yearColl","$160,001-$180,000","man","Full-time","I have none."
230,"neg","'Do your absolute best' may put unwanted pressure on the employee. There's also a difference between completing something and doing it well, the latter being an additional factor for the employed to worry about. I'd wager the employee might worry more about doing well than completing the task, feeling their manager only cares about what looks best and not the pressure their employee feels.",0,"nondom",2,1.6,"do",40,3,11,15,27,35,51,68,70,85,90,100,1,1,1,1,1,1,2,1,3,4,1,1,1,28,"white","4yearColl","$0-$20,000","woman","Full-time",""
231,"pos","I feel that adding the ""if you don't"" part gives off a negative emotion. You want to encourage not scare. ",0,"nondom",1,4.8,"do",50,7,0,0,0,10,15,25,40,60,80,100,7,5,6,5,6,5,4,1,5,4,1,1,1,21,"black","GED","$0-$20,000","man","Part-time",""
232,"neg","It seems a little demanding and could cause the employee to no longer want to complete the task. “get in there and do your absolute best across all round” isn’t encouraging but demanding. ",0,"nondom",1,2.2,"skip",35,2,60,75,75,80,80,85,85,90,95,100,5,2,2,1,1,5,1,1,1,3,1,1,1,36,"black","2yearColl","$40,001-$60,000","woman","Full-time",""
233,"pos","I think the whole message is positive.  The last part may throw some pressure but it is not saying they will fail.  I think if i received this message it would be clear and to the point. ",1,"dom",5,2.8,"do",40,5,100,100,100,100,100,100,100,100,100,100,5,3,1,2,3,5,1,1,2,5,1,1,1,45,"white","2yearColl","$160,001-$180,000","man","Full-time",""
234,"neg","This message might make the employee feel pressured and controlled, seeing the manager as demanding and unsupportive rather than encouraging, which could damage trust. They might feel their autonomy is being undermined, leading to resentment or a perception that the manager is only focused on their own bonus.


",0,"nondom",1,1.2,"do",30,2,10,20,30,40,50,60,70,80,89,100,1,1,1,1,2,1,1,1,1,2,0,1,0,25,"black","4yearColl","$160,001-$180,000","man","Full-time",""
235,"neg","The employee could interpret this message as demoralizing and demanding. It leaves little to no room for human error, which can be frustrating!",0,"nondom",1,1.2,"do",50,5,50,50,50,50,50,100,100,100,100,100,1,1,1,1,1,1,1,1,2,2,1,1,1,37,"white","4yearColl","$80,001-$100,000","woman","Part-time","N/A"
236,"neg","the employee might feel like i am badgering them to do the task. they may also feel like i am not being supportive in a positive and encouraging way.",0,"nondom",1,2.6,"skip",10,1,10,20,30,40,50,60,70,80,90,100,5,2,1,1,2,6,2,2,2,3,1,1,1,46,"multiracial","4yearColl","$100,001-$120,000","woman","Full-time",""
237,"neg","The employee can have a negative reaction due to this message containing more negative tone. It puts more weight on the employee as it brings in the fact that they will not get the complete bonus if they dont do a good job. ",0,"nondom",1,2.9,"do",46,6,5,5,10,10,20,25,25,50,50,50,3,3,3,3,2,5,3,1,3,3,1,1,1,29,"asian","4yearColl","$40,001-$60,000","woman","Full-time",""
238,"neg","They feel like their being pressured to perform well, if not they won't be getting a bonus. It feels forced.",0,"nondom",2,2.4,"skip",37,3,12,29,33,41,45,57,72,83,94,100,2,2,2,2,1,3,5,1,2,4,1,1,1,35,"asian","2yearColl","$100,001-$120,000","woman","Full-time",""
239,"neg","I think it is pretty negative when it states ""if you dont complete it and do well, you will not get the full bonus""",0,"nondom",1,1.9,"do",40,6,100,100,100,100,100,100,100,100,100,100,2,2,2,2,2,2,1,1,2,3,1,1,1,31,"white","MA","Over $200,000","woman","Full-time",""
240,"pos","The message seems energized and exciting. It is encouraging in a way that may pump up the person and encourage them to do well at the task. ",1,"dom",6,2,"do",50,6,100,100,100,100,100,100,100,100,100,100,3,2,1,1,1,4,1,2,1,4,1,1,1,37,"white","GED","$100,001-$120,000","woman","Full-time",""
241,"pos","They would be motivated to do well. If they do well and get rewarded they will appreciate their manager.",1,"dom",5,3.8,"do",50,6,17,39,61,80,100,100,100,100,100,100,6,4,3,3,2,6,2,2,6,4,1,1,1,42,NA,"PHD","$100,001-$120,000","man","Full-time",""
242,"pos","My manager thinks I can do my best. They want me to succeed so I will get my bonus.",1,"dom",5,2.4,"do",31,6,10,20,29,40,54,59,70,79,91,100,2,2,2,2,1,4,3,1,3,4,1,1,1,41,"white","GED","$60,001-$80,000","woman","Full-time",""
243,"pos","The employee might appreciate the manager's directness and clarity. understanding that the message shows the manager has high expectation and believes they are capable of doing well.",0,"nondom",2,4.1,"do",41,5,33,42,52,55,58,64,67,66,70,72,4,3,7,6,1,5,6,5,1,3,1,1,1,33,"white","4yearColl","$40,001-$60,000","man","Full-time","Thanks for the opportunity"
244,"pos","The employee may see this message as positive because the manager is suggesting that the employee typically does a great job and that on this task it should be no different. ",0,"nondom",1,3.6,"do",40,3,0,10,20,30,40,50,60,70,90,100,6,3,2,6,2,6,1,5,2,3,1,1,1,27,"multiracial","PHD","$160,001-$180,000","man","Full-time",""
245,"pos","They are assuming they know the task at hand and don't need a refresher. It also also fairly curt in the delivery.",0,"nondom",1,2,"skip",15,2,100,100,100,100,100,89,86,85,81,78,2,7,1,1,1,1,2,1,2,2,1,1,1,43,"white","GED","$180,001-$200,000","man","Full-time",""
246,"neg","The employee might feel micromanaged, pressured, or threatened by the message, perceiving it as a lack of trust in their abilities.",0,"nondom",1,4.1,"do",37,6,66,88,82,67,66,66,78,69,75,70,6,2,5,5,3,6,3,6,2,3,1,1,1,24,"black","4yearColl","$40,001-$60,000","man","Part-time",""
247,"neg","Well.. ..To say the least, this particular messaging is Patronizing.  And, controlling.  

That, I make it sound like I'm the one who's determining my employee's fate, also, doesn't help matters.",0,"nondom",1,2.3,"skip",0,1,0,21,30,40,50,60,70,80,90,100,4,1,2,2,1,4,1,2,2,4,1,1,1,43,"black","GED","$20,001-$40,000","man","Full-time","i think i'd rather have worked on the shape-picker task. :-)."
248,"pos","The employee might feel respected and trusted by their manager, believing that their efforts are appreciated and the manager genuinely cares about their success. This positive perception can cultivate loyalty and a stronger sense of commitment to preforming at their best.",1,"dom",6,4,"do",37,6,55,61,73,52,65,48,55,49,50,61,5,3,6,5,2,6,4,5,1,3,1,1,1,58,"black","4yearColl","$60,001-$80,000","man","Full-time",""
249,"neg","the message sounds very aggressive and confrontational ",0,"nondom",1,3.8,"do",35,2,11,23,33,43,54,64,72,81,91,100,5,5,5,5,2,6,2,1,5,2,1,1,1,44,"white","4yearColl","$80,001-$100,000","man","Full-time",""
250,"pos","The employee might appreciate the directness and clear expectations from the manager, valuing the manager's honesty about the bonus being tied to performance. This could foster a sense of trust and transparency in their professional relationship.",0,"nondom",1,3.2,"do",30,2,4,10,20,30,40,50,60,71,80,100,6,2,6,2,2,6,2,2,2,2,1,1,1,44,"white","4yearColl","$100,001-$120,000","man","Full-time",""
251,"pos","The manager acknowledges that the employee has an understanding of the task.  This will make the employee feel intelligent and is positive.",1,"dom",5,1.7,"do",30,6,14,25,35,46,57,70,85,94,97,100,2,3,1,1,1,2,1,1,2,3,1,1,1,54,"white","4yearColl","Over $200,000","man","Full-time",""
252,"neg","It says the statement ""if you don't complete it and do it well"" and then lists a consequence, you will not get the full bonus. It is concentrating on all negative things. ",0,"nondom",1,3.8,"skip",40,3,100,100,100,100,100,100,100,100,100,100,5,3,5,3,3,5,3,5,3,3,1,1,1,34,"white","4yearColl","$140,001-$160,000","woman","Full-time",""
253,"neg","The employee would likely have a negative perception of me if I chose to send this message because it comes off as strict and demeaning. I would not choose this message because it expects a lot from a stranger, and I think they would not care about me or the task at hand because they would see the situation as not that serious then perform poorly. ",0,"nondom",1,3.1,"do",40,5,0,5,10,20,30,40,50,70,85,100,3,3,6,2,2,5,3,1,3,3,1,1,1,33,"white","GED","$0-$20,000","man","Part-time",""
254,"pos","The manager has a friendly demeanor and seems to want me to reach my full potential. ",0,"nondom",2,2,"do",36,5,0,0,0,0,74,0,74,0,0,100,2,2,2,1,1,2,2,2,3,3,1,1,1,NA,"white","4yearColl","$100,001-$120,000","woman","Part-time",""
255,"neg","The employee might feel as though you have little confidence in their integrity and work ethic and therefore feel the need to threaten them with their bonus to make them perform their work adequately. ",1,"dom",6,3.4,"do",50,4,0,10,15,20,25,30,35,40,45,100,5,4,2,2,3,5,2,2,5,4,1,1,1,47,"white","4yearColl","$160,001-$180,000","man","Full-time","none"
256,"pos","They might act positively to this thinking that they need to work really hard to get the bonus and they know up front what needs to be done and what's expected. So it's pretty transparent that the better they do the more bonus that they'll receive.",0,"nondom",1,2.9,"do",50,2,20,30,40,50,60,70,80,90,95,100,6,1,3,2,1,2,3,2,7,2,1,1,1,57,"white","4yearColl","$20,001-$40,000","man","Full-time",""
257,"pos","It does insinuate that you are capable of doing the project well enough for the full bonus. It also clearly lays out why you should pay attention to the assignment.",0,"nondom",1,2.3,"do",40,3,62,68,74,77,81,84,90,93,98,100,2,3,2,2,3,2,2,2,2,3,1,1,1,NA,"white","MA","$120,001-$140,000","woman","Full-time",""
258,"pos","The employee might have a positive impact or reaction to the message above only by knowing that the manager would want the absolute best for them. Also, knowing that the manager is a no-nonsense manager and frowns on failure would serve as a motivation.",0,"nondom",1,4.7,"skip",20,3,45,45,45,45,50,56,70,100,100,100,7,1,6,6,5,5,1,5,5,6,1,1,1,26,"black","4yearColl","$140,001-$160,000","man","Full-time",""
259,"neg","The message comes off demanding and cold, if I were the employee this would not motivate me to do well.",0,"nondom",1,2.5,"do",10,2,10,20,30,40,50,60,70,80,90,100,5,5,1,1,1,6,2,1,1,2,1,1,1,27,"white","GED","$80,001-$100,000","man","Part-time",""
260,"neg","They might think this message is very demanding and will react by thinking negatively towards the manager because he seems overbearing and stern. ",0,"nondom",1,2,"do",36,3,7,17,28,40,53,65,75,86,94,100,3,1,2,2,2,3,1,1,2,3,1,1,1,63,"white","2yearColl","$20,001-$40,000","man","Full-time",""
261,"pos","They'll reach positively because I'm giving them words of encouragement and advice to do well. I win if they win. ",1,"dom",6,2.3,"do",49,6,15,30,44,61,75,75,100,100,100,100,4,2,1,2,2,5,2,1,2,2,1,1,1,32,NA,"4yearColl","$40,001-$60,000","woman","Full-time",""
262,"pos","The employee might appreciate the mangers honesty and clear expectation, which can foster trust and motivate them to perform their best. They may also feel valued through direct communication, strengthening their respect for the manager.",0,"nondom",1,2.3,"do",29,6,5,20,40,54,54,58,62,65,72,78,2,2,1,1,2,5,2,4,2,2,1,1,1,39,"white","4yearColl","$100,001-$120,000","man","Full-time",""
263,"neg","The employee might feel pressured or micromanaged, interpreting the message as demanding and unsupportive. this could lead them to view the manager as more focused on their own bonus than on encouraging mutual success.",0,"nondom",1,3.8,"do",37,5,13,20,29,37,43,50,58,64,72,82,4,3,5,6,2,5,4,5,1,3,1,1,1,45,"white","4yearColl","$60,001-$80,000","man","Full-time","Great survey, Thanks!"
264,"pos","They could be happy that the boss is encouraging to their best and use that as a motivator",1,"dom",5,4.1,"do",45,5,44,56,66,66,56,69,67,62,76,52,5,4,4,4,4,5,3,5,4,3,1,1,1,27,"black","2yearColl","$40,001-$60,000","woman","Full-time","nope"
265,"pos","Even though it's hard to imagine getting a positive reaction to this message, maybe this kind of message could make a person feel more determined, and be grateful to the manager for being straightforward and honest about his expectations and the consequences of failing. ",0,"nondom",1,1.7,"skip",40,2,10,30,40,50,50,70,80,90,100,100,2,2,1,2,1,2,1,1,2,3,1,1,1,30,"white","MA","$40,001-$60,000","woman","Part-time",""
266,"pos","i guess they would need to see this as tough love. this is rather factual rather than positive",0,"nondom",1,2.8,"skip",5,3,100,100,100,100,100,100,100,100,100,100,5,3,1,2,3,3,3,2,3,3,1,1,1,59,"white","4yearColl","$20,001-$40,000","woman","Part-time",""
267,"neg","They might be worried about not receiving a bonus despite their best efforts ",0,"nondom",3,3.1,"do",30,4,3,13,18,30,38,46,61,70,85,100,5,3,1,3,3,4,2,3,2,5,1,1,1,32,"white","4yearColl","$20,001-$40,000","man","Full-time",""
268,"neg","It shows that their bonus is only contingent on this particular task. It does not look at the employee as a whole and their efforts in their day-to-day job. ",0,"nondom",2,2.6,"do",40,2,100,100,100,100,100,100,100,100,100,100,3,3,2,2,2,2,3,2,4,3,1,1,1,38,"white","4yearColl","$80,001-$100,000","woman","Full-time",""
269,"neg","The second sentence is framed with a negative outcome (""you will not get the full bonus"").  This may discourage the employee. It would be better to make a positive statement of the results of doing well.",0,"nondom",2,1.6,"do",35,3,10,20,70,75,80,92,94,96,98,100,1,2,2,2,1,1,2,1,2,2,1,1,1,63,"white","MA","$100,001-$120,000","man","Full-time","none"
270,"neg","I think the above message is suggesting that the employee doesn’t normally do their best work. I would find it a little insulting. The message doesn’t sound very trusting of the employee",0,"nondom",2,1.5,"skip",45,2,100,100,100,100,100,100,100,100,100,100,2,2,1,1,1,2,1,1,2,2,1,1,1,44,"white","4yearColl","$100,001-$120,000","woman","Full-time",""
271,"neg","My manager does not care about me. All he cares about is his own bottom-line.",0,"nondom",1,2,"skip",20,1,100,100,100,100,100,100,100,100,100,100,1,1,1,1,1,6,1,1,1,6,1,1,1,49,"white","4yearColl","$120,001-$140,000","man","Full-time",""
272,"neg","it sounds absolutist to me the person who sees this message will feel more pressure to complete the task flawlessly. The message does not encourage, instead it berates the user to perform well or else",0,"nondom",1,1.7,"do",35,2,10,20,30,40,50,75,100,100,100,100,1,2,1,1,2,2,3,1,2,2,1,1,1,29,"white","GED","$60,001-$80,000","man","Full-time",""
273,"pos","They could look up to their manager because the manager motiviates his workers.  The manager might motivate them to do their best and to work hard for their goals, and the manager might show that he cares by investing time and training with their workers.  ",0,"nondom",1,2,"do",45,7,100,100,100,100,100,100,100,100,100,100,3,2,1,1,1,5,1,1,2,3,1,1,1,41,"hispanic","4yearColl","$40,001-$60,000","woman","Full-time",""
274,"neg","i thunk he may be annoyed by the pressure and scared he may lose his job",0,"nondom",3,4.1,"do",29,5,6,7,21,48,60,63,66,87,94,100,3,3,5,4,5,4,4,4,5,4,1,1,1,45,"black","4yearColl","$120,001-$140,000","man","Full-time",""
275,"neg","The message has a cold tone to it and is more or less about the bottom line. It's not encourgaging it's more so demanding.",0,"nondom",1,3.7,"do",40,3,100,100,100,100,100,100,100,100,100,100,7,4,5,3,2,6,2,2,2,4,1,1,1,33,"black","4yearColl","$40,001-$60,000","woman","Part-time",""
276,"pos","This Can Motivate and Help and Encourage Them To At Least Try Their Best and Work Very Hard to Earn the Bonus and Not Stress Out or Pressure Themselves and Don't Slack Off With This Task.",1,"dom",4,2.2,"do",30,5,50,50,50,75,75,100,100,100,100,100,1,2,2,2,1,4,5,1,1,3,1,1,1,24,"black","GED",NA,"man","Part-time",""
277,"neg","this message sounds like a threat and it focuses on the negative consequence.",0,"nondom",2,2.7,"skip",10,2,18,30,48,56,70,72,79,85,89,100,3,3,3,2,2,3,3,2,3,3,1,1,1,49,"asian","4yearColl","$160,001-$180,000","woman","Part-time",""
278,"neg","I do not feel the message has any words of encouragement. It lacks enthusiasm and appreciation. Further, the message is focusing on consequences over motivation.",0,"nondom",1,1.7,"do",25,2,10,20,30,40,50,60,70,80,90,100,4,1,1,1,1,4,1,1,1,2,1,1,1,51,"white","GED","$20,001-$40,000","woman","Full-time","Thank you for this unique study. I really enjoyed it. Have a great day."
279,"neg","The employee might be pressured or undervalued, thinking the manager is only focused on result or not on their well-being, which could lead to frustration or depressed motivation. ",1,"dom",5,3.8,"do",30,5,60,70,60,80,70,60,70,60,70,80,5,2,5,4,4,4,4,5,2,3,1,1,1,72,"black","4yearColl","$40,001-$60,000","woman","Full-time","Thanks for giving this opportunity."
280,"neg","it would feel as though they will look down on you if you don't do well or are not good enough if you don't recieve the bonus.  it would make me not want to try hard as it feels like part of the aspect should be to have fun ",0,"nondom",2,3.1,"skip",17,3,19,30,39,46,50,55,61,65,78,91,2,3,3,5,3,3,3,3,3,3,1,1,1,48,"white","2yearColl","$80,001-$100,000","man","Full-time",""
281,"pos","they might have a positive reaction knowing there is a bonus and working towards that bonus. They might be grateful towards the manager for offering a bonus.",1,"dom",5,1.4,"do",35,6,25,40,50,60,70,75,80,85,90,100,1,2,1,1,1,4,1,1,1,1,1,1,1,31,"white","4yearColl","$20,001-$40,000","man","Full-time",""
282,"neg","They might feel more stressed or pressured into completing the task",0,"nondom",3,2.8,"do",40,3,10,20,33,47,62,75,90,94,100,100,5,2,1,3,2,3,3,1,4,4,1,1,1,32,"white","4yearColl","$140,001-$160,000","man","Full-time",""
283,"pos","I think they may be motivated and want to do well to get the bonus.  ",0,"nondom",1,1.6,"do",30,3,4,25,36,45,52,65,75,90,95,100,1,3,2,1,1,1,1,1,1,4,1,1,1,50,"white","4yearColl","$60,001-$80,000","woman","Full-time","n/a"
284,"neg","This message comes across as rude and demanding. By saying the employee will not get the full bonus if they fail to complete this task is threatening!",0,"nondom",1,3.9,"skip",9,1,20,50,60,75,75,74,75,75,100,100,7,1,1,2,1,7,1,7,7,5,1,1,1,44,"white","4yearColl","$60,001-$80,000","woman","Full-time","Thank you very much!"
285,"pos","I think some people would act positively to this message.  They may like the thought that their fate is in their own hands and find that motivating. ",0,"nondom",2,1.9,"do",40,6,100,100,100,100,100,100,100,100,100,100,2,1,1,1,3,3,2,1,3,2,1,1,1,64,"white","MA","$40,001-$60,000","woman","Full-time",""
286,"pos","It is very direct to the point. It gives them specific direction on what to do.",0,"nondom",1,2.2,"skip",41,2,10,10,40,50,60,60,80,80,100,100,2,3,2,2,2,3,2,2,2,2,1,1,1,54,"white","MA","Over $200,000","man","Full-time",""
287,"pos","The employee might feel that the manager believes in their abilities and is counting on them, which could create a sense of trust and mutual responsibility. They may also appreciate the managers directness and clarity, seeing it as a sign of respect and professionalism rather than pressure.",1,"dom",5,3,"do",47,4,0,0,0,0,0,0,0,0,5,95,4,4,2,1,6,3,3,1,3,3,1,1,1,52,"white","GED","$140,001-$160,000","woman","Full-time",""
288,"pos","It gives off a vibe of ok let's go! This can be very motivating and pump someone up giving them positive feelings toward their manager.",0,"nondom",2,2.1,"skip",41,3,0,0,30,40,50,60,70,80,90,100,2,2,1,1,3,2,2,1,2,5,1,1,1,35,"white","MA","$60,001-$80,000","woman","Part-time",""
289,"neg","I think that they may have some negative thoughts in the form of doubt that they could not do good. They may also feel some negativity associated with feeling pressure to work harder from the manager.",0,"nondom",1,2.9,"do",43,4,2,4,2,3,6,6,23,41,58,100,4,2,2,4,2,6,1,2,2,4,1,1,1,44,"white","4yearColl","$60,001-$80,000","woman","Full-time","none"
290,"pos","I think they would feel like they are doing a great job and know their expectations.",0,"nondom",1,3,"do",28,7,43,64,42,25,49,73,54,41,33,78,6,2,2,2,2,4,2,6,3,1,1,1,1,25,"white","4yearColl","$60,001-$80,000","woman","Full-time",""
291,"pos","They will think the manager is encouraging and trying to help them earn as much as they can. They will be appreciative.",1,"dom",6,3,"do",50,7,100,100,100,100,100,100,100,100,100,100,5,3,1,4,1,2,2,1,4,7,1,1,1,56,"white","4yearColl","$0-$20,000","woman","Full-time",""
293,"neg","I think the employee would think that this would be a negative message to receive because it is kind of threatening. I think they would not like their manager is they were to receive this type of message. ",0,"nondom",1,1.4,"skip",28,1,18,30,40,50,60,70,80,85,90,100,4,1,1,1,1,1,1,1,2,1,1,1,1,36,"white","4yearColl","$100,001-$120,000","woman","Full-time",""
294,"neg","An employee might think that the manager does not appreciate their hard work already.",0,"nondom",1,3.1,"skip",34,2,76,87,93,93,92,93,92,94,93,99,5,2,3,4,3,4,2,4,1,3,1,1,1,21,"hispanic",NA,"$0-$20,000","woman","Student",""
296,"pos","i think that the employee could think of this message positively because they would be encouraged by the idea of getting the bonus, therefor it would make them do their best and work hard to achieve that.",0,"nondom",1,1.9,"do",50,5,10,20,30,40,50,60,70,80,90,100,2,1,1,1,1,1,1,1,3,7,1,1,1,29,"white","GED","$80,001-$100,000","woman","Full-time",""
297,"neg","The employee can feel like the manager is putting too much pressure on them or even threatening them.",0,"nondom",1,3.2,"do",46,5,10,20,30,40,50,60,70,80,88,100,1,4,1,1,6,4,2,5,2,6,1,1,1,45,"black","GED","$20,001-$40,000","man","Full-time",""
298,"neg","The employee might not care about the bonus or completing the task. The message sounds condescending to the employee.",0,"nondom",2,2.6,"skip",50,3,0,0,0,0,50,50,50,50,50,100,3,5,2,2,3,4,1,2,1,3,1,1,1,54,"white","4yearColl","$80,001-$100,000","man","Full-time",""
299,"pos","There is a bit of encouragement for the employee about how this task needs to be done. I can see that when the manager says to the employee to do their absolute best. ",0,"nondom",1,3.3,"do",45,4,50,50,50,50,50,50,50,50,50,50,2,6,2,2,6,6,2,2,1,4,1,1,1,31,"hispanic","2yearColl","$40,001-$60,000","woman","Part-time",""
300,"pos","The words of encouragement to do their best can be seen as positive.",0,"nondom",1,3.1,"skip",25,3,0,10,10,10,10,10,10,10,10,20,3,4,4,4,3,4,2,2,2,3,1,1,1,32,"white","4yearColl","$60,001-$80,000","man","Full-time","None"
301,"pos","They might be a person that could work well under pressure and feel more motived by a  message like this and think the manager is strict but fair.",0,"nondom",1,3.1,"skip",21,2,15,35,39,42,44,50,53,56,84,92,4,4,3,4,3,4,3,1,3,2,1,1,1,24,"white","GED","$40,001-$60,000","man","Full-time",""
302,"neg","The implied threat of not receiving the full bonus if the employee does not do their best is a sure deterrent towards a positive interaction.  They would consider the manager domineering and believe that the manager doubts their intelligence and work ethic.",0,"nondom",1,2,"do",41,2,49,61,65,72,74,74,75,100,100,100,2,2,1,1,2,2,2,2,3,3,1,1,1,68,"white","GED","$60,001-$80,000","man","Full-time",""
303,"neg","because it is kind of curt. Like matter of factish not pleasant at all I would feel a certain way being spoken to like that",0,"nondom",1,3.2,"do",43,6,5,10,15,16,25,30,35,40,45,50,5,3,2,2,2,7,1,3,2,5,1,1,1,53,"black","GED","$180,001-$200,000","woman","Full-time","no"
304,"pos","The employee could view the message positively if they think about the reward they will get of the full bonus by working hard .",0,"nondom",2,2.6,"skip",30,2,100,100,100,100,100,100,100,100,100,100,3,3,2,2,2,3,3,2,3,3,1,1,1,38,"multiracial","4yearColl","$20,001-$40,000","man","Full-time",""
305,"pos","I will do my best and get the job done as I realize how important it is.",0,"nondom",1,2.7,"do",25,7,25,24,25,50,50,50,50,75,75,75,3,4,2,2,3,4,2,2,2,3,1,1,1,56,"white","2yearColl","$180,001-$200,000","woman","Part-time","none"
306,"neg","If I send that message, the employee will feel pressured to do well and get nervous. If that happens, they might not perform well hence not earn the bonus.",0,"nondom",1,2.6,"do",45,6,10,20,30,40,50,60,70,80,90,100,4,2,1,5,2,4,2,1,2,3,1,1,1,28,"multiracial","MA",NA,"woman","Full-time, Student",""
307,"pos","The positive thoughts could be the willingness to complete the task that is asked of them and to do their best. They are also reminded about the bonus that they could receive.",0,"nondom",3,2.7,"skip",40,2,55,60,65,70,75,80,85,90,95,100,5,3,1,2,3,5,2,1,2,3,1,1,1,47,"white","4yearColl","Over $200,000","man","Full-time","Thank you for the study. "
308,"pos","They understand the task as well as the objective. There is a clear guideline on how to get the entire bonus. ",0,"nondom",1,3.2,"skip",28,2,13,17,34,42,50,59,72,81,86,100,4,2,2,2,5,5,2,1,3,6,1,1,1,44,"asian","4yearColl","$100,001-$120,000","man","Full-time",""
311,"pos","The overall sentiment is fairly uplifting intended to stoke their motivation.  I could imagine pride from having done well being a big motivator as well.",0,"nondom",2,1.8,"do",30,6,100,100,100,100,100,100,100,100,100,100,1,1,1,2,1,1,5,1,3,2,1,1,1,33,"white","4yearColl","$40,001-$60,000","man","Part-time",""
312,"pos","I think the employee could feel encouraged by the manager telling them to do their absolute best across all the rounds. It also fosters a working relationship between the manager and employee, where the employee's performance correlates to the bonus they receive.",0,"nondom",2,2.1,"do",50,2,0,0,0,0,0,100,100,100,100,100,3,2,2,2,2,3,1,1,3,2,1,1,1,24,"white","4yearColl","$20,001-$40,000","man","Full-time",""
313,"neg","This isn't encouraging. It sounds threatening, and likely wouldn't encourage the employee or make them feel like a team member.",0,"nondom",1,2.2,"do",35,3,20,30,30,30,40,50,60,75,90,100,2,2,2,1,2,5,2,1,3,2,1,1,1,58,"white","4yearColl","$160,001-$180,000","woman","Full-time",""
314,"pos","They may be thankful you are letting them know the bonus depends on it.  They will want to get a good bonus",0,"nondom",1,2.5,"do",35,5,0,100,100,100,100,100,100,100,100,100,3,2,3,3,2,3,2,2,2,3,1,1,1,42,"white","4yearColl","$60,001-$80,000","man","Full-time",""
315,"pos","It is encouraging and lets them know that I think the employees are capable. And by putting in there that there is a bonus on the line, that helps to motivate",1,"dom",5,2.7,"do",40,3,40,50,60,70,80,90,95,95,100,100,3,5,2,2,1,6,1,2,3,2,1,1,1,NA,"white","PHD","$60,001-$80,000","woman","Full-time",""
316,"pos","The only positive aspect I get from this prompt is that it seems to push you to do your best; it seems encouraging.",0,"nondom",1,2.6,"skip",33,3,14,21,28,35,42,47,67,73,80,100,3,3,2,3,2,3,2,3,2,3,1,1,1,32,"multiracial","GED","$40,001-$60,000","woman","Full-time",""
317,"neg","In this kind of scenario you want to avoid  pressure, but the manager seems to not consider that an dis focused on the bonus more than the employee
",0,"nondom",1,3.7,"do",35,6,80,80,81,79,68,66,63,59,58,56,6,2,6,1,4,6,2,6,2,2,1,1,1,51,"multiracial","4yearColl","$100,001-$120,000","woman","Full-time",""
318,"neg","The employee could feel threatened by the language used in an “or else” capacity. As in, you WILL do a great job or else you will NOT receive the bonus. It lacks encouragement, and also incites fear in the employee.",0,"nondom",1,3.3,"skip",37,2,100,100,100,100,100,100,100,100,100,100,5,3,2,4,2,5,2,2,5,3,1,1,1,27,"white","4yearColl","$60,001-$80,000","woman","Full-time","I think that it is better to rule with a gentle hand than an iron fist in any scenario."
319,"pos","It's time to get in there and do the absolute best across all rounds. This is a very enclosed statement, letting the employee know that they have an opportunity to put forth their best efforts to succeed.",0,"nondom",1,1.7,"do",40,3,8,14,16,15,17,42,45,54,75,100,1,1,1,1,2,4,1,1,1,4,1,1,1,54,"black","4yearColl","$80,001-$100,000","man","Full-time",""
320,"pos","I think the message could have a positive reaction to the message because they would appreciate knowing they might not get a full bonus if they don't complete the task. I think the message may also come across as trying to build them up, which they might appreciate.",0,"nondom",2,2.1,"do",47,5,25,50,50,75,75,100,100,100,100,100,4,2,3,1,1,1,1,1,4,3,1,1,1,41,"white","2yearColl","$0-$20,000","woman","Part-time",""
321,"pos","The manager is upfront about the situation and there will be no surprises. One could also imply that if the employee completes the task and does it well, they will get a full bonus.",0,"nondom",2,2.7,"do",45,3,10,10,30,50,70,80,85,90,95,100,4,3,3,1,2,5,2,1,2,4,1,1,1,32,"black","4yearColl","$100,001-$120,000","man","Full-time",""
322,"neg","They might think that the manager expects perfection which is hard for even the most talented people to do.  It also might think the manager is looking for way to not give them the bonus.",0,"nondom",1,2.2,"do",34,2,5,8,14,25,47,60,72,91,95,100,3,2,3,2,1,4,3,1,2,1,1,1,1,48,"white","4yearColl","$80,001-$100,000","man","Full-time",""
323,"neg","It is threatening.  I would probably react badly to it.",0,"nondom",1,1.9,"skip",20,2,25,25,25,25,30,30,30,40,40,75,1,1,1,7,1,1,1,1,1,4,1,1,1,70,"white","4yearColl","$60,001-$80,000","woman","Full-time",""
324,"neg","This message feels very impersonal and an employee may catch on to that. It feels threatening and does not seem like the employee is valued.",0,"nondom",1,2,"do",41,2,17,39,56,65,72,78,83,90,95,100,3,1,2,1,1,3,2,2,3,2,1,1,1,26,"white","4yearColl","$80,001-$100,000","man","Full-time",""
325,"pos","The employee can feel like the manager would have faith in them in their abilities to complete tasks.",0,"nondom",1,1.6,"skip",40,4,0,5,20,35,55,60,75,80,95,100,1,1,1,1,1,6,1,1,1,2,1,1,1,31,"black","4yearColl","$20,001-$40,000","woman","Full-time",""
326,"neg","The employee might feel the manager is being pushy or doesn't trust them, which could make them less motivated or annoyed. ",1,"dom",5,2.7,"do",30,3,5,5,10,25,30,39,47,61,61,76,5,3,1,2,2,3,3,1,4,3,1,1,1,27,"white","GED","$40,001-$60,000","man","Full-time",""
327,"pos","They might feel that their manager is concerned about their bonus and trying to push them to do well. They might take the push as positive encouragement and get energized from the motivation. They will feel that the manager cares about their success.",1,"dom",4,2.5,"do",50,3,30,40,50,50,60,80,80,90,95,100,5,1,2,3,2,5,1,1,2,3,1,1,1,30,"white","2yearColl","$40,001-$60,000","woman","Full-time",""
328,"pos","It's possible that the employee might see the use of the phrase ""do your absolute best"" as encouragement.  Beyond that I don't think an employee would react positively to this message.",0,"nondom",1,3.2,"skip",25,2,10,20,30,40,50,60,70,80,90,100,5,2,1,4,7,2,4,1,2,4,1,1,1,61,"white","4yearColl","Over $200,000","woman","Full-time",""
329,"neg","It sounds vaguely threatening that you would withhold pay based on performance. Working under that type of pressure is quite negative.",0,"nondom",1,2,"do",35,2,75,75,75,75,75,100,100,100,100,100,2,2,2,2,2,2,2,2,2,2,1,1,1,52,"white","PHD","Over $200,000","woman","Full-time",""
330,"neg","The employee might feel pressured or threated by the tone of the message interpreting its as controlling or overly demanding this could lead to resentment or reduced motivation as it suggests the manager is more focused on performance and bonces than on mutual respect",0,"nondom",1,2.1,"do",14,3,0,20,40,70,17,82,21,50,77,75,2,2,1,5,1,2,2,1,3,2,1,1,1,54,"white","4yearColl","$40,001-$60,000","woman","Full-time",""
331,"pos","This message will clarify to my employee what is at stake and how hard he is expected to work on this project.",0,"nondom",1,2.2,"do",50,6,11,30,30,45,45,64,65,82,100,100,2,2,3,1,2,4,2,2,2,2,1,1,1,35,"black","4yearColl","$100,001-$120,000","woman","Full-time",""
332,"pos","It might feel really like a pep talk in a positive they way they  would feel motivated. ",0,"nondom",1,3.3,"do",41,6,0,5,10,30,36,40,51,62,77,100,3,3,5,2,3,3,3,5,3,3,1,1,1,42,"white","MA","$180,001-$200,000","woman","Full-time",""
333,"neg","The message is a bit pushy and also a bit threatening about the bonus.",0,"nondom",1,2.6,"skip",30,2,10,20,30,40,51,60,70,80,90,100,3,3,2,2,3,3,2,1,3,4,1,1,1,35,"white","2yearColl","$0-$20,000","man","Other",""
334,"pos","They could feel positively about the manager because the manager is encouraging them to get a bonus for themselves. ",0,"nondom",1,2.8,"do",40,6,10,24,38,52,62,72,82,91,100,100,5,2,1,2,2,5,3,3,2,3,1,1,1,41,"black","MA","$100,001-$120,000","woman","Full-time",""
335,"neg","They might feel like their opinion does not matter, and that what they are doing means so little",1,"dom",5,4.2,"skip",10,3,19,7,40,19,10,22,7,27,12,41,6,2,6,5,3,6,3,5,3,3,0,1,0,28,"black","GED","$0-$20,000","man","Full-time",""
336,"pos","The positive attitude will be tainted due the words used and how the message is redacted. It feels more like a thread if not respond correctly. But if the relationship is good enough that will encourage worker to do their best. ",0,"nondom",1,2.7,"skip",40,3,0,0,0,0,54,59,66,77,86,100,5,2,2,2,2,6,2,2,2,2,1,1,1,40,"hispanic","4yearColl","$120,001-$140,000","man","Full-time",""
337,"neg","They may feel that their manager only cares about the bonus and about producing an optimal outcome, not about them.",0,"nondom",3,1.9,"do",25,2,10,20,70,80,90,100,100,100,100,100,3,2,1,2,1,2,1,2,3,2,1,1,1,24,"hispanic","4yearColl","$60,001-$80,000","man","Full-time",""
338,"pos","That's not a very good message. But they might have a non-negative reaction because the message explains what needs to be done and what happens when it is done correctly. They might feel their manager is being clear in their communication with them.",0,"nondom",2,2.4,"skip",50,3,10,20,30,40,50,60,70,80,90,100,2,3,1,3,2,3,1,1,5,3,1,1,1,49,"white","2yearColl","$0-$20,000","woman","Part-time",""
339,"neg","They would have a negative reaction to the message because it sounds like a threat, there will not be a bonus if they don't perform well. The way it's worded could trigger resistance in the employee, it sounds like it's an order.",0,"nondom",1,2.1,"do",40,5,20,35,40,50,50,55,65,75,80,100,2,2,2,2,3,3,2,2,1,2,1,1,1,53,"white","MA","$80,001-$100,000","woman","Full-time",""
340,"pos","I think the employee could have a positive reaction because it sounds like the manager is making it competitive. If the employee is competitive by nature it'll fuel him to want to win. ",0,"nondom",2,2.6,"do",25,4,50,50,50,50,50,100,100,100,100,100,5,4,1,1,4,4,1,1,2,3,1,1,1,52,"white","GED","$100,001-$120,000","woman","Retired",""
341,"pos","This stresses the relationship and the confidence the manager has in employee. The implication is that if employee does his best a bonus will be crested.  This implies that the manager believes the employee can do the task.",0,"nondom",2,2,"do",46,7,50,50,73,72,71,73,76,72,75,79,3,3,1,2,1,3,2,1,1,3,1,1,1,79,"white","4yearColl","$60,001-$80,000","woman","Part-time",""
342,"neg","The message sounds very condescending and demanding. It is not necessarily disrespectful but it just seems cold saying do it and do it 100% right or you won’t get paid for it. ",1,"dom",4,2.7,"do",50,3,2,4,10,10,10,25,25,49,100,100,6,3,2,2,2,2,3,1,3,3,1,1,1,33,"white","4yearColl","$80,001-$100,000","woman","Full-time",""
343,"pos","The first two sentences are encouraging and get the blood pumping.  Talk about ""at hand"" or ""it's time"" makes it seem like this is a long anticipated exciting event (even though it's not really haha)",0,"nondom",2,3.4,"do",20,3,100,100,100,100,100,100,100,100,100,100,2,3,2,2,2,7,4,2,5,5,1,1,1,43,"white","PHD","$120,001-$140,000","man","Full-time",""
344,"pos","The message is giving confidence to the employee by reiterating their skills and encouraging but saying bonus at the end of the reading ",0,"nondom",2,4.6,"skip",33,3,1,6,4,4,4,87,32,27,49,95,5,6,2,7,3,6,2,5,5,5,1,1,1,49,"white","PHD","$100,001-$120,000","woman","Full-time","Interesting survey"
345,"neg","The employee will have a negative reaction to that message because the tone is very annoying and threatening. ",0,"nondom",1,1.9,"skip",10,1,0,16,17,17,18,32,32,39,40,50,3,2,2,1,1,3,1,2,1,3,1,1,1,31,"asian","4yearColl","$140,001-$160,000","man","Full-time",""
346,"pos","I think its motivating. It sounds like they want me to succeed and this message doesnt come across as condescending or rude. ",1,"dom",6,1.7,"do",42,4,100,100,100,100,100,100,100,100,100,100,1,1,1,1,1,4,2,1,1,4,1,1,1,36,"white","GED","$20,001-$40,000","woman","Full-time",""
347,"pos","The employee if they are competitive in nature could see that as a fun challenge or game. The trophy is the bonus reward and could help with the motivation to do well. ",0,"nondom",3,3.1,"skip",45,6,15,15,25,25,50,50,75,75,100,100,7,4,1,1,1,7,1,2,1,6,1,1,1,37,"white","GED","$60,001-$80,000","man","Full-time",""
348,"neg","I Think that would be too harsh to send to employees.  In many cases you don't want to punish but rather reward your employees.",0,"nondom",2,4,"do",20,2,10,20,30,40,50,60,70,80,90,100,4,5,3,3,4,5,3,4,4,5,1,1,1,45,"asian","MA","$100,001-$120,000","man","Full-time",""
349,"pos","manager is encouraging and cheering me on, they believe in me to do the task
",0,"nondom",2,3.9,"skip",40,3,29,38,57,69,77,85,92,95,96,100,5,6,2,3,5,5,2,3,3,5,1,1,1,NA,"white","4yearColl","$160,001-$180,000","woman","Part-time",""
350,"pos","The message is brief and straightforward. It does not feel patronizing and it indicates a level of confidence in the employee's ability to complete the task.",1,"dom",5,4,"do",30,5,0,0,0,0,5,9,15,25,75,100,5,4,2,5,4,5,4,3,5,3,1,1,1,25,"asian","4yearColl","$60,001-$80,000","man","Full-time",""
351,"neg","It sounds like the employee might hear: You have to do this. You have to do that, And, your livelihood depends on this task. It's quite ominous. ",0,"nondom",1,3.5,"do",30,3,10,30,41,54,61,67,72,78,86,100,5,3,2,5,3,5,4,2,1,5,1,1,1,49,"white","GED","$20,001-$40,000","woman","Full-time","thank you"
352,"pos","It's straightforward and clear. It explains the whole goal clearly.",1,"dom",4,2.6,"do",41,6,5,5,5,5,5,5,10,10,20,30,3,3,1,1,2,4,2,1,5,4,1,1,1,20,"black","GED","$40,001-$60,000","man","Part-time",""
353,"pos","It encourages them to do their best so they can get as much money as possible. ",0,"nondom",2,4.1,"do",30,2,0,9,23,32,45,55,65,82,99,100,5,6,1,5,2,5,3,2,6,6,1,1,1,43,"white","GED","$60,001-$80,000","woman","Full-time",""
354,"pos","The message could give the employee a sense of hope and a little challenge in knowing that they could receive the full bonus. ",0,"nondom",2,3.1,"do",38,3,30,30,30,50,50,100,100,100,100,100,5,3,2,4,3,1,4,1,5,3,1,1,1,24,"black","4yearColl","$100,001-$120,000","man","Full-time",""
355,"neg","The text is not encouraging and, instead, the participant might see the message as belittling and manipulative. ",0,"nondom",1,5.1,"skip",25,1,100,100,100,100,100,100,100,100,100,100,6,7,3,3,4,5,4,6,6,7,1,1,1,27,"asian","4yearColl","$40,001-$60,000","man","Full-time","No additional comments "
356,"pos","I believe the employee could feel that their manager believes in their ability to do this task. ",0,"nondom",3,4.3,"do",41,4,10,20,30,40,50,60,70,80,90,100,5,4,5,5,3,5,5,5,3,3,1,1,1,43,"asian","4yearColl","$160,001-$180,000","man","Full-time",""
357,"neg","The employee might have a negative reaction to the message because it directly subjects them to the association of their bonus with their performance, which can potentially pressure them. ",1,"dom",4,3.9,"do",36,3,0,3,6,8,11,12,14,21,23,27,5,3,3,5,3,3,3,5,6,3,1,1,1,22,"asian","4yearColl","$180,001-$200,000","man","Full-time",""
358,"neg","This message is somewhat demanding and punitive.  It threatens poor performance with reduced bonus, which could make an employee resentful or fearful towards the manager.  This is not a productive way to build trust and rapport with an employee, in my opinion.",0,"nondom",2,3,"skip",35,2,30,35,40,50,60,70,100,100,100,100,5,2,2,2,2,4,3,2,4,4,1,1,1,52,"white","4yearColl","$120,001-$140,000","man","Full-time",""
359,"pos","The harder they work, the more bonus they can potentially receive",0,"nondom",1,1,"do",50,7,100,100,100,100,100,100,100,100,100,100,1,1,1,1,1,1,1,1,1,1,1,1,1,37,"asian","2yearColl","$120,001-$140,000","man","Full-time",""
360,"neg","The employee may feel pressured and undervalued by the manager's emphasis on the bonus, leading them to believe that their worth is tied solely to performance rather than their overall contributions. It could make them resentful, lose motivation, and may perceive the manager as unsupportive and demanding.",0,"nondom",1,1.7,"skip",35,2,45,30,20,5,5,3,10,6,8,5,1,2,2,1,1,2,1,1,2,4,1,0,0,28,"asian","2yearColl","$20,001-$40,000","woman","Full-time",""
361,"neg","It could come off as passive aggressive and they may feel inclined to do bad out of spite.",0,"nondom",1,1.5,"do",50,6,100,100,100,100,100,100,100,100,100,100,2,1,1,1,1,4,1,1,2,1,1,1,1,21,"white","GED","$100,001-$120,000","woman","Other",""
362,"pos","The employee might react positively to the message to ensure they receive the full bonus.",0,"nondom",1,1,"do",50,3,100,100,100,100,100,100,100,100,100,100,1,1,1,1,1,1,1,1,1,1,1,1,1,66,"white","4yearColl","$120,001-$140,000","woman","Full-time","Thank you!"
363,"neg","The statement ends by emphasizing the negative consequence of not achieving the goal. Ending on a negative note could invoke negative responses. ",0,"nondom",2,2.2,"do",45,5,100,100,100,100,100,100,100,100,100,100,3,2,1,1,1,6,2,2,2,2,1,1,1,27,"white","4yearColl","$80,001-$100,000","man","Full-time",""
364,"pos","The manager sounds like they are being encouraging.  The employee could react positively in that they could feel that the manager is looking out for their interest in making sure they get the full bonus.",0,"nondom",3,2.4,"do",46,3,7,17,29,40,53,65,74,86,96,100,2,2,1,2,4,3,2,2,3,3,1,1,1,47,"white","4yearColl","$140,001-$160,000","man","Full-time",""
365,"neg","In this message it is right to the point however it is very rude and not very encouraging.  I feel this message could make the employee nervous and worry some, by applying too much pressure on the employee.",0,"nondom",3,2.6,"skip",25,1,10,21,28,36,44,53,63,72,82,100,5,2,1,1,2,3,1,1,5,5,1,1,1,34,"white","GED","$0-$20,000","man","Full-time","No"
366,"pos","The tone of this message has a threatening quality. It also implies the absolute best hasnt been applied in previous situations. These seem like orders and as an employee would probably tune out with a bit of resentment regarding the tone",0,"nondom",3,2.7,"do",19,3,10,21,30,40,50,60,70,80,90,100,4,3,1,7,1,3,1,1,3,3,1,1,1,50,"black","MA","$140,001-$160,000","woman","Full-time",""
367,"neg","They might think it is negative because you are putting a lot of pressure on them.",0,"nondom",1,1.9,"do",39,4,50,51,50,50,50,50,50,100,100,100,4,4,1,1,1,4,1,1,1,1,1,1,1,37,"white","4yearColl","$60,001-$80,000","man","Full-time",""
368,"pos","This message gets across confidence in their employee, the manager expresses trust that the employee knows the task, and trusts them to get in there and do it. Potentially the employee understands the sentiment of a bonus as a positive motivator.",0,"nondom",2,3,"do",35,2,0,0,0,0,0,15,0,0,0,85,3,2,2,4,1,5,2,2,5,4,1,1,1,44,"white","4yearColl","$120,001-$140,000","woman","Part-time",""
369,"pos","Assuming the employee respects their manager, they will want to prove and reinforce their capabilities, meaning their motivated and focused to perform well. ",0,"nondom",2,2.2,"do",46,5,0,0,0,0,50,50,50,50,50,100,3,3,1,1,1,5,2,2,2,2,1,1,1,33,"white","4yearColl","$80,001-$100,000","woman","Full-time",""
370,"pos","The employee might feel that their manager believes they are competent and skilled and that this message is their way of encouraging the employee to perform their best. The employee might feel motivated to work hard.",0,"nondom",2,3.6,"skip",15,1,10,20,30,50,60,65,75,85,100,100,5,2,2,5,2,6,2,5,3,4,1,1,1,30,"asian","4yearColl","Over $200,000","woman","Full-time",""
371,"neg","Well, the message is a threat, and no one likes being threatened. Even if the employee is a bit more motivated because they now know the cost of failure, they'll remember that their manager threatened them to do well ""or else.""",0,"nondom",1,3.5,"do",30,1,10,20,30,40,50,60,70,80,90,100,5,4,2,4,3,5,3,3,3,3,1,1,1,37,"asian","MA","$100,001-$120,000","man","Full-time","None"
372,"neg","they might have a negative reaction to it because it seems harsh and blunt without a lot of niceness added",0,"nondom",3,2.8,"do",38,3,8,25,37,48,63,74,81,86,95,100,3,3,3,2,3,3,3,2,3,3,1,1,1,27,"white","4yearColl","$100,001-$120,000","woman","Full-time",""
373,"pos","If the employee and the manager have a good relationship built on trust and respect then the employee will be all in on the task and put forth maximum effort.",0,"nondom",2,2,"skip",25,4,10,10,10,25,25,30,25,40,30,25,2,1,1,1,2,5,2,2,2,2,1,1,1,50,"black","4yearColl","$80,001-$100,000","man","Full-time","Thank you for the opportunity to share my thoughts."
374,"neg","My employee might have a negative reaction to this message because it makes me sound bossy and pushy as a boss and manager of him/her and that I expect too much out of him/her.  It also makes it appear that I am perfectionist boss who expects my employees to perform flawless always otherwise, I won't pay them and that I am unforgiving about any of their mistakes, which could lead to me having a bad relationship with my employees and cause my employees to quit because my employees may feel that I am an overbearing, perfectionistic, pushy, and bossy manager.",0,"nondom",1,3,"do",50,7,30,45,55,60,65,70,80,85,90,100,5,7,1,1,1,5,3,1,3,3,1,1,1,40,"asian","MA","$80,001-$100,000","woman","Full-time","It was a fun survey, and I hope you will approve of my work.  Thank you!"
375,"pos","They might think that the manager is dedicated and decisive. If the manager has the ability to handle the instruction with clarity then hopefully he or she can teach the material with clarity as well. It seems as if the manager cares about rewarding good work and will do so fairly ",0,"nondom",3,3,"do",30,6,8,18,29,38,48,58,69,78,89,100,4,4,2,2,2,5,3,2,4,2,1,1,1,32,"white","4yearColl","$60,001-$80,000","man","Full-time","fun "
376,"pos","It’s not very encouraging, it seems harsh. I would not feel motivated to complete my tasks. Feels like pep talk done poorly",0,"nondom",1,3.2,"do",25,3,57,51,60,79,79,96,90,90,50,50,5,4,1,4,4,5,3,1,3,2,1,1,1,29,"hispanic","GED","$120,001-$140,000","man","Full-time",""
377,"pos","My manager is just a person who supervise my work. He is really nothing close to me. ",1,"dom",5,3.4,"do",30,4,55,56,76,72,45,68,75,77,31,46,4,4,3,4,3,4,2,3,4,3,0,1,0,24,"asian","4yearColl","$60,001-$80,000","man","Part-time",""
378,"neg","This message sounds too negative and forceful. I think this would make the employee not work as hard out of spite. ",0,"nondom",1,1.1,"do",20,2,60,54,57,55,49,42,35,38,37,38,1,1,1,1,2,1,1,1,1,1,1,1,1,37,"white","PHD","$160,001-$180,000","man","Full-time",""
379,"pos","They might believe that the manager has confidence in them to complete the task well.",0,"nondom",2,2.1,"do",40,3,10,20,30,40,50,60,70,80,90,100,3,1,3,2,1,3,2,1,3,2,1,1,1,23,"white","4yearColl","$100,001-$120,000","man","Part-time",""
380,"neg","They may feel concerned that this may be a trick, and there could be a good chance even if they did relatively well they may still miss a good portion of the bonus.",1,"dom",5,1.4,"do",45,3,0,10,15,20,35,50,65,80,90,100,2,1,1,1,2,1,1,1,2,2,1,1,1,51,"white","2yearColl","$80,001-$100,000","man","Full-time",""
381,"neg","It seems kind of pushy, or bossy. Yes, I know that I am the boss but this is not the way I would address anyone if I wanted positive results.",0,"nondom",1,2.3,"do",30,2,61,74,86,100,100,100,100,100,100,100,2,2,3,2,3,3,2,2,2,2,1,1,1,28,"white","GED","$20,001-$40,000","woman","Full-time",""
382,"neg","The employee reading this message might take the meesage the wrong way because he may feel like it's an absolute necessity that he finishes the tasks so that he can receive the bonus.",0,"nondom",2,4.6,"do",50,3,0,0,0,0,50,50,50,50,90,100,7,4,4,6,4,4,5,6,2,4,1,1,1,27,"white","GED","$20,001-$40,000","man","Full-time","Thank you"
383,"pos","The positive response might be that they are encouraged to try their best because they want that full bonus, and I think that the language is very, ""Let's get to it and do this!"" which can be encouraging. ",1,"dom",5,1.1,"do",31,5,82,92,97,99,100,100,100,100,100,100,1,1,1,2,1,1,1,1,1,1,1,1,1,NA,"white","MA","$60,001-$80,000","woman","Full-time","N/A"
384,"pos","They could see the manager as being direct and straightforward. This message makes it clear that their bonus is at stake which could motivate them to do better than if this was not stated, which would be appreciated.",1,"dom",5,2.1,"do",38,5,0,10,25,50,57,65,75,83,90,100,2,3,1,2,1,1,3,1,5,2,1,1,1,37,"white","4yearColl","$60,001-$80,000","woman","Full-time","Fun survey!"
385,"pos","They might think that the manager knows that they know what to do and thinks that they are competent enough to know the task. ",0,"nondom",1,3.4,"do",26,3,0,5,10,15,22,35,51,72,85,100,3,3,2,5,3,3,2,3,5,5,1,1,1,23,"asian","4yearColl","$80,001-$100,000","woman","Full-time",""
386,"neg","The employee might feel distrusted and that the manager only cares about their own bonus, negatively impacting their attitude.",0,"nondom",2,3.3,"do",35,3,0,10,20,30,40,50,60,70,80,90,4,3,3,3,3,4,3,2,4,4,1,1,1,33,"white","4yearColl","$80,001-$100,000","woman","Full-time",""
387,"neg","It comes off as slightly condescending as if there is a consequnce with the shapes are not picked correctly. Also, it's slightly threatning to say if the group doesn't get it done then there is no bonus, it perceives as the bonus is the most important above everyone else.",0,"nondom",1,2.2,"do",25,4,5,10,15,20,24,30,35,50,75,100,2,4,1,2,4,2,1,1,1,4,1,1,1,37,"black","4yearColl","$80,001-$100,000","man","Full-time","This was an interesting and great survey. I enjoyed the questions!"
388,"neg","People generally respond negatively to threats, and when they are made to fear that they will not be able to earn something that was promised to them.  It is demoralizing and does not improve performance",0,"nondom",1,1.1,"do",35,5,50,50,51,49,51,100,100,100,100,100,1,1,1,1,1,1,1,1,1,2,1,1,1,39,"white","PHD","$40,001-$60,000","man","Full-time",""
389,"pos","The message is clear and straight to the point. It is just a friendly reminder to perform as best as they can.",1,"dom",5,3.4,"do",35,6,10,20,27,37,45,55,64,76,85,100,5,5,3,2,3,5,2,5,2,2,1,1,1,37,"white","2yearColl","$60,001-$80,000","man","Full-time","No additional comments."
390,"pos","The message is very encouraging. It motivates employees and encourages them to do their best. ",1,"dom",5,1.1,"do",40,6,0,0,0,0,0,0,0,0,0,50,1,2,1,1,1,1,1,1,1,1,1,1,1,26,"black","4yearColl","$80,001-$100,000","woman","Full-time",""
391,"pos","The second sentence in the paragraph is very encouraging and is pushing them to do their best.",1,"dom",4,2.1,"do",40,5,13,34,50,62,66,70,75,80,88,100,2,1,1,1,4,2,2,1,4,3,1,1,1,32,"white","2yearColl","$40,001-$60,000","man","Full-time",""
392,"neg","There is a threat of a small or no bonus for poor performance which isn't enticing.",0,"nondom",1,3.3,"skip",20,2,25,30,40,50,70,75,80,100,100,100,6,5,2,2,1,6,2,2,2,5,1,1,1,41,"asian","2yearColl","$100,001-$120,000","man","Full-time","Thank you!"
393,"pos","...there wouldn't be I feel like I'm being motivated even though I'm already motivated enough. Also annoying so-to-speak statements like ""get in there"" follow by capitalist nonsense ""PERFORM WELL OR ELSE NO PAY"" no. So I'll lie - the ""employee"" might feel positively towards their ""boss"" because the ""boss"" is ""offering"" a ""bonus"".",0,"nondom",2,2.7,"skip",20,2,100,100,100,100,100,100,100,100,100,100,1,2,1,1,4,5,2,2,5,4,1,1,1,28,"white","4yearColl","$20,001-$40,000","man","Other",""
394,"pos","The manager is being positive by cheering her on. Even mentioned the bonus to give the employee a nice little push.",0,"nondom",1,2.6,"do",50,7,100,100,100,100,100,100,100,100,100,100,5,2,3,1,1,5,1,1,5,2,1,1,1,51,"white","2yearColl","$40,001-$60,000","woman","Part-time",""
395,"neg","The employee might feel pressured and undervalued, interpreting the message as harsh, with more emphasis on consequences than support. This could lead to a sense that the manager lacks empathy and appreciation for their efforts.",0,"nondom",1,2.2,"do",5,2,10,20,30,40,50,60,70,80,90,100,1,7,1,1,1,7,1,1,1,1,1,1,1,38,"black","4yearColl","$80,001-$100,000","man","Part-time",""
396,"neg","It puts a lot of pressure on the employee to perform well that might not be well received. They may not feel encouraged to try their best even if they make a mistake.",0,"nondom",3,1.8,"skip",30,2,10,20,30,40,50,60,70,80,90,100,2,3,1,1,1,2,1,1,1,5,1,1,1,22,"white","GED","$20,001-$40,000","woman","Part-time",""
397,"neg","The last sentence of this message almost feels like a threat. Instead of saying ""if you do well, you get a bonus"" it's very negative by saying what WON'T happen (""if you don't do well, you won't get the full bonus"")",0,"nondom",3,2.8,"do",43,3,5,15,15,55,55,55,80,80,100,100,5,2,2,3,3,2,3,2,3,3,1,1,1,26,"white","4yearColl","$80,001-$100,000","woman","Part-time","n/a"
398,"neg","It sounds more demanding rather than just asking. It makes me think that I am forced to get them all right, if not then I won't receive anything at all. ",0,"nondom",1,2.4,"skip",5,2,12,20,25,30,40,40,50,60,70,80,3,2,2,2,2,4,2,2,2,3,1,1,1,26,"hispanic","GED","$80,001-$100,000","woman","Full-time",""
399,"neg","The employee might feel pressured or micromanaged by the store by the tone of the message interpreting it as controlling or overly demanding this could make them feel undervalued or distrusted and potentially straining their relationship with the manager.",0,"nondom",1,3.5,"do",32,6,5,7,12,19,22,26,33,38,42,48,3,2,6,4,1,5,3,5,2,4,1,1,1,38,"white","4yearColl","$60,001-$80,000","woman","Full-time","had a great study"
400,"neg","The last sentence: if you don't complete it and do well, you will not get the full bonus. This is what adds a negative connotation to the message. It might make the employee turn the task into an emotional one. Giving them performance anxiety and may cause them to make a mistake",0,"nondom",1,2.4,"do",30,2,0,0,0,0,10,15,15,20,20,20,2,5,2,1,2,5,2,1,1,3,1,1,1,33,"white","2yearColl","$60,001-$80,000","man","Full-time",""
401,"pos","It's a motivating message that gets right to the point. They know where this manager is coming from. ",0,"nondom",3,3.1,"do",30,5,25,40,50,60,70,75,80,90,95,100,5,5,3,3,3,5,1,1,2,3,1,1,1,45,"white","GED","$40,001-$60,000","man","Full-time",""
402,"pos","They would react as if they were a key player that was specifically chosen for the task and should try their hardest to complete it well and on time. It would feel honored that their manager chose them for the specific task and would feel a tremendous amount of responsibility to not let them down.",0,"nondom",2,3.1,"do",24,5,3,4,5,12,18,24,33,41,58,82,3,5,2,2,1,6,1,6,2,3,1,1,1,31,"white","4yearColl","$60,001-$80,000","man","Full-time",""
403,"pos","They could react positively to message by seeing the manager has confidence in them. The opening sentence implies that the manager believes the employee is already competent and trusts them to know what to do.",0,"nondom",1,3.1,"do",40,6,10,20,30,35,40,45,50,70,85,100,6,5,1,4,5,5,1,1,2,1,1,1,1,23,"asian","4yearColl","$40,001-$60,000","man","Part-time","Pretty thought provoking "
404,"neg","I feel that the statement is negative because it is very strong, and is overall negative. It comes across as that the employee is not automatically going to succeed.",0,"nondom",3,3.8,"do",35,3,11,13,22,29,34,41,50,70,82,100,5,3,4,2,4,4,5,3,3,5,1,1,1,43,"white","4yearColl","$140,001-$160,000","woman","Part-time",""
405,"neg","I think it sends a bit of an ultimatum. It starts out positively, but then calling out not getting a full bonus kinda makes it feel negative. I would not be inspired by a manager like this.",0,"nondom",2,1.6,"do",41,6,19,30,42,52,61,64,72,80,91,100,3,1,1,1,1,3,1,1,2,2,1,1,1,53,"white","MA","Over $200,000","man","Full-time",""
406,"pos","They may not have a negative effect because they see their manager being completely candid in telling them that their performance is completely correlated to the bonus",1,"dom",5,4,"do",43,5,5,9,30,40,45,50,81,85,91,100,6,2,2,6,4,2,3,6,5,4,1,1,1,24,"asian","4yearColl","$140,001-$160,000","woman","Full-time",""
407,"neg","This message is not encouraging it is threatening. It is written as if you assume that they will not work hard and do their best. Therefore, it is actually quite negative.",0,"nondom",1,2.8,"skip",30,2,21,20,30,40,50,60,70,80,89,100,2,3,1,2,5,3,2,4,3,3,1,1,1,76,"white","2yearColl","$80,001-$100,000","woman","Full-time","none"
408,"neg","It’s not encouraging, it’s threatening them. “Do well or lose money.” That leads to workplace resentment. ",0,"nondom",1,1.8,"do",50,7,30,30,40,50,60,70,80,90,95,100,4,1,1,1,1,4,1,1,1,3,1,1,1,26,"white","GED","$20,001-$40,000","woman","Full-time",""
409,"neg","The employee may not feel encouraged and feel the manager is demanding when the words ""get in there"" are used.  Also, the employee may feel negative and doubtful of his or her abilities and if the manager truly cares about him or her when the manager uses the words, ""If you don't complete it and do well...."". ",0,"nondom",1,1.8,"skip",45,1,10,10,40,50,50,70,70,100,100,100,1,1,1,1,1,6,1,1,2,3,1,1,1,42,"black","4yearColl","$20,001-$40,000","woman","Part-time","It wasn't clear why my favorite color was mentioned. "
410,"pos","They see a reward for their hard work. It allows them to want to desire the full bonus ",1,"dom",6,2.4,"do",42,6,31,47,53,62,73,82,92,93,99,100,2,2,3,3,2,4,1,2,2,3,1,1,1,40,"asian","4yearColl","$120,001-$140,000","man","Full-time",""
411,"pos","They may feel as if they are being supported by their manager. A positive feeling they might have is that their manager trusts them to do well. ",0,"nondom",2,1.5,"do",40,6,20,30,35,40,45,50,70,90,100,100,2,1,1,1,1,3,1,1,2,2,1,1,1,30,"white","4yearColl","$20,001-$40,000","woman","Part-time",""
412,"pos","They may feel that the manager is exacting and has high standards. This is a manager you want to work hard to impress as they will not accept excuses.",1,"dom",5,2.1,"do",46,6,0,0,0,0,0,0,0,0,80,100,2,1,1,2,1,1,2,1,5,5,1,1,1,39,"white","MA","Over $200,000","woman","Unemployed",""
413,"neg","This message does not come across in a good manner. It feels rude and cold.",0,"nondom",1,2,"do",50,7,10,20,30,40,50,60,70,80,90,100,2,2,2,2,2,2,2,2,2,2,1,1,1,32,"multiracial","GED","$80,001-$100,000","man","Full-time",""
414,"neg","This message is not very encouraging or positive. It's actually a bit threatening. ",0,"nondom",1,1.6,"do",50,6,20,30,40,50,60,70,80,90,100,100,1,1,1,1,1,5,2,1,1,2,1,1,1,38,"white","4yearColl","$180,001-$200,000","woman","Part-time",""
415,"pos","As much as he is letting him know what is at stake, in moments like this its better to  focus more on how relaxed he is and for him to do what he know he can without panicking ",0,"nondom",1,3.4,"do",40,7,99,91,82,73,60,46,35,21,15,11,4,2,2,2,6,6,2,6,2,2,1,1,1,37,"white","4yearColl","$100,001-$120,000","man","Full-time",""
416,"neg","I can imagine the feeling a bit neglected and like they haven't been given proper direction. ",0,"nondom",1,2.9,"do",25,2,0,10,10,30,35,40,50,70,80,100,4,2,3,5,1,5,2,2,3,2,1,1,1,39,"white","GED","$100,001-$120,000","man","Full-time",""
417,"pos","A positive reaction may be elicited due to the monetary incentive that comes with completing the task. There is also no indication for any sort of penalty for not doing his best-- just not getting the full bonus. ",1,"dom",5,2.8,"do",30,5,82,83,84,86,87,89,91,93,95,100,3,3,3,2,2,2,3,2,3,5,1,1,1,21,"asian","2yearColl","$100,001-$120,000","woman","Part-time",""
418,"neg","This message is very negative and will not help the employee feel valuable.  There are better ways to get this message across to the employee.",0,"nondom",1,2.9,"skip",30,1,19,31,42,52,60,68,77,83,93,100,5,1,2,2,2,6,1,6,2,2,1,1,1,54,"black","2yearColl","$20,001-$40,000","woman","Full-time",""
419,"pos","The employee could feel joy and gratitude that I am providing them with an opportunity to earn a bonus.",1,"dom",5,2.6,"do",45,6,15,25,37,50,60,71,79,87,94,100,5,3,2,3,2,3,1,1,2,4,1,1,1,27,"hispanic","MA","$40,001-$60,000","man","Full-time",""
420,"pos","The employee could feel the manager is really encouraging them and genuinely wants them to do a good job.  They could feel supported by the straight forward message.",0,"nondom",1,2.1,"skip",25,2,60,70,80,80,90,90,100,100,100,100,3,3,1,2,1,3,1,1,3,3,1,1,1,37,"white","4yearColl","$100,001-$120,000","woman","Full-time",""
421,"pos","The employee should feel that the manager trust their ability to perform well and is setting a clear goal for them. They might be motivated by the opportunity to earn the full bonus through their hard work.",0,"nondom",1,2,"do",50,7,0,10,30,45,50,65,75,80,90,100,5,1,2,1,1,6,1,1,1,1,1,1,1,24,"black","4yearColl","$80,001-$100,000","man","Full-time",""
422,"pos","Of the two options, I thought this one seemed the more harsh message. I suppose the employee could react positively by being encouraged to do their best across all parts of the work, and to be incentivized by receiving a full bonus. I could see how this could affect a more positive attitude towards the manager by being seen as an encouraging team leader.",1,"dom",4,2.1,"do",45,5,10,20,30,40,50,60,70,80,90,100,3,1,2,2,1,5,1,1,3,2,1,1,1,31,"white","GED","$100,001-$120,000","woman","Part-time","Thank you for the survey!"
423,"neg","They would probably feel resentful that their manager is saying they won't get the full bonus if they don't do well on the task. They would feel like the manager is trying to push them around and is implying that the employee won't actually do the job well enough to get the bonus.",0,"nondom",2,1.1,"do",35,3,20,30,45,50,65,85,90,100,100,100,1,1,1,1,1,1,1,1,1,2,1,1,1,43,"white","4yearColl","$0-$20,000","man","Full-time",""
424,"pos","The employee might appreciate the manager directions and clear expectations interpreting the message as a sign that the manager believes in their capabilities and is counting on them to succeed",0,"nondom",1,2.2,"skip",19,2,40,68,56,75,80,64,1,75,75,51,2,1,1,1,2,2,7,2,2,2,1,1,1,53,"white","4yearColl","$60,001-$80,000","woman","Full-time",""
425,"pos","This individual perceives the manager as goal oriented and focused on ensuring success of the employees. The manager wants the employees to reap monetary benefits as well as inspiring an objective-driven attitude.",1,"dom",5,4.1,"do",40,7,15,25,35,45,55,64,70,80,90,100,6,3,6,4,1,7,2,1,5,6,1,1,1,41,"black","4yearColl","$40,001-$60,000","woman","Full-time",""
426,"neg","To start with the tone is dismissive. Although the manager thinks they might be being supportive they are not. And it comes across as punishment if they don't do a good job",0,"nondom",1,2.2,"skip",30,2,50,50,50,50,75,75,75,75,100,100,2,2,2,1,1,5,2,1,4,2,1,1,1,68,"white","GED","$180,001-$200,000","man","Full-time",""
427,"pos","The bonus will give them motivation to do well and feel like they want to show their manager they are capacble.",1,"dom",4,1.9,"do",40,5,3,11,23,36,50,63,74,86,93,100,4,2,1,1,2,3,2,1,1,2,1,1,1,32,"white","MA","$120,001-$140,000","woman","Full-time",""
428,"neg","The employee may feel threatened or pressured by the message and think the manager is being unsupportive. This could cause resentment.  Which then will decrease motivation and cause lack of trust, making the employee feel devalued.",0,"nondom",3,3.3,"do",34,4,56,69,56,55,56,69,61,63,64,69,3,4,5,4,3,4,2,1,3,4,1,1,1,36,"white","GED","$60,001-$80,000","woman","Full-time",""
429,"neg","The employee might feel pressured or micromanaged by the harsh tone, leading to frustration or decreased motivation, and could view the manager as unsupportive or overly demanding, damaging trust and morale.",0,"nondom",2,3.9,"do",35,6,30,19,52,45,39,58,42,41,31,48,5,3,5,6,3,5,2,5,2,3,0,1,0,41,"black","MA","$20,001-$40,000","man","Full-time","good"
430,"pos","It encourages the employee to perform at their best",0,"nondom",1,1.7,"do",36,3,5,10,15,20,25,30,35,40,45,50,2,2,2,1,2,3,1,1,1,2,1,1,1,43,"white","4yearColl","$60,001-$80,000","woman","Full-time",""
431,"pos","The above statement is positive and gives the impression that we're all working together for a specific purpose. It's a request and not an order which refreshing.  ",0,"nondom",2,1.7,"skip",29,3,31,50,57,62,66,71,81,87,90,100,2,1,1,1,2,2,1,1,2,4,1,1,1,60,"white","MA","$100,001-$120,000","woman","Full-time","none"
432,"neg","I think this message comes across as a bit mean spirited and rude. They might not want to try their best if given this message.",0,"nondom",1,2.3,"skip",20,3,100,100,100,100,100,100,100,100,100,100,2,2,2,2,2,3,3,1,3,3,1,1,1,26,"white","4yearColl","$40,001-$60,000","man","Full-time",""
433,"pos","It was straight forward, but I appreciate that it is so I know what to expect.  That way I have a better chance to get the bonus.",0,"nondom",2,1.9,"do",30,6,10,10,10,10,10,10,40,55,75,100,1,3,2,1,1,1,1,1,3,5,1,1,1,48,"white","MA","$120,001-$140,000","man","Full-time","na"
434,"neg","This message is not encouraging. It makes the manager seem like they must care about the money ",0,"nondom",1,3.3,"skip",50,3,100,100,100,100,100,100,100,100,100,100,3,2,2,7,2,6,2,5,2,2,1,1,1,24,"black","4yearColl","$80,001-$100,000","woman","Full-time",""
435,"pos","They may react positively because it makes mention of the bonus. This naturally would entice someone to do their best because they know they will be receiving a reward for putting in extra effort. ",0,"nondom",2,2.6,"do",50,6,100,100,100,100,100,100,100,100,100,100,4,4,2,2,2,4,2,2,2,2,1,1,1,33,"multiracial","2yearColl","$80,001-$100,000","woman","Full-time",""
436,"neg","This message is motivating, but also includes consequences for not performing. If the employee doesn't respond well to authority and direct tasking, it could cause them to be de-motivated and not participate fully.",1,"dom",4,2.3,"do",45,5,10,20,20,30,30,50,50,50,100,100,2,3,2,1,3,1,2,1,5,3,1,1,1,47,"multiracial","MA","Over $200,000","woman","Full-time","none"
437,"neg","The first message is condescending since it assumes to a degree that the employee may not be listening. There are also other assumptions around not doing their best including the possibility of not receiving a bonus.",1,"dom",4,3.5,"do",35,3,0,0,0,40,49,58,68,77,88,100,5,6,3,3,3,6,2,2,2,3,1,1,1,39,"asian","4yearColl","Over $200,000","man","Full-time","thanks!"
438,"neg","It puts pressure on the employee to product and that they're being watched and evaluated.",1,"dom",4,3.4,"do",30,4,0,0,25,30,42,50,60,77,90,100,4,4,2,3,2,4,3,4,4,4,1,1,1,35,"white","MA","$120,001-$140,000","man","Full-time",""
439,"neg","The message is a bit cold.  However, I'm of the school where I greatly appreciate cold, hard facts.  I don't have a problem with the message, but I can see how someone else might have a problem with it.",1,"dom",5,2.6,"do",42,4,50,66,99,100,100,100,100,100,100,100,4,3,1,2,3,5,1,1,2,4,1,1,1,54,"black","GED","$40,001-$60,000","man","Full-time",""
440,"pos","By telling them ""do your absolute best"", I believe the employee would have a positive reaction because it isn't setting an amount that has to be answered correctly which would make someone feel anxious about getting the set amount correctly. The employee was told to complete the whole task in order to get their whole bonus also, which wouldn't feel as stressful either.",0,"nondom",2,4.5,"do",25,6,100,100,100,100,100,100,100,100,100,100,5,5,5,4,5,5,5,2,4,5,1,1,1,NA,"white","2yearColl","$20,001-$40,000","woman","Part-time",""
441,"pos","It is a bit more stick and less carrot. Its not very nice but does encourage them to do a good job",0,"nondom",1,4.3,"skip",30,2,40,40,60,60,80,80,95,95,100,100,5,5,3,5,5,5,5,2,3,5,1,1,1,41,"white","PHD","Over $200,000","man","Full-time",""
442,"neg","This message could seem negative because the manager sound like he is making a threat to the employee. The manager is threatening to withhold bonus money if the employee doesn;t do his best.",0,"nondom",1,3.1,"do",50,6,5,10,15,35,45,50,65,75,90,100,4,1,2,7,1,6,1,7,1,1,1,1,1,56,"black","4yearColl","$60,001-$80,000","woman","Full-time",""
443,"neg","I believe the tone of the message is coming as aggressive. The message is enough to get the employee tensed and anxious throughout the task. His performance could be affected and his reservations about the manager would not be the best.",0,"nondom",1,3.1,"do",40,7,100,100,100,100,100,100,100,100,100,100,5,3,2,2,4,5,2,2,3,3,1,1,1,30,"black","MA","$140,001-$160,000","man","Full-time",""
444,"neg","It just feels like the manager doesn't believe in the employee's ability to do this task well.",0,"nondom",2,2.3,"do",41,6,3,6,11,14,22,30,36,45,52,62,5,2,2,1,1,6,1,1,2,2,1,1,1,40,"hispanic","4yearColl","$100,001-$120,000","man","Full-time",""
445,"neg","They would feel so much pressure to do well. If they don't it would have a negative consequence.",1,"dom",4,2.7,"do",46,4,10,19,28,40,54,64,66,73,76,100,5,3,2,2,2,5,2,2,2,2,1,1,1,48,"asian","MA","$140,001-$160,000","woman","Full-time",""
446,"pos","The employee could have a positive attitude towards the manager for having honesty in their message. I can see someone appreciating the manager being direct with the importance of doing their absolute best. ",0,"nondom",2,2.5,"do",7,6,5,15,30,20,10,10,0,0,0,10,3,3,2,2,3,3,1,2,3,3,1,1,1,41,"hispanic","4yearColl","$40,001-$60,000","man","Full-time",""
447,"pos","As an employee, I would appreciate the managers honesty, as well as their positivity about the task at hand. It seems like the manager has faith that the task can be done ",0,"nondom",3,3.3,"skip",46,5,10,20,30,40,50,60,70,80,90,100,5,3,3,3,3,5,2,1,5,3,1,1,1,2,"white","GED","$40,001-$60,000","woman","Full-time",""
448,"neg","This message comes across as pushy and rude. It also is somewhat threatening in the way it discusses the bonus, and I think this is the wrong way to go about it, as it's not encouraging, and is almost already putting the employee down. ",0,"nondom",1,1.9,"skip",15,1,10,10,10,10,20,30,40,100,100,100,1,1,1,1,2,2,2,1,3,5,1,1,1,40,"white","GED","$20,001-$40,000","woman","Full-time",""
449,"neg","Because this particular message implies that there bonus entirely relies on how well they can perform the task almost in a threatening manner. To them it creates unnecessary pressure to do well or they will not recieve anything at all when that is indeed not the case.",0,"nondom",1,2.1,"do",30,2,11,25,50,61,60,79,100,100,100,100,2,3,2,1,2,6,1,1,1,2,1,1,1,35,"multiracial","2yearColl","$60,001-$80,000","man","Full-time","N/A"
450,"pos","They might have a positive reaction because they see there is an opportunity to earn a bonus.",0,"nondom",3,3.9,"do",50,3,5,10,15,20,34,46,60,74,86,100,5,4,2,4,3,6,3,4,5,3,1,1,1,40,"white","MA","$140,001-$160,000","woman","Full-time",""
451,"neg","The above note sounds more like a threat than a choice. I think most people would do better with a note encouranging them rather than threatening them.",0,"nondom",1,1.9,"do",40,2,20,20,25,25,40,50,65,75,90,100,2,2,2,2,2,2,2,1,2,2,1,1,1,63,"white","GED","$60,001-$80,000","man","Full-time",""
452,"pos","This message doesn't sound very positive. I would imagine the employee feels pressured to do well on the task under the threat of not receiving a bonus. ",0,"nondom",1,2.3,"do",35,6,10,19,30,40,50,59,70,80,90,95,5,3,2,1,2,3,1,1,2,3,1,1,1,45,"hispanic","GED","$0-$20,000","man","Part-time","Was the favorite color question an attention check? I was confused by it as it didn't have any other text around it. If it was, please understand I did my best, that question was just, odd. "
453,"pos","I get the feeling that this message credits the employee as a skilled worker.",0,"nondom",2,2.4,"do",32,3,100,100,100,100,100,100,100,100,100,100,3,3,2,2,1,5,2,1,3,2,1,1,1,25,"white","GED","$0-$20,000","man","Part-time",""
454,"neg","There could be a perception of a threat since some possible money can be held back.  It is slightly demanding towards performance. ",1,"dom",4,2.7,"do",43,4,50,50,70,70,80,80,90,90,100,100,5,4,2,2,2,5,1,2,2,2,1,1,1,54,"white","GED","$140,001-$160,000","man","Full-time",""
455,"neg","The employee might feel pressured or micromanaged by the message interpreting it as a lack of trust in their effort ",0,"nondom",1,2.7,"do",45,3,12,31,49,57,77,70,43,32,66,48,2,1,1,1,6,2,1,1,5,7,1,1,1,38,"white","4yearColl","$40,001-$60,000","man","Full-time",""
456,"neg","I'm basically threatening the employee by saying if they don't perform well, they won't get the full bonus. Is this called negative reinforcement? Whatever it's called, I feel like it would possibly add pressure and make the employee perform worse. Or maybe even cause the employee to perform worse on purpose out of spite. It would make the employee feel controlled and lower on the ladder. No one like to be talked down to.",0,"nondom",1,3.7,"skip",35,1,50,50,50,50,50,100,100,100,100,100,6,5,1,1,4,5,2,1,6,6,1,1,1,54,"white","MA","$160,001-$180,000","man","Full-time, Other","N/A"
457,"neg","The employee might feel pressured or threatened by the tone, interpreting it as demanding  and unsupportive. This could lead to resentment or reduced motivation, damaging trust and making them feel the manager cares more about their own bonus than the employee's effort.",0,"nondom",2,3.6,"do",10,5,39,53,70,43,58,73,40,51,82,60,6,2,5,4,2,4,4,5,2,2,1,1,1,40,"black","4yearColl","$60,001-$80,000","woman","Full-time","none"
458,"neg","The message seems like it's a threat. It might upset them.",1,"dom",6,3.5,"do",25,4,7,17,24,39,48,57,63,71,78,92,4,3,5,3,3,4,3,4,2,4,1,1,1,37,"white","GED","$40,001-$60,000","man","Full-time",""
459,"neg","it sounds demanding and degrading. like you are talking down to them. Not a fan. ",0,"nondom",1,2.2,"skip",25,1,50,50,50,50,100,100,100,100,100,100,5,1,1,1,1,5,1,1,1,5,1,1,1,47,"white","GED","$80,001-$100,000","woman","Full-time","Thank you for allowing me to participate"
460,"pos","This message could be seen as somewhat positive, and a tad bit encouraging for the employee to get the bonus. Do your absolute best... seems encouraging, but it's not. ",0,"nondom",1,2.7,"skip",15,2,100,100,100,100,100,100,100,100,100,100,4,4,1,2,2,4,1,3,1,5,1,1,1,37,"white","4yearColl","$60,001-$80,000","woman","Full-time","none."
461,"pos","The only positive messaging in this is that there’s a chance to get a bonus. ",0,"nondom",1,2.2,"do",25,1,10,20,30,40,50,60,70,80,90,100,3,2,2,1,2,6,1,1,1,3,1,1,1,32,"hispanic","2yearColl","$20,001-$40,000","woman","Part-time",""
462,"pos","They might appreciate the straightforward approach to discussing the task at hand.",0,"nondom",2,2.1,"do",40,6,100,100,100,100,100,100,100,100,100,100,1,1,2,2,2,2,2,1,5,3,1,1,1,34,"white","4yearColl","$140,001-$160,000","man","Full-time",""
463,"pos","I think the positive is that they could get a bonus if they perform well.",1,"dom",4,3.2,"do",35,3,9,19,31,41,51,60,68,76,87,100,4,5,3,2,2,4,3,2,4,3,1,1,1,56,"multiracial","4yearColl","$120,001-$140,000","man","Full-time",""
464,"neg","The employee would be engaging in this activity with a negative mindset. There is no positive reinforcement of how well the employee could possible do with this challenging task. The better method would be compliment the employee in a way that makes them feel good about the task ahead and that they can do it well.",0,"nondom",3,1.4,"do",25,3,23,34,46,59,67,78,90,96,100,100,1,1,1,1,1,2,1,1,3,2,1,1,1,70,"white","2yearColl","$20,001-$40,000","man","Part-time",""
465,"neg","I think that the employee would view this message negatively since it states if you don't complete it and do well you will not get the full bonus.  In many ways the employee can view this as a threat and feel negatively about how this was worded",0,"nondom",1,1.7,"skip",25,2,10,20,30,40,50,60,70,80,90,100,1,2,1,1,1,4,1,1,3,2,1,1,1,59,"white","4yearColl","Over $200,000","man","Full-time",""
466,"neg","They would think if they did not get the full bonus, that the task and themselves were failures instead of praising the effort they gave to the task.",0,"nondom",1,3.5,"do",30,5,96,97,80,85,76,71,66,72,58,55,5,3,3,3,2,5,2,5,4,3,1,1,1,34,"asian","4yearColl","$80,001-$100,000","man","Full-time",""
467,"neg","They might feel pressured, unappreciated, or distrustful of the manager's intensions.",0,"nondom",1,3.9,"do",32,6,27,65,67,62,73,64,74,65,72,73,5,3,6,5,2,6,2,5,2,3,1,0,0,34,"black","4yearColl","$40,001-$60,000","man","Full-time",""
468,"pos","The employee will receive clear directives with concise explanations of the positive or negative consequences, should they complete the challenge.",0,"nondom",3,4.1,"skip",44,5,79,49,0,0,0,0,0,0,0,100,5,5,2,2,4,7,5,2,5,4,1,1,1,32,"white","MA","$100,001-$120,000","woman","Full-time",""
469,"pos","I feel like it's an uplifting message and they would take it positively and want to do their best.",0,"nondom",2,3.3,"do",45,6,100,100,90,85,84,72,64,56,51,41,5,3,2,5,2,4,3,4,2,3,1,1,1,43,"white","GED","$80,001-$100,000","man","Full-time",""
470,"neg","they would say that the manager is pressuring them to do a good job and they feel pressured to ""be smart"" ",1,"dom",5,2.4,"do",36,4,25,36,49,52,58,59,60,75,91,100,7,2,1,1,1,7,1,1,1,2,1,1,1,26,"white","GED","$40,001-$60,000","woman","Full-time",""
471,"pos","It sounds a little more conversational, which implies a less strict relationship between manager and employee. They're telling them to do their best which may also be more positive and the possibility of a bonus helps.",0,"nondom",3,1.2,"do",35,3,0,10,15,20,25,40,40,65,75,100,1,1,1,1,1,3,1,1,1,1,1,1,1,36,"white","4yearColl","$20,001-$40,000","woman","Other",""
472,"pos","The phrase ""do your absolute best"" is encouraging.",0,"nondom",1,1.2,"do",35,3,100,100,100,100,100,100,100,100,100,100,2,1,1,1,1,2,1,1,1,1,1,1,1,41,"asian","4yearColl","$20,001-$40,000","woman","Part-time",""
473,"neg","This message sounds condescending and demeaning. The tone is negative and it sounds threatening.",0,"nondom",1,2,"do",45,5,100,100,100,100,100,100,100,100,100,100,4,3,1,1,3,4,1,1,1,1,1,1,1,36,"white","4yearColl","$100,001-$120,000","man","Full-time","Thanks!"
474,"neg","The manager is rude and doesn't encourage. The manager is selfish. ",0,"nondom",1,1.1,"do",50,2,10,20,30,40,50,60,70,80,90,100,1,1,1,1,1,1,1,1,1,2,1,1,1,36,"white","GED","$0-$20,000","man","Full-time",""
475,"neg","The message is curt and not motivating at all.  Encouragement would be my preferred approach.",0,"nondom",1,2.3,"skip",35,2,100,100,100,100,100,100,100,100,100,100,2,2,2,2,2,2,4,2,2,3,1,1,1,52,NA,"GED","$60,001-$80,000","woman","Full-time","Nothing to note at this time."
476,"neg","Perhaps they are not fast on tasks and feels it will impact their earnings.",0,"nondom",3,4,"do",30,4,9,9,10,11,13,12,11,12,10,12,5,3,3,4,4,5,4,5,3,4,1,1,1,46,"white","4yearColl","$80,001-$100,000","woman","Full-time",""
477,"neg","The employee might feel respected and trusted by their manager, believing that their efforts are appreciated and the manager genuinely cares about their success.",0,"nondom",1,3.6,"do",37,7,42,63,57,44,66,58,66,56,70,68,4,2,5,5,3,6,2,6,1,2,1,1,1,52,"black","4yearColl","$40,001-$60,000","man","Full-time",""
478,"neg","They might feel like they are not valued enough with that attitude",0,"nondom",2,4,"do",21,5,5,12,33,52,41,87,61,44,22,62,5,4,3,2,4,3,4,3,6,6,1,1,1,26,"black","GED","$80,001-$100,000","man","Full-time",""
479,"pos","They may feel challenged to do the task at hand. They may feel bad they will be rewarded",0,"nondom",2,3.5,"do",37,5,54,54,80,38,65,45,62,42,68,42,5,3,4,4,3,4,3,3,3,3,1,1,1,47,"black","2yearColl","$20,001-$40,000","woman","Full-time","None"
480,"pos","This message might help to motivate the employee more and make them feel ready to tackle the task at hand. It also reminds the employee of what they could stand to lose if they don't do a complete and accurate job of it.",1,"dom",4,3.5,"do",50,6,0,5,10,15,15,15,20,25,35,40,5,3,3,4,2,5,2,2,5,4,1,1,1,37,"white","2yearColl","$20,001-$40,000","woman","Part-time",""
482,"pos","I think the employee would feel motivated, like they are being pushed.",1,"dom",4,3.6,"do",35,6,7,18,40,59,62,67,70,63,44,30,5,3,6,2,4,4,2,5,3,2,1,1,1,27,"white","4yearColl","$100,001-$120,000","man","Full-time",""
483,"neg","The employee might find this message negative as it puts pressure on the employee, its not supportive and feels threatening. the employee also might have figured out that the boss just wants their bonus ",0,"nondom",2,2.2,"do",25,1,10,20,30,40,50,60,70,80,90,100,2,4,1,2,1,4,2,1,2,3,1,1,1,39,"white","GED","$40,001-$60,000","woman","Full-time",""
484,"pos","I like that my manager trusts that I know how to handle this task.",0,"nondom",2,2.1,"do",40,5,10,20,30,40,50,60,70,80,90,100,1,1,1,1,4,5,1,1,1,5,1,1,1,81,"white","GED","$40,001-$60,000","woman","Full-time",""
485,"neg","it comes of in a very condescending tone.  i already know what needs to be done, theres no reason to treat me like i dont know what im doing",0,"nondom",2,4,"skip",28,3,10,20,30,40,50,50,50,80,90,100,7,4,3,5,3,6,3,2,3,4,1,1,1,39,"white","GED","$60,001-$80,000","man","Full-time",""
486,"neg","The first sentence sounds very ominous, like we are in a Mission Impossible movie. Yes we both want the bonus, but it's not that serious. I think that level of response is a little much.  ",0,"nondom",2,2.5,"do",41,6,30,30,31,41,40,41,49,49,50,49,4,3,1,2,2,5,2,1,2,3,1,1,1,34,"white","MA","Over $200,000","man","Full-time",""
487,"neg","The employee might react negatively due to the threat of not receiving a bonus. Rather than encouraging, this message is scaring. ",0,"nondom",3,2.2,"do",41,3,15,25,50,50,50,100,100,100,100,100,4,2,1,1,2,3,2,1,3,3,1,1,1,33,"white","MA","$60,001-$80,000","woman","Full-time",""
488,"pos","It does show a trust that the employee has competency in understanding the task. It encourages them to do their best.",0,"nondom",2,2.3,"skip",40,3,10,20,30,40,50,60,70,80,90,100,2,2,2,2,2,5,2,2,2,2,1,1,1,50,"multiracial","2yearColl","$60,001-$80,000","man","Full-time",""
489,"pos","The employee might react positively to this message because it is a chance to show their skills and to take pride in completing good work. ",0,"nondom",2,3.3,"skip",25,3,25,25,50,50,75,75,100,100,100,100,3,4,2,5,2,3,3,2,5,4,1,1,1,28,"white","4yearColl","$60,001-$80,000","man","Full-time",""
490,"pos","Based on the message, I don't think they would have any positive thoughts towards the manager. I think they would feel pressured and anxious. ",0,"nondom",1,1.6,"skip",40,1,10,10,20,30,50,75,100,100,100,100,1,1,1,1,1,3,1,1,3,3,1,1,1,59,"white","2yearColl","$100,001-$120,000","woman","Part-time",""
491,"neg","I WOULD THINK THEY WOULD FEEL LIKE THEY ARE BEING USED JUST TO GET A BONUS FOR THE EMPLOYER .THEY COULD HAVE WENT ABOUT IT A DIFFERENT WAY TO GET THE EMPLOYEE TO DO THE THINGS HE WANTED .",0,"nondom",1,3,"skip",25,3,1,1,1,0,0,0,0,0,0,50,5,3,2,1,3,5,2,4,2,3,1,1,1,NA,"white","GED","$20,001-$40,000","woman","Retired","NONE    THANK YOU "
492,"neg","The message just sounds off-putting and puts unnecessary stress on the worker and low-key sort of threatens them.",0,"nondom",1,1.1,"skip",45,3,5,10,15,20,25,30,35,40,45,50,1,1,1,1,1,1,1,1,2,1,1,1,1,35,"white","GED","$0-$20,000","woman","Part-time",""
493,"pos","The employee might appreciate the manager's frankness and transparency. This could be helpful to build trust between them as the manager is being honest about trade offs rather than being vague.",0,"nondom",1,2.9,"skip",36,3,5,10,10,20,30,30,30,50,50,75,5,5,3,5,1,3,1,2,3,1,1,1,1,23,"asian","4yearColl","$80,001-$100,000","woman","Part-time",""
494,"neg","I feel like this message would generate a negative response as you're borderline threatening them if you don't do this well, your money is at stake. Threatening one's pay is always going to have a negative reaction, regardless if you'll follow through.",0,"nondom",1,2.7,"do",33,3,0,50,65,70,75,80,85,90,95,100,4,4,1,2,3,4,3,2,1,3,1,1,1,38,"white","GED","$20,001-$40,000","man","Full-time","was the color a trick question? nothing else displayed other than asking my favorite color"
495,"neg","Employee might see this as a threat.  This does not motivate with positivity instead it uses a negative outcome.",0,"nondom",3,3.2,"do",48,3,10,20,30,41,50,60,70,80,90,100,5,4,2,7,2,5,1,1,1,4,1,1,1,49,"asian","4yearColl","Over $200,000","man","Full-time",""
496,"neg","It already seems punitive or like the manager does not have faith that they would put forth their best effort. ",0,"nondom",3,2.7,"do",43,2,0,0,0,0,0,0,0,0,100,100,5,6,1,2,3,3,1,1,2,3,1,1,1,29,"white","MA","$180,001-$200,000","woman","Full-time",""
497,"pos","It seems more personal and is encouraging the employee to do their best. It also tells them the truth of the matter and doesn't hide anything.",1,"dom",5,3.5,"do",45,6,0,0,0,100,100,100,100,100,100,100,5,4,3,5,2,4,2,4,3,3,1,1,1,27,"white","MA","$60,001-$80,000","man","Full-time",""
498,"neg","This message feels a bit like a threat to the employee. I think lots of people would react negatively to this sort of message and its blunt, rather rude tone. It would make me feel resentful towards my manager. ",0,"nondom",1,2.9,"do",45,5,0,0,0,50,60,70,80,90,100,100,5,3,3,2,3,3,3,2,3,2,1,1,1,32,"white","MA","$160,001-$180,000","woman","Full-time","The survey asked for my favorite color. I wrote down green. I apologize if this question was part of an attention check that I somehow missed I somehow missed. I gave my full attention to this survey and I apologize if I missed any instructions related to this question. "
499,"pos","It would be seen as fully trusting the employee. By not micro managing the employee they see trust in you. ",0,"nondom",2,3.7,"do",35,6,0,2,8,99,100,100,100,94,100,97,4,3,2,6,4,4,3,4,3,4,1,1,1,31,"white","4yearColl","Over $200,000","woman","Full-time",""
500,"pos","I don't think that this is a very positive message to send to the employee I think it would make them feel threatened and I would prefer to give a more positive message",0,"nondom",1,3.8,"skip",25,2,8,18,28,38,50,58,63,77,85,96,2,6,2,2,4,4,5,3,5,5,1,1,1,59,"white","4yearColl","$180,001-$200,000","woman","Full-time","no"
501,"pos","They might have somewhat positive thoughts about the managers message because of how bittersweet it sounds at motivating them to get the task done right or they'll receive no bonus pay.",1,"dom",5,3.8,"do",25,4,0,0,25,0,25,0,25,0,0,25,5,4,3,3,4,5,4,2,3,5,1,1,1,30,"black","GED","$20,001-$40,000","man","Part-time",""
502,"neg","I think the employee might take this negatively because it feels like a like a threat. It also puts pressure on the employee without giving all of the details so that they can understand the situation completely.",1,"dom",4,3.4,"skip",33,3,0,5,10,15,20,25,35,45,55,75,5,3,3,2,4,5,2,4,2,4,1,1,1,38,"hispanic","GED","$20,001-$40,000","man","Part-time",""
503,"neg","This message isn't very inspiring.  Something a bit more motivating and cheery would be better.",0,"nondom",1,3.2,"do",42,3,17,25,30,37,47,60,72,78,94,99,5,5,2,1,3,3,3,2,3,5,1,1,1,40,"white","4yearColl","$80,001-$100,000","woman","Full-time",""
504,"neg","an employee might react negatively because the statement is very direct and doesn't take their feelings into consideration. ",0,"nondom",1,3.7,"do",35,3,5,15,35,50,50,55,70,80,90,100,6,2,5,7,1,4,2,6,1,3,1,1,1,31,"white","4yearColl","$80,001-$100,000","man","Full-time","i liked the study!"
505,"neg","The employee will be upset and stress. The employee will worry about the task and not do it right ",0,"nondom",1,3.5,"do",31,6,52,39,49,20,30,31,27,60,38,27,5,2,6,5,1,4,4,3,1,4,0,1,0,41,"white","GED","$60,001-$80,000","woman","Full-time",""
506,"pos","He is professional and straight to the point, there is no messing around with him",0,"nondom",1,3,"do",46,6,3,8,8,4,12,41,50,50,72,84,3,1,5,4,1,5,2,6,2,1,1,1,1,27,"black","PHD","$120,001-$140,000","woman","Full-time",""
507,"neg","This message is kind of ominous and negative.  There is a threat at the end which is not going to make the employee feel good about the manager",0,"nondom",1,1.6,"do",46,6,0,5,5,10,25,30,40,60,75,100,1,2,2,1,2,2,1,1,2,2,1,1,1,49,"white","PHD","Over $200,000","man","Full-time",""
508,"neg","I think this message is negative because it states if you do not do well you will not get a full bonus. Guessing shapes shouldn't determine whether or not you deserve a bonus. Hard work and dedication should determine the amount of as bonus.",0,"nondom",1,3.5,"skip",41,6,70,52,43,50,100,100,100,100,100,99,4,1,4,5,3,5,3,5,2,3,1,1,1,29,"hispanic","4yearColl","$60,001-$80,000","woman","Part-time",""
509,"neg","I think you shouldn't use money as a threatening tool because they will focus and worry about their performance which can really mess up someone's potential game play.",0,"nondom",1,2.7,"skip",40,2,50,55,60,65,70,75,80,85,90,100,5,7,2,1,2,6,1,1,1,1,1,1,1,41,"white","GED","$0-$20,000","woman","Part-time",""
510,"pos","The employee might have a positive reaction to this message because they would be incentivized by the bonus to do as well as possible",0,"nondom",3,3.9,"do",50,3,30,40,46,53,60,68,76,100,100,100,5,3,5,5,3,5,3,2,5,3,1,1,1,28,"asian","PHD","Over $200,000","man","Full-time",""
