"PID","message_choice","is_dom","CWV","message_aff","message_dom","choice_dom","comp_dom","attitude_dom","choice_aff","comp_aff","attitude_aff","nompred_dom","nompred_aff","keep_1","keep_2","keep_3","keep_4","keep_5","keep_6","keep_7","keep_8","keep_9","keep_10","CWV_1","CWV_2R","CWV_3","CWV_4","CWV_5R","CWV_6","CWV_7R","CWV_8","CWV_9R","CWV_10R","att_1","MID_aff","MID_dom","age","race","edu","income","gender","employment","feedback"
1,"aff",0,3,"Hey teammate, I chose you to help complete this shape identification task because it is a quick, fun way for both of us to earn a bonus and I know you are the perfect person for the job! I'd really appreciate your attention and focus and I'll make sure your bonus reflects your hard work. Let's win this together!","Remember this project is very important to the success of the company and your success here. If you can't accomplish it, you may not be a good fit to continue working here.","do task",38,6,"do task",40,6,1,1,3,0,48,60,58,65,68,68,68,71,5,3,3,2,2,3,3,2,2,5,1,"PA168kd","AB972vt",22,"asian","4yearColl","Over $200,000","woman","Part-time",""
2,"aff",0,2.5,"I have faith that you will excel and perform this given task to the best of your ability because I know how hard-working my employees are. With that being said, there will be a monetary reward for those that perform this task as accurately and efficiently as possible!","Please remember that this task directly affects your future pay and performance. Attempting to skate by or not give your full effort will result in severe consequences.","do task",33,2,"do task",37,5,0,1,68,130,181,200,200,200,200,200,200,200,2,3,2,2,4,2,2,2,2,4,1,"VQ327uf","GJ795ld",23,"white","4yearColl","$60,001-$80,000","man","Full-time",""
3,"aff",0,3,"Whether you do well or not, I appreciate your hard work at this company and will continue to support you.","There is an activity coming up that you must participate in. This is not optional. You will be automatically enrolled, and the deadline is a hard deadline. Failure to complete the task will result in the potential to be written up.","skip task",20,2,"do task",35,6,0,1,15,20,25,41,60,80,104,130,170,200,5,6,1,2,2,2,2,2,2,6,1,"HU074mk","MR621vy",26,"asian","4yearColl","$40,001-$60,000","woman","Full-time",""
4,"aff",0,1.7,"Hi, I have a task that needs to be completed. You've got a sharp eye and I would appreciate if you could do it.","I need for you to complete a task for me. Your performance directly affects not only my bonus, but yours as well.","skip task",45,2,"do task",50,6,0,1,10,20,40,58,70,110,143,170,187,200,2,2,1,1,4,2,1,1,1,2,1,"LW745iy","GV333wu",35,"white","MA","$80,001-$100,000","man","Full-time",""
5,"aff",0,2.4,"Please do your best at this exercise as I have faith that you will try your hardest, but if you make a mistake, no worries. Just take a deep breath focus on the exercise and you will do great!","This exercise determines your bonus. So do your best or your bonus will be affected.","do task",45,5,"do task",40,6,1,1,39,98,180,180,180,200,200,200,200,200,2,2,1,2,2,4,3,2,3,3,1,"AC528ed","XW406gb",47,"white","4yearColl","$40,001-$60,000","woman","Full-time",""
6,"aff",0,3.9,"I think you would be great for this job. You are a hard worker with great skills. I know I can count on you to get the job done.","This task I am assigning you is pretty important and needs to be done as well as possible. If you do not perform well you will not be receiving a possible bonus that I can reward you with. If you want this bonus, you will perform according.","skip task",36,2,"do task",47,6,0,1,40,60,80,110,141,149,164,177,186,200,5,5,2,3,4,5,3,3,4,5,1,"JV696yc","WC835pl",37,"white","GED","$60,001-$80,000","man","Full-time",""
7,"aff",0,3.3,"We win together! You got this, I believe in your amazing abilities and by doing well, we can both walk away with pride and compensation!","I want you to do this job and do it properly. I expect you to get all 50 shapes correct.","do task",41,2,"do task",50,7,0,1,58,82,99,112,127,143,156,172,188,200,4,4,3,3,2,4,3,3,4,3,1,"RA103dx","JI806xu",32,"white","4yearColl","$60,001-$80,000","woman","Full-time",""
8,"aff",0,3.4,"Please do your best at this exercise as I have faith that you will try your hardest, but if you make a mistake, no worries. Just take a deep breath focus on the exercise and you will do great!","If you do not do well on this task, you're at risk of being demoted and also will not receive a bonus.","skip task",40,1,"do task",33,7,0,1,0,0,25,50,75,100,125,150,175,200,3,4,5,3,2,5,2,3,2,5,1,"AC528ed","XD206yn",24,"asian","4yearColl","$120,001-$140,000","woman","Full-time",""
9,"aff",0,2.1,"Hey, i have a unique opportunity for you to contribute to our team's success. This task could really make a difference for both of us. Your keen eye for details would be invaluable here.","If you do not do well on this task, you're at risk of being demoted and also will not receive a bonus.","skip task",30,1,"do task",42,6,0,1,20,40,60,80,100,120,140,160,180,200,2,2,1,1,1,2,6,1,3,2,1,"BD990bc","XD206yn",31,"white","MA","$160,001-$180,000","man","Full-time",""
10,"aff",0,1.5,"Hey. Our boss has given us a fun and easy task to complete. I think it will allow you to test your intelligence and see exactly how much you know. You will be granting a bonus based on how much you would come up with. Let's do it! It is definitely worth our time.","Hello, I am writing you today to notify you that you must complete this task flawlessly. There may be consequences if there is any more than 10% wrong. Pay close attention to the task.","skip task",50,3,"do task",50,7,0,1,200,200,200,200,200,200,200,200,200,200,1,1,1,1,1,5,1,1,1,2,1,"VD105li","ZC801er",70,"white","GED","$20,001-$40,000","woman","Part-time",""
11,"aff",0,1.9,"I have faith that you will excel and perform this given task to the best of your ability because I know how hard-working my employees are. With that being said, there will be a monetary reward for those that perform this task as accurately and efficiently as possible!","This request needs to be completed immediately and if it is not done correctly, your bonus will be affected. In fact, mine is affected as well, so you better do it right.","skip task",10,2,"do task",42,6,0,1,0,15,36,80,116,157,157,200,200,200,2,1,6,1,1,1,1,1,3,2,1,"VQ327uf","LC320iz",35,"white","4yearColl","$80,001-$100,000","man","Full-time",""
12,"aff",0,3.3,"I am guessing that you will do great on this task and in doing so you will earn yourself a nice little bonus. Do your best and I know the outcome will be favorable.","You've been selected for a rigorous task that will impact how the company views our team, myself, and you. This is extremely important and you must understand the gravity of the role you're being assigned. If you were to do poorly, it would impact your standing with the company as well as in my eyes. I want you focus on succeeding in any way possible and remember how much weight this carries.","skip task",50,1,"do task",45,5,0,1,50,50,50,50,50,50,70,100,140,180,7,1,4,3,4,4,1,4,4,1,1,"DV618ch","KJ482kw",33,"hispanic","GED",NA,"man","Unemployed",""
13,"aff",0,2.6,"This task is meant to challenge you but I have every faith that you will rise to the occasion. Take your time, think clearly and I know you will succeed.","Please remember that this task directly affects your future pay and performance. Attempting to skate by or not give your full effort will result in severe consequences.","do task",40,2,"do task",45,7,0,1,90,105,120,135,150,160,170,180,190,200,6,2,1,1,3,6,1,2,2,2,1,"VM414kq","GJ795ld",65,"white","4yearColl","$20,001-$40,000","woman","Full-time",""
14,"aff",0,3.8,"You totally got this! Please match as many as you can as quickly as you can. By helping me with the work, we can achieve a lot together.","Dear Employee. Your performance on this task is critical to your success at this company. If you cannot complete this task well, I will have to think about whether or not you are the right fit at the ocmpany. Remember, how I see your performance influences how I see you as a performer and whether or not I want to keep you on at this company. Don't just try your best, do your best.","do task",48,2,"do task",48,7,0,1,23,31,54,70,80,99,115,133,156,200,6,6,4,2,2,6,2,4,2,4,1,"XT894iw","YI774jh",29,"black","2yearColl","$40,001-$60,000","woman","Full-time",""
15,"dom",1,3.5,"You are completely capable of successfully completing this task. You are smart, perceptive, and discerning: all things you need to complete this task well.","There is an activity coming up that you must participate in. This is not optional. You will be automatically enrolled, and the deadline is a hard deadline. Failure to complete the task will result in the potential to be written up.","do task",29,5,"do task",25,5,0,1,117,70,83,99,99,80,61,45,35,11,3,5,5,3,3,4,3,3,3,3,1,"TO642sj","MR621vy",39,"asian","MA","Over $200,000","man","Full-time","none"
16,"aff",0,1.4,"We want to offer you a bonus for completing this task in its entirety to reward you being such a valuable part of our team. We believe in you, so give it your best shot!","This task I am assigning you is pretty important and needs to be done as well as possible. If you do not perform well you will not be receiving a possible bonus that I can reward you with. If you want this bonus, you will perform according.","skip task",25,4,"do task",35,6,0,1,20,40,60,80,100,120,140,160,180,200,1,1,1,1,1,1,1,1,3,3,1,"TC529xj","WC835pl",37,"white","MA","$140,001-$160,000","woman","Full-time",""
17,"aff",0,2.2,"I am hoping you can lend your expertise on this request, given that I know you have a knack for this type of thing! I really appreciate your help, and please let me know if you have any questions!","Remember this project is very important to the success of the company and your success here. If you can't accomplish it, you may not be a good fit to continue working here.","do task",50,2,"do task",50,6,0,1,200,200,200,200,200,200,200,200,200,200,2,4,2,1,1,4,2,2,2,2,1,"UD880hg","AB972vt",45,"white","4yearColl","$140,001-$160,000","woman","Full-time",""
18,"aff",0,3.4,"We want to offer you a bonus for completing this task in its entirety to reward you being such a valuable part of our team. We believe in you, so give it your best shot!","Reminder those that do not complete the task will not be compensated properly.","skip task",42,3,"do task",50,5,0,1,4,21,22,30,30,30,42,42,42,100,4,3,4,3,3,5,3,3,3,3,1,"TC529xj","OL009mq",68,"white","GED","$40,001-$60,000","woman","Full-time",""
19,"dom",1,3.3,"Please do the best that you can to identify all the shapes that are described. Feel free to take your time and double-check your choices - you don't need to be perfect, just make your best effort!","I need for you to complete a task for me. Your performance directly affects not only my bonus, but yours as well.","do task",40,3,"skip task",28,4,1,1,10,10,25,50,75,100,125,150,175,200,5,5,5,1,4,6,2,1,1,3,1,"YF438np","GV333wu",44,"white","4yearColl","Over $200,000","woman","Full-time","none"
20,"aff",0,1.6,"We want to offer you a bonus for completing this task in its entirety to reward you being such a valuable part of our team. We believe in you, so give it your best shot!","You've got to have this task done in its entirety before leaving leaving today. We're relying on you for accurate work with this one, so please do not let us down.","do task",38,5,"do task",38,5,0,1,94,14,18,19,12,10,7,12,10,8,1,1,1,1,1,7,1,1,1,1,1,"TC529xj","LB941bt",56,"white","GED","$120,001-$140,000","man","Full-time",""
21,"aff",0,1.3,"I'm choosing this assignment for you because I know that I can count on you to do a great job. Thank you so much!","You've been selected for a rigorous task that will impact how the company views our team, myself, and you. This is extremely important and you must understand the gravity of the role you're being assigned. If you were to do poorly, it would impact your standing with the company as well as in my eyes. I want you focus on succeeding in any way possible and remember how much weight this carries.","skip task",49,2,"do task",50,7,0,1,0,0,0,0,0,0,0,18,33,200,1,1,1,1,1,2,1,1,1,3,1,"KF800kz","KJ482kw",51,"white","GED","$60,001-$80,000","woman","Full-time",""
22,"aff",0,3.9,"Hi, I have a task that needs to be completed. You've got a sharp eye and I would appreciate if you could do it.","You must complete this task. Do it to the best of your abilities, or else your bonus will be affected.","skip task",21,2,"do task",41,5,0,1,0,0,20,50,60,72,83,105,156,200,5,5,5,3,2,6,3,2,3,5,1,"LW745iy","PT099gj",18,"white","GED","$60,001-$80,000","man","Part-time","none thank you guys"
23,"aff",0,1.8,"Before we begin this task I just want to let you know that I appreciate all the hard work you always do and offer you a chance for a bonus. I am going to assign you a task and if you do well, there is a bonus involved for you. I know that you generally perform well, so I'm not too concerned, but wanted to give you a heads up that the better you perform the better your bonus will be for this task. Thanks again for all your hard work!","You must complete this task. Do it to the best of your abilities, or else your bonus will be affected.","do task",40,1,"do task",45,6,0,1,100,150,200,200,200,200,200,200,200,200,1,2,2,1,1,5,1,1,2,2,1,"HJ188qx","PT099gj",42,"white","4yearColl","$80,001-$100,000","woman","Full-time",""
24,"aff",0,3.4,"Hey teammate, I chose you to help complete this shape identification task because it is a quick, fun way for both of us to earn a bonus and I know you are the perfect person for the job! I'd really appreciate your attention and focus and I'll make sure your bonus reflects your hard work. Let's win this together!","Reminder those that do not complete the task will not be compensated properly.","do task",20,6,"do task",30,6,1,1,200,200,200,200,200,200,200,200,200,200,3,5,3,3,3,5,3,3,3,3,1,"PA168kd","OL009mq",27,"white","4yearColl","$60,001-$80,000","man","Full-time",""
25,"aff",0,2.8,"Hey. Our boss has given us a fun and easy task to complete. I think it will allow you to test your intelligence and see exactly how much you know. You will be granting a bonus based on how much you would come up with. Let's do it! It is definitely worth our time.","This exercise determines your bonus. So do your best or your bonus will be affected.","do task",45,3,"do task",45,6,0,1,14,48,77,85,95,104,108,118,178,200,4,4,4,3,1,3,2,1,2,4,1,"VD105li","XW406gb",25,"white","MA","$60,001-$80,000","woman","Full-time",""
26,"aff",0,4.3,"I am hoping you can lend your expertise on this request, given that I know you have a knack for this type of thing! I really appreciate your help, and please let me know if you have any questions!","Remember this project is very important to the success of the company and your success here. If you can't accomplish it, you may not be a good fit to continue working here.","skip task",18,2,"do task",30,6,0,1,0,0,15,50,80,110,140,175,200,200,7,5,4,5,3,5,4,1,4,5,1,"UD880hg","AB972vt",24,"white","4yearColl","Over $200,000","man","Student",""
27,"aff",0,2.5,"I am hoping you can lend your expertise on this request, given that I know you have a knack for this type of thing! I really appreciate your help, and please let me know if you have any questions!","I want you to do this job and do it properly. I expect you to get all 50 shapes correct.","do task",25,2,"do task",40,5,0,1,20,40,60,80,100,120,140,160,180,200,2,2,2,3,3,3,2,2,3,3,1,"UD880hg","JI806xu",47,"white","MA","$60,001-$80,000","woman","Full-time",""
28,"aff",0,1.9,"I've given you a relatively easy task that I know you'll perform your absolute best on! To help make the task a little better, you can earn a nice bonus - so make sure to give it your all! I have no doubt that you'll find it easy and fun. You've got this!","Reminder those that do not complete the task will not be compensated properly.","do task",25,1,"do task",50,7,0,1,200,200,200,200,200,200,200,200,200,200,2,2,3,1,2,3,1,1,3,1,1,"OA261ld","OL009mq",46,"hispanic","GED","$40,001-$60,000","woman","Full-time",""
29,"aff",0,3.2,"We win together! You got this, I believe in your amazing abilities and by doing well, we can both walk away with pride and compensation!","You've got to have this task done in its entirety before leaving leaving today. We're relying on you for accurate work with this one, so please do not let us down.","do task",31,3,"do task",49,6,1,1,6,10,29,36,52,94,109,145,167,200,3,2,2,5,4,5,2,2,4,3,1,"RA103dx","LB941bt",31,"white","4yearColl","$60,001-$80,000","woman","Full-time",""
30,"aff",0,3.6,"I've given you a relatively easy task that I know you'll perform your absolute best on! To help make the task a little better, you can earn a nice bonus - so make sure to give it your all! I have no doubt that you'll find it easy and fun. You've got this!","If you do not do well on this task, you're at risk of being demoted and also will not receive a bonus.","skip task",3,1,"do task",45,7,0,1,4,6,15,20,22,31,31,40,44,50,2,6,2,2,2,2,6,2,6,6,1,"OA261ld","XD206yn",34,"hispanic","4yearColl","$40,001-$60,000","man","Full-time",""
31,"aff",0,3.7,"This task is meant to challenge you but I have every faith that you will rise to the occasion. Take your time, think clearly and I know you will succeed.","There is an activity coming up that you must participate in. This is not optional. You will be automatically enrolled, and the deadline is a hard deadline. Failure to complete the task will result in the potential to be written up.","skip task",20,2,"do task",40,6,0,1,49,72,95,95,165,168,180,190,196,200,5,4,4,5,4,5,2,3,2,3,1,"VM414kq","MR621vy",29,"white","GED","$40,001-$60,000","man","Full-time",""
32,"aff",0,2.4,"I have faith that you will excel and perform this given task to the best of your ability because I know how hard-working my employees are. With that being said, there will be a monetary reward for those that perform this task as accurately and efficiently as possible!","If you do not do well on this task, you're at risk of being demoted and also will not receive a bonus.","do task",26,2,"do task",50,7,0,1,19,39,59,78,101,120,146,171,187,200,5,1,2,1,2,3,1,2,1,6,1,"VQ327uf","XD206yn",29,"white","4yearColl","Over $200,000","woman","Full-time",""
33,"aff",0,2.8,"Hi, I have a task that needs to be completed. You've got a sharp eye and I would appreciate if you could do it.","I want you to do this job and do it properly. I expect you to get all 50 shapes correct.","do task",47,2,"do task",48,6,0,1,49,73,91,104,121,129,144,175,192,200,3,3,2,3,2,5,2,3,2,3,1,"LW745iy","JI806xu",38,"white","4yearColl","$120,001-$140,000","woman","Full-time",""
34,"aff",0,2.7,"Before we begin this task I just want to let you know that I appreciate all the hard work you always do and offer you a chance for a bonus. I am going to assign you a task and if you do well, there is a bonus involved for you. I know that you generally perform well, so I'm not too concerned, but wanted to give you a heads up that the better you perform the better your bonus will be for this task. Thanks again for all your hard work!","You must complete this task. Do it to the best of your abilities, or else your bonus will be affected.","skip task",40,3,"do task",50,7,0,1,0,0,50,60,70,80,100,140,180,200,3,3,2,5,1,3,1,1,4,4,1,"HJ188qx","PT099gj",26,"white","4yearColl","$100,001-$120,000","man","Full-time",""
35,"aff",0,2.1,"Team - We have an opportunity to earn meaningful bonuses on the upcoming pay cycle. This bonus depends on the accuracy of work you guys submit. The better the work, the higher the bonus we each receive. I know you guys are up to the task and I can't imagine anyone being better suited to nail this challenge than you guys! thanks for all of your hard work.","Please remember that this task directly affects your future pay and performance. Attempting to skate by or not give your full effort will result in severe consequences.","skip task",49,2,"do task",50,6,0,1,0,40,60,140,150,160,170,180,190,200,3,2,1,1,2,4,1,2,2,3,1,"BA092or","GJ795ld",49,"white","4yearColl","$40,001-$60,000","woman","Full-time",""
36,"aff",0,2.2,"Hey teammate, I chose you to help complete this shape identification task because it is a quick, fun way for both of us to earn a bonus and I know you are the perfect person for the job! I'd really appreciate your attention and focus and I'll make sure your bonus reflects your hard work. Let's win this together!","Hello, I am writing you today to notify you that you must complete this task flawlessly. There may be consequences if there is any more than 10% wrong. Pay close attention to the task.","skip task",16,1,"do task",30,5,0,1,25,50,55,60,65,70,75,85,90,135,4,1,1,4,1,4,1,1,1,4,1,"PA168kd","ZC801er",31,"hispanic","2yearColl","$80,001-$100,000","woman","Part-time",""
37,"aff",0,2.2,"We win together! You got this, I believe in your amazing abilities and by doing well, we can both walk away with pride and compensation!","Please remember that this task directly affects your future pay and performance. Attempting to skate by or not give your full effort will result in severe consequences.","do task",35,6,"do task",35,6,0,1,150,150,150,150,165,165,165,200,200,200,4,2,1,1,2,6,2,1,1,2,1,"RA103dx","GJ795ld",44,"white","GED","$120,001-$140,000","man","Full-time",""
38,"aff",0,2.8,"Please do the best that you can to identify all the shapes that are described. Feel free to take your time and double-check your choices - you don't need to be perfect, just make your best effort!","Dear Employee. Your performance on this task is critical to your success at this company. If you cannot complete this task well, I will have to think about whether or not you are the right fit at the ocmpany. Remember, how I see your performance influences how I see you as a performer and whether or not I want to keep you on at this company. Don't just try your best, do your best.","skip task",30,2,"do task",40,5,0,1,0,0,100,100,175,175,175,175,200,200,4,4,1,5,1,5,1,1,3,3,1,"YF438np","YI774jh",33,"white","2yearColl","$80,001-$100,000","man","Part-time",""
39,"aff",0,1,"I think you would be great for this job. You are a hard worker with great skills. I know I can count on you to get the job done.","There is an activity coming up that you must participate in. This is not optional. You will be automatically enrolled, and the deadline is a hard deadline. Failure to complete the task will result in the potential to be written up.","skip task",4,1,"do task",20,5,0,1,200,200,200,200,200,200,200,200,200,200,1,1,1,1,1,1,1,1,1,1,1,"JV696yc","MR621vy",61,"white","2yearColl","$40,001-$60,000","woman","Full-time",""
40,"aff",0,3.9,"Hi Team! Thank you so much for all your hard work so far this quarter. It has not gone unnoticed. Coming up, you will be automatically enrolled in an activity that requires your participation. It should not take long, and you will receive a small bonus in return. We realize that it has been especially busy, so if you need an extension on any deadlines in order to complete this task please do not hesitate to reach out.","This task I am assigning you is pretty important and needs to be done as well as possible. If you do not perform well you will not be receiving a possible bonus that I can reward you with. If you want this bonus, you will perform according.","skip task",18,1,"do task",38,6,0,1,20,40,60,80,100,120,140,160,180,200,5,4,3,3,5,5,3,2,4,5,1,"SM837hk","WC835pl",36,"white","GED","$60,001-$80,000","woman","Part-time",""
41,"aff",0,3.2,"Hello everyone! Thank you all for agreeing to participate in this project. Please take your time and put forth your best effort in completing this activity. If any help is needed, please see me so that I can provide clarity and assistance. Good luck to you all!","Reminder those that do not complete the task will not be compensated properly.","do task",40,5,"do task",40,4,0,0,5,10,24,50,68,87,115,133,152,167,5,2,2,4,1,5,3,5,3,2,1,"EP725gv","OL009mq",35,"hispanic","4yearColl","$20,001-$40,000","man","Full-time",""
42,"aff",0,2.6,"Hey, i have a unique opportunity for you to contribute to our team's success. This task could really make a difference for both of us. Your keen eye for details would be invaluable here.","If you do not do well on this task, you're at risk of being demoted and also will not receive a bonus.","skip task",25,1,"do task",43,6,0,1,20,40,60,80,100,120,140,160,180,200,4,2,3,2,2,4,2,2,2,3,1,"BD990bc","XD206yn",30,"white","MA","$60,001-$80,000","woman","Full-time",""
43,"aff",0,3.3,"Team - We have an opportunity to earn meaningful bonuses on the upcoming pay cycle. This bonus depends on the accuracy of work you guys submit. The better the work, the higher the bonus we each receive. I know you guys are up to the task and I can't imagine anyone being better suited to nail this challenge than you guys! thanks for all of your hard work.","I need for you to complete a task for me. Your performance directly affects not only my bonus, but yours as well.","skip task",17,3,"do task",42,6,0,1,8,17,20,39,65,92,122,151,172,200,3,3,2,3,5,6,2,5,2,2,1,"BA092or","GV333wu",29,"white","GED","$60,001-$80,000","man","Full-time",""
44,"aff",0,1.8,"Team - We have an opportunity to earn meaningful bonuses on the upcoming pay cycle. This bonus depends on the accuracy of work you guys submit. The better the work, the higher the bonus we each receive. I know you guys are up to the task and I can't imagine anyone being better suited to nail this challenge than you guys! thanks for all of your hard work.","I need for you to complete a task for me. Your performance directly affects not only my bonus, but yours as well.","skip task",31,2,"do task",44,7,0,1,37,103,73,141,132,120,102,110,97,82,3,2,1,1,1,2,2,1,2,3,1,"BA092or","GV333wu",37,"white","4yearColl","$100,001-$120,000","woman","Full-time","No"
45,"aff",0,1.8,"I am hoping you can lend your expertise on this request, given that I know you have a knack for this type of thing! I really appreciate your help, and please let me know if you have any questions!","There is an activity coming up that you must participate in. This is not optional. You will be automatically enrolled, and the deadline is a hard deadline. Failure to complete the task will result in the potential to be written up.","skip task",41,1,"do task",43,5,0,1,20,40,60,80,100,120,140,160,180,200,2,2,1,2,1,2,2,1,2,3,1,"UD880hg","MR621vy",45,"white","4yearColl","$100,001-$120,000","man","Full-time",""
46,"aff",0,2.2,"Before we begin this task I just want to let you know that I appreciate all the hard work you always do and offer you a chance for a bonus. I am going to assign you a task and if you do well, there is a bonus involved for you. I know that you generally perform well, so I'm not too concerned, but wanted to give you a heads up that the better you perform the better your bonus will be for this task. Thanks again for all your hard work!","I want you to do this job and do it properly. I expect you to get all 50 shapes correct.","skip task",25,3,"do task",35,7,0,1,0,20,20,20,35,35,100,125,150,200,2,2,1,3,2,3,2,1,3,3,1,"HJ188qx","JI806xu",36,"black","PHD","$140,001-$160,000","woman","Full-time",""
47,"aff",0,3.1,"We win together! You got this, I believe in your amazing abilities and by doing well, we can both walk away with pride and compensation!","Hello, I am writing you today to notify you that you must complete this task flawlessly. There may be consequences if there is any more than 10% wrong. Pay close attention to the task.","skip task",20,2,"do task",50,6,0,1,200,200,200,200,200,200,200,200,200,200,4,6,2,3,2,4,3,2,3,2,1,"RA103dx","ZC801er",24,"white","GED","$40,001-$60,000","man","Full-time",""
48,"aff",0,2.8,"We want to offer you a bonus for completing this task in its entirety to reward you being such a valuable part of our team. We believe in you, so give it your best shot!","You've been selected for a rigorous task that will impact how the company views our team, myself, and you. This is extremely important and you must understand the gravity of the role you're being assigned. If you were to do poorly, it would impact your standing with the company as well as in my eyes. I want you focus on succeeding in any way possible and remember how much weight this carries.","do task",30,1,"do task",46,6,0,1,0,16,30,103,130,145,161,170,185,200,5,2,1,3,3,3,3,2,3,3,1,"TC529xj","KJ482kw",23,"white","4yearColl","$40,001-$60,000","woman","Full-time",""
49,"aff",0,3.6,"I am guessing that you will do great on this task and in doing so you will earn yourself a nice little bonus. Do your best and I know the outcome will be favorable.","This request needs to be completed immediately and if it is not done correctly, your bonus will be affected. In fact, mine is affected as well, so you better do it right.","skip task",45,2,"do task",42,6,0,1,29,38,52,71,96,117,133,151,171,200,2,7,4,3,3,7,2,3,2,3,1,"DV618ch","LC320iz",20,"white","GED","Over $200,000","man","Student",""
50,"aff",0,2.9,"I'm choosing this assignment for you because I know that I can count on you to do a great job. Thank you so much!","Dear Employee. Your performance on this task is critical to your success at this company. If you cannot complete this task well, I will have to think about whether or not you are the right fit at the ocmpany. Remember, how I see your performance influences how I see you as a performer and whether or not I want to keep you on at this company. Don't just try your best, do your best.","skip task",40,1,"do task",30,6,0,1,20,40,60,80,100,120,140,160,180,200,5,2,1,3,5,6,2,1,1,3,1,"KF800kz","YI774jh",39,NA,"MA",NA,"woman","Full-time",""
51,"aff",0,2.7,"You totally got this! Please match as many as you can as quickly as you can. By helping me with the work, we can achieve a lot together.","Reminder those that do not complete the task will not be compensated properly.","do task",20,1,"skip task",50,7,0,1,200,200,200,200,200,200,200,200,200,200,4,4,1,4,3,3,1,1,3,3,1,"XT894iw","OL009mq",31,"black","4yearColl","$40,001-$60,000","woman","Full-time",""
52,"aff",0,2.6,"I am guessing that you will do great on this task and in doing so you will earn yourself a nice little bonus. Do your best and I know the outcome will be favorable.","This task I am assigning you is pretty important and needs to be done as well as possible. If you do not perform well you will not be receiving a possible bonus that I can reward you with. If you want this bonus, you will perform according.","skip task",20,3,"do task",35,5,0,0,20,40,60,80,100,120,140,160,180,200,2,3,2,3,3,1,3,1,6,2,1,"DV618ch","WC835pl",31,"multiracial","2yearColl","$20,001-$40,000","woman","Part-time",""
53,"aff",0,2.7,"Whether you do well or not, I appreciate your hard work at this company and will continue to support you.","I need for you to complete a task for me. Your performance directly affects not only my bonus, but yours as well.","do task",25,2,"do task",40,6,0,1,138,144,145,152,165,167,175,179,186,200,5,2,2,2,3,5,1,2,2,3,1,"HU074mk","GV333wu",34,"white","MA","$140,001-$160,000","woman","Part-time",""
54,"aff",0,2,"Hey. Our boss has given us a fun and easy task to complete. I think it will allow you to test your intelligence and see exactly how much you know. You will be granting a bonus based on how much you would come up with. Let's do it! It is definitely worth our time.","Hello, I am writing you today to notify you that you must complete this task flawlessly. There may be consequences if there is any more than 10% wrong. Pay close attention to the task.","skip task",15,2,"do task",25,7,0,1,25,44,75,100,125,160,170,180,200,200,1,4,1,1,1,4,2,1,1,4,1,"VD105li","ZC801er",40,"white","GED","$20,001-$40,000","woman","Full-time",""
55,"aff",0,3.8,"Please do your best at this exercise as I have faith that you will try your hardest, but if you make a mistake, no worries. Just take a deep breath focus on the exercise and you will do great!","Remember this project is very important to the success of the company and your success here. If you can't accomplish it, you may not be a good fit to continue working here.","do task",20,2,"do task",34,5,1,1,10,25,25,40,60,75,90,130,150,190,6,5,2,4,2,5,5,3,3,3,1,"AC528ed","AB972vt",35,"white","4yearColl","$60,001-$80,000","man","Full-time",""
56,"aff",0,1.4,"You are completely capable of successfully completing this task. You are smart, perceptive, and discerning: all things you need to complete this task well.","You've been selected for a rigorous task that will impact how the company views our team, myself, and you. This is extremely important and you must understand the gravity of the role you're being assigned. If you were to do poorly, it would impact your standing with the company as well as in my eyes. I want you focus on succeeding in any way possible and remember how much weight this carries.","skip task",25,1,"do task",50,7,0,1,100,110,110,113,120,126,130,150,170,200,3,1,1,1,1,3,1,1,1,1,1,"TO642sj","KJ482kw",25,"black","GED","$20,001-$40,000","woman","Part-time","The survey was quite good and easy to understand. Thank you."
57,"aff",0,2.4,"Hi Team! Thank you so much for all your hard work so far this quarter. It has not gone unnoticed. Coming up, you will be automatically enrolled in an activity that requires your participation. It should not take long, and you will receive a small bonus in return. We realize that it has been especially busy, so if you need an extension on any deadlines in order to complete this task please do not hesitate to reach out.","You've got to have this task done in its entirety before leaving leaving today. We're relying on you for accurate work with this one, so please do not let us down.","do task",25,3,"do task",45,6,0,1,50,50,50,50,50,100,100,100,150,200,3,3,3,2,1,4,2,1,2,3,1,"SM837hk","LB941bt",41,"black","4yearColl","$180,001-$200,000","man","Full-time",""
58,"aff",0,2.7,"Hey teammate, I chose you to help complete this shape identification task because it is a quick, fun way for both of us to earn a bonus and I know you are the perfect person for the job! I'd really appreciate your attention and focus and I'll make sure your bonus reflects your hard work. Let's win this together!","Dear Employee. Your performance on this task is critical to your success at this company. If you cannot complete this task well, I will have to think about whether or not you are the right fit at the ocmpany. Remember, how I see your performance influences how I see you as a performer and whether or not I want to keep you on at this company. Don't just try your best, do your best.","do task",47,1,"do task",45,6,0,0,20,40,60,80,100,120,140,160,181,200,3,2,2,3,2,5,2,2,3,3,1,"PA168kd","YI774jh",35,"white","4yearColl","Over $200,000","woman","Full-time",""
59,"aff",0,2,"We win together! You got this, I believe in your amazing abilities and by doing well, we can both walk away with pride and compensation!","You've been selected for a rigorous task that will impact how the company views our team, myself, and you. This is extremely important and you must understand the gravity of the role you're being assigned. If you were to do poorly, it would impact your standing with the company as well as in my eyes. I want you focus on succeeding in any way possible and remember how much weight this carries.","skip task",26,2,"do task",33,6,0,1,16,34,49,58,72,87,103,114,166,200,2,2,2,2,2,2,2,2,2,2,1,"RA103dx","KJ482kw",66,"white","4yearColl","$20,001-$40,000","woman","Part-time",""
60,"aff",0,2.6,"Hey, i have a unique opportunity for you to contribute to our team's success. This task could really make a difference for both of us. Your keen eye for details would be invaluable here.","Dear Employee. Your performance on this task is critical to your success at this company. If you cannot complete this task well, I will have to think about whether or not you are the right fit at the ocmpany. Remember, how I see your performance influences how I see you as a performer and whether or not I want to keep you on at this company. Don't just try your best, do your best.","skip task",30,3,"do task",40,6,0,1,50,80,90,100,150,160,170,180,190,200,2,2,2,2,2,3,2,3,5,3,1,"BD990bc","YI774jh",49,"white","PHD","$60,001-$80,000","man","Full-time",""
61,"dom",1,2.8,"You totally got this! Please match as many as you can as quickly as you can. By helping me with the work, we can achieve a lot together.","Hello, I am writing you today to notify you that you must complete this task flawlessly. There may be consequences if there is any more than 10% wrong. Pay close attention to the task.","do task",25,4,"do task",40,4,1,1,200,200,200,200,200,200,200,200,200,200,5,3,1,1,4,4,3,2,2,3,1,"XT894iw","ZC801er",68,"white","GED","$40,001-$60,000","woman","Retired",""
62,"aff",0,3.3,"This task is meant to challenge you but I have every faith that you will rise to the occasion. Take your time, think clearly and I know you will succeed.","I need for you to complete a task for me. Your performance directly affects not only my bonus, but yours as well.","do task",45,2,"do task",50,6,1,1,38,82,110,126,145,165,168,200,200,200,5,2,2,2,2,4,3,5,5,3,1,"VM414kq","GV333wu",37,"asian","MA","$20,001-$40,000","woman","Part-time, Student",""
63,"aff",0,3.6,"I think you would be great for this job. You are a hard worker with great skills. I know I can count on you to get the job done.","Please remember that this task directly affects your future pay and performance. Attempting to skate by or not give your full effort will result in severe consequences.","skip task",0,1,"do task",50,7,0,1,0,5,12,30,60,90,110,140,160,200,6,6,2,2,4,7,2,2,2,3,1,"JV696yc","GJ795ld",51,"hispanic","2yearColl","$80,001-$100,000","woman","Full-time","None at the moment"
64,"aff",0,1.9,"I think you would be great for this job. You are a hard worker with great skills. I know I can count on you to get the job done.","There is an activity coming up that you must participate in. This is not optional. You will be automatically enrolled, and the deadline is a hard deadline. Failure to complete the task will result in the potential to be written up.","skip task",0,1,"do task",30,4,0,0,200,200,200,200,200,200,200,200,200,200,1,4,2,1,1,4,1,1,2,2,1,"JV696yc","MR621vy",44,"white","GED","$100,001-$120,000","man","Full-time",""
65,"aff",0,2.2,"I've given you a relatively easy task that I know you'll perform your absolute best on! To help make the task a little better, you can earn a nice bonus - so make sure to give it your all! I have no doubt that you'll find it easy and fun. You've got this!","This task I am assigning you is pretty important and needs to be done as well as possible. If you do not perform well you will not be receiving a possible bonus that I can reward you with. If you want this bonus, you will perform according.","skip task",45,1,"do task",45,5,0,1,20,20,40,40,60,60,100,125,160,200,2,2,1,2,2,1,2,2,3,5,1,"OA261ld","WC835pl",39,"white","4yearColl","$80,001-$100,000","man","Full-time",""
66,"aff",0,2.8,"Hi Team! Thank you so much for all your hard work so far this quarter. It has not gone unnoticed. Coming up, you will be automatically enrolled in an activity that requires your participation. It should not take long, and you will receive a small bonus in return. We realize that it has been especially busy, so if you need an extension on any deadlines in order to complete this task please do not hesitate to reach out.","I want you to do this job and do it properly. I expect you to get all 50 shapes correct.","do task",40,2,"do task",45,7,0,1,0,0,0,32,64,104,135,159,177,200,5,3,1,2,3,4,3,1,3,3,1,"SM837hk","JI806xu",70,"white","4yearColl","$100,001-$120,000","man","Retired",""
67,"aff",0,2.2,"I have faith that you will excel and perform this given task to the best of your ability because I know how hard-working my employees are. With that being said, there will be a monetary reward for those that perform this task as accurately and efficiently as possible!","This exercise determines your bonus. So do your best or your bonus will be affected.","do task",35,5,"do task",49,6,0,1,18,44,64,96,0,0,1,2,0,200,2,2,2,1,1,5,3,1,1,4,1,"VQ327uf","XW406gb",47,"white","2yearColl","$60,001-$80,000","woman","Homemaker",""
68,"aff",0,2.7,"Hi Team! Thank you so much for all your hard work so far this quarter. It has not gone unnoticed. Coming up, you will be automatically enrolled in an activity that requires your participation. It should not take long, and you will receive a small bonus in return. We realize that it has been especially busy, so if you need an extension on any deadlines in order to complete this task please do not hesitate to reach out.","If you do not do well on this task, you're at risk of being demoted and also will not receive a bonus.","do task",35,2,"do task",40,6,0,1,0,25,25,50,50,100,100,150,200,200,3,2,1,2,2,4,3,1,3,6,1,"SM837hk","XD206yn",26,"black","GED","$40,001-$60,000","man","Part-time",""
69,"aff",0,1.4,"I'm choosing this assignment for you because I know that I can count on you to do a great job. Thank you so much!","This request needs to be completed immediately and if it is not done correctly, your bonus will be affected. In fact, mine is affected as well, so you better do it right.","do task",50,7,"do task",50,7,0,1,24,20,37,48,75,100,124,150,175,200,1,1,1,1,2,2,1,1,2,2,1,"KF800kz","LC320iz",53,"white","2yearColl","$60,001-$80,000","woman","Full-time","When managing others I believe there's a way to talk to them and not being rude and condescending to get their assistance the right way so that everybody can benefit and that's whether employee employer or in real life situations to have respect for everyone"
70,"aff",0,2.9,"You totally got this! Please match as many as you can as quickly as you can. By helping me with the work, we can achieve a lot together.","Dear Employee. Your performance on this task is critical to your success at this company. If you cannot complete this task well, I will have to think about whether or not you are the right fit at the ocmpany. Remember, how I see your performance influences how I see you as a performer and whether or not I want to keep you on at this company. Don't just try your best, do your best.","do task",32,2,"do task",30,5,0,1,4,18,32,54,81,107,134,159,185,200,3,2,4,4,2,3,3,2,2,4,1,"XT894iw","YI774jh",58,"white","4yearColl","$180,001-$200,000","man","Full-time",""
71,"aff",0,2.8,"I've given you a relatively easy task that I know you'll perform your absolute best on! To help make the task a little better, you can earn a nice bonus - so make sure to give it your all! I have no doubt that you'll find it easy and fun. You've got this!","This task I am assigning you is pretty important and needs to be done as well as possible. If you do not perform well you will not be receiving a possible bonus that I can reward you with. If you want this bonus, you will perform according.","skip task",40,2,"do task",50,7,0,1,0,0,0,0,0,0,0,160,180,200,4,1,1,2,4,4,1,1,5,5,1,"OA261ld","WC835pl",35,"black","4yearColl","$140,001-$160,000","man","Full-time",""
72,"aff",0,3.5,"I am guessing that you will do great on this task and in doing so you will earn yourself a nice little bonus. Do your best and I know the outcome will be favorable.","You must complete this task. Do it to the best of your abilities, or else your bonus will be affected.","do task",40,3,"do task",45,6,1,1,25,50,70,80,90,100,125,150,175,200,5,5,2,4,3,3,3,3,4,3,1,"DV618ch","PT099gj",42,"white","MA","$120,001-$140,000","man","Full-time",""
73,"aff",0,2.7,"You totally got this! Please match as many as you can as quickly as you can. By helping me with the work, we can achieve a lot together.","This exercise determines your bonus. So do your best or your bonus will be affected.","do task",41,6,"do task",46,7,0,1,10,36,62,89,107,126,164,172,188,200,5,3,2,2,2,5,1,3,2,2,1,"XT894iw","XW406gb",37,"white","GED","$100,001-$120,000","man","Full-time",""
74,"aff",0,2.4,"Team - We have an opportunity to earn meaningful bonuses on the upcoming pay cycle. This bonus depends on the accuracy of work you guys submit. The better the work, the higher the bonus we each receive. I know you guys are up to the task and I can't imagine anyone being better suited to nail this challenge than you guys! thanks for all of your hard work.","This exercise determines your bonus. So do your best or your bonus will be affected.","skip task",25,2,"do task",40,6,0,1,0,90,100,100,100,120,200,200,200,200,3,2,2,3,1,5,2,1,3,2,1,"BA092or","XW406gb",25,"white","4yearColl","$40,001-$60,000","woman","Full-time",""
75,"aff",0,4.1,"Hi, I have a task that needs to be completed. You've got a sharp eye and I would appreciate if you could do it.","There is an activity coming up that you must participate in. This is not optional. You will be automatically enrolled, and the deadline is a hard deadline. Failure to complete the task will result in the potential to be written up.","do task",41,5,"do task",45,7,0,1,149,159,167,166,166,166,170,173,177,171,6,2,5,4,2,6,2,6,5,3,0,"LW745iy","MR621vy",50,"asian","MA","$140,001-$160,000","woman","Full-time","na"
76,"aff",0,2,"Before we begin this task I just want to let you know that I appreciate all the hard work you always do and offer you a chance for a bonus. I am going to assign you a task and if you do well, there is a bonus involved for you. I know that you generally perform well, so I'm not too concerned, but wanted to give you a heads up that the better you perform the better your bonus will be for this task. Thanks again for all your hard work!","Reminder those that do not complete the task will not be compensated properly.","skip task",20,2,"do task",46,7,0,1,0,0,0,0,0,15,50,100,170,200,3,4,1,2,1,3,1,1,2,2,1,"HJ188qx","OL009mq",32,"white","MA","$100,001-$120,000","woman","Full-time",""
77,"aff",0,3.3,"Please do your best at this exercise as I have faith that you will try your hardest, but if you make a mistake, no worries. Just take a deep breath focus on the exercise and you will do great!","This task I am assigning you is pretty important and needs to be done as well as possible. If you do not perform well you will not be receiving a possible bonus that I can reward you with. If you want this bonus, you will perform according.","skip task",12,2,"do task",29,6,1,1,0,15,18,52,78,77,108,109,110,115,3,4,3,3,2,3,3,2,5,5,1,"AC528ed","WC835pl",25,"white","GED","$20,001-$40,000","woman","Full-time",""
78,"dom",1,3.1,"Please do your best at this exercise as I have faith that you will try your hardest, but if you make a mistake, no worries. Just take a deep breath focus on the exercise and you will do great!","You've got to have this task done in its entirety before leaving leaving today. We're relying on you for accurate work with this one, so please do not let us down.","skip task",44,6,"do task",34,5,0,1,16,61,102,136,142,149,158,158,161,200,4,2,2,4,4,5,2,2,2,4,1,"AC528ed","LB941bt",64,"multiracial","4yearColl","$20,001-$40,000","man","Retired",""
79,"aff",0,2,"Hey. Our boss has given us a fun and easy task to complete. I think it will allow you to test your intelligence and see exactly how much you know. You will be granting a bonus based on how much you would come up with. Let's do it! It is definitely worth our time.","This request needs to be completed immediately and if it is not done correctly, your bonus will be affected. In fact, mine is affected as well, so you better do it right.","skip task",40,1,"do task",45,7,0,1,50,50,100,100,120,120,150,175,200,200,3,2,1,2,2,2,2,2,2,2,1,"VD105li","LC320iz",28,"white","2yearColl","$60,001-$80,000","woman","Full-time","I don't have any comments; the survey was easy to understand and everything worked fine."
80,"aff",0,3,"Hey, i have a unique opportunity for you to contribute to our team's success. This task could really make a difference for both of us. Your keen eye for details would be invaluable here.","This exercise determines your bonus. So do your best or your bonus will be affected.","do task",25,2,"do task",40,6,0,1,2,20,40,60,80,100,120,140,160,181,6,3,2,6,1,7,1,2,1,1,1,"BD990bc","XW406gb",39,"white","GED","$0-$20,000","woman","Full-time",""
81,"aff",0,2.6,"You are completely capable of successfully completing this task. You are smart, perceptive, and discerning: all things you need to complete this task well.","You've been selected for a rigorous task that will impact how the company views our team, myself, and you. This is extremely important and you must understand the gravity of the role you're being assigned. If you were to do poorly, it would impact your standing with the company as well as in my eyes. I want you focus on succeeding in any way possible and remember how much weight this carries.","do task",40,3,"do task",45,7,0,1,0,0,0,0,0,0,0,50,180,200,4,2,6,2,4,2,1,2,1,2,1,"TO642sj","KJ482kw",53,"hispanic","GED","$40,001-$60,000","man","Full-time",""
82,"aff",0,3,"Whether you do well or not, I appreciate your hard work at this company and will continue to support you.","You must complete this task. Do it to the best of your abilities, or else your bonus will be affected.","do task",41,2,"do task",43,6,0,1,25,50,72,73,125,125,176,175,200,200,4,1,3,3,2,6,2,2,3,4,1,"HU074mk","PT099gj",51,"white","4yearColl","$80,001-$100,000","man","Full-time",""
83,"aff",0,2.1,"I am hoping you can lend your expertise on this request, given that I know you have a knack for this type of thing! I really appreciate your help, and please let me know if you have any questions!","If you do not do well on this task, you're at risk of being demoted and also will not receive a bonus.","skip task",20,1,"do task",40,6,0,1,101,125,140,150,170,175,200,200,200,200,2,2,1,1,1,3,2,1,4,4,1,"UD880hg","XD206yn",26,"white","2yearColl","$40,001-$60,000","woman","Full-time",""
84,"dom",1,1.7,"I think you would be great for this job. You are a hard worker with great skills. I know I can count on you to get the job done.","I need for you to complete a task for me. Your performance directly affects not only my bonus, but yours as well.","do task",40,2,"do task",25,5,0,1,100,150,200,200,200,200,200,200,200,200,3,1,1,3,1,1,1,1,4,1,1,"JV696yc","GV333wu",31,"white","MA","$140,001-$160,000","man","Full-time",""
85,"aff",0,2.3,"I'm choosing this assignment for you because I know that I can count on you to do a great job. Thank you so much!","You've got to have this task done in its entirety before leaving leaving today. We're relying on you for accurate work with this one, so please do not let us down.","do task",46,3,"do task",48,5,0,1,20,20,20,20,20,20,100,101,180,200,2,3,2,2,3,2,2,2,3,2,1,"KF800kz","LB941bt",56,"white","4yearColl","$140,001-$160,000","man","Full-time","no comments, thanks"
86,"dom",1,2.5,"This task is meant to challenge you but I have every faith that you will rise to the occasion. Take your time, think clearly and I know you will succeed.","Hello, I am writing you today to notify you that you must complete this task flawlessly. There may be consequences if there is any more than 10% wrong. Pay close attention to the task.","do task",48,2,"skip task",27,5,1,0,27,27,27,46,62,48,40,164,165,132,5,2,1,1,1,5,3,2,1,4,1,"VM414kq","ZC801er",37,"white","4yearColl","$100,001-$120,000","woman","Full-time",""
87,"dom",1,3.2,"We win together! You got this, I believe in your amazing abilities and by doing well, we can both walk away with pride and compensation!","This task I am assigning you is pretty important and needs to be done as well as possible. If you do not perform well you will not be receiving a possible bonus that I can reward you with. If you want this bonus, you will perform according.","do task",35,5,"skip task",19,4,1,0,88,46,106,124,126,89,118,136,73,134,2,3,2,3,2,5,3,4,3,5,0,"RA103dx","WC835pl",31,"hispanic","MA","$80,001-$100,000","woman","Full-time",""
88,"aff",0,2.8,"Please do the best that you can to identify all the shapes that are described. Feel free to take your time and double-check your choices - you don't need to be perfect, just make your best effort!","Remember this project is very important to the success of the company and your success here. If you can't accomplish it, you may not be a good fit to continue working here.","do task",34,2,"do task",40,6,0,1,50,80,115,130,150,175,190,200,200,200,4,5,1,2,2,3,3,2,3,3,1,"YF438np","AB972vt",29,"white","4yearColl","$60,001-$80,000","man","Full-time",""
89,"aff",0,2.8,"You are completely capable of successfully completing this task. You are smart, perceptive, and discerning: all things you need to complete this task well.","Please remember that this task directly affects your future pay and performance. Attempting to skate by or not give your full effort will result in severe consequences.","do task",45,1,"do task",45,7,0,1,80,80,100,100,100,100,200,200,200,200,2,3,1,4,3,4,2,1,5,3,1,"TO642sj","GJ795ld",27,"white","4yearColl","$60,001-$80,000","woman","Full-time",""
90,"aff",0,1.4,"Hey. Our boss has given us a fun and easy task to complete. I think it will allow you to test your intelligence and see exactly how much you know. You will be granting a bonus based on how much you would come up with. Let's do it! It is definitely worth our time.","Reminder those that do not complete the task will not be compensated properly.","do task",38,6,"do task",46,7,0,1,80,60,33,25,17,17,4,9,21,18,1,2,1,1,2,2,1,1,1,2,1,"VD105li","OL009mq",79,"white","GED","$40,001-$60,000","woman","Full-time",""
91,"aff",0,2.4,"I am guessing that you will do great on this task and in doing so you will earn yourself a nice little bonus. Do your best and I know the outcome will be favorable.","You must complete this task. Do it to the best of your abilities, or else your bonus will be affected.","skip task",20,1,"do task",35,6,0,1,40,60,80,94,102,109,124,151,179,200,2,2,3,5,2,2,2,2,2,2,1,"DV618ch","PT099gj",26,"asian","4yearColl","$80,001-$100,000","woman","Temporarily laid off",""
92,"aff",0,2.3,"Before we begin this task I just want to let you know that I appreciate all the hard work you always do and offer you a chance for a bonus. I am going to assign you a task and if you do well, there is a bonus involved for you. I know that you generally perform well, so I'm not too concerned, but wanted to give you a heads up that the better you perform the better your bonus will be for this task. Thanks again for all your hard work!","I need for you to complete a task for me. Your performance directly affects not only my bonus, but yours as well.","do task",25,3,"do task",45,6,0,1,100,100,100,150,150,150,200,200,200,200,3,3,1,1,1,5,2,1,3,3,1,"HJ188qx","GV333wu",28,"white","MA","$40,001-$60,000","woman","Full-time",""
93,"aff",0,2,"Hello everyone! Thank you all for agreeing to participate in this project. Please take your time and put forth your best effort in completing this activity. If any help is needed, please see me so that I can provide clarity and assistance. Good luck to you all!","This request needs to be completed immediately and if it is not done correctly, your bonus will be affected. In fact, mine is affected as well, so you better do it right.","do task",39,3,"do task",41,5,0,1,2,2,2,2,2,2,4,40,42,57,2,2,2,2,2,2,1,2,2,3,1,"EP725gv","LC320iz",48,"black","4yearColl","$60,001-$80,000","woman","Full-time",""
94,"aff",0,1.8,"Whether you do well or not, I appreciate your hard work at this company and will continue to support you.","Reminder those that do not complete the task will not be compensated properly.","do task",15,1,"do task",40,6,0,1,0,20,50,100,130,165,175,200,200,200,1,1,2,2,2,2,2,1,3,2,1,"HU074mk","OL009mq",53,"white","4yearColl","$100,001-$120,000","man","Full-time",""
95,"aff",0,4.6,"Hey teammate, I chose you to help complete this shape identification task because it is a quick, fun way for both of us to earn a bonus and I know you are the perfect person for the job! I'd really appreciate your attention and focus and I'll make sure your bonus reflects your hard work. Let's win this together!","If you do not do well on this task, you're at risk of being demoted and also will not receive a bonus.","do task",40,3,"do task",46,6,0,1,0,0,50,50,100,100,125,125,175,200,6,5,5,5,3,6,5,5,5,1,1,"PA168kd","XD206yn",56,"white","4yearColl","$60,001-$80,000","man","Part-time",""
96,"aff",0,3.2,"I'm choosing this assignment for you because I know that I can count on you to do a great job. Thank you so much!","You've got to have this task done in its entirety before leaving leaving today. We're relying on you for accurate work with this one, so please do not let us down.","do task",40,3,"do task",45,6,0,1,0,2,12,22,42,55,61,68,85,101,3,3,2,2,5,3,2,2,5,5,1,"KF800kz","LB941bt",48,"white","GED","$60,001-$80,000","man","Full-time",""
97,"aff",0,2.8,"Hello everyone! Thank you all for agreeing to participate in this project. Please take your time and put forth your best effort in completing this activity. If any help is needed, please see me so that I can provide clarity and assistance. Good luck to you all!","This exercise determines your bonus. So do your best or your bonus will be affected.","do task",41,6,"do task",45,7,0,1,10,44,71,86,95,125,165,200,200,200,5,1,5,1,2,5,1,6,1,1,1,"EP725gv","XW406gb",47,"hispanic","2yearColl","$40,001-$60,000","woman","Full-time",""
98,"aff",0,3.2,"Hi Team! Thank you so much for all your hard work so far this quarter. It has not gone unnoticed. Coming up, you will be automatically enrolled in an activity that requires your participation. It should not take long, and you will receive a small bonus in return. We realize that it has been especially busy, so if you need an extension on any deadlines in order to complete this task please do not hesitate to reach out.","I want you to do this job and do it properly. I expect you to get all 50 shapes correct.","skip task",30,3,"do task",40,6,0,1,86,75,75,62,71,87,91,124,120,140,4,3,2,3,3,5,3,2,4,3,1,"SM837hk","JI806xu",21,"black","2yearColl","$20,001-$40,000","woman","Part-time",""
99,"aff",0,2.3,"Please do the best that you can to identify all the shapes that are described. Feel free to take your time and double-check your choices - you don't need to be perfect, just make your best effort!","Remember this project is very important to the success of the company and your success here. If you can't accomplish it, you may not be a good fit to continue working here.","skip task",47,2,"do task",50,7,0,1,16,35,40,53,60,84,107,132,162,200,4,1,1,4,2,5,1,1,2,2,1,"YF438np","AB972vt",29,"hispanic","GED","$40,001-$60,000","woman","Part-time","I enjoyed the options that were given and the scenario "
100,"aff",0,2.2,"We want to offer you a bonus for completing this task in its entirety to reward you being such a valuable part of our team. We believe in you, so give it your best shot!","You've got to have this task done in its entirety before leaving leaving today. We're relying on you for accurate work with this one, so please do not let us down.","do task",46,1,"do task",46,6,0,1,50,50,100,100,100,150,150,200,200,200,2,3,2,3,2,2,2,1,3,2,1,"TC529xj","LB941bt",41,"white","MA","Over $200,000","woman","Full-time","None"
101,"dom",1,1.9,"I am hoping you can lend your expertise on this request, given that I know you have a knack for this type of thing! I really appreciate your help, and please let me know if you have any questions!","This exercise determines your bonus. So do your best or your bonus will be affected.","do task",41,6,"skip task",26,4,1,1,200,200,200,200,200,200,200,200,200,200,2,2,2,2,2,3,2,2,1,1,1,"UD880hg","XW406gb",38,"white","2yearColl","$60,001-$80,000","woman","Full-time",""
102,"aff",0,2.2,"Please do the best that you can to identify all the shapes that are described. Feel free to take your time and double-check your choices - you don't need to be perfect, just make your best effort!","Remember this project is very important to the success of the company and your success here. If you can't accomplish it, you may not be a good fit to continue working here.","skip task",20,1,"skip task",36,3,0,1,200,200,200,200,200,200,200,200,200,200,1,4,3,1,1,1,1,1,2,7,1,"YF438np","AB972vt",37,"asian","4yearColl","Over $200,000","man","Full-time",""
103,"aff",0,1.7,"Hi Team! Thank you so much for all your hard work so far this quarter. It has not gone unnoticed. Coming up, you will be automatically enrolled in an activity that requires your participation. It should not take long, and you will receive a small bonus in return. We realize that it has been especially busy, so if you need an extension on any deadlines in order to complete this task please do not hesitate to reach out.","This exercise determines your bonus. So do your best or your bonus will be affected.","skip task",25,1,"do task",48,6,0,1,15,40,60,100,100,200,200,200,200,200,1,1,1,6,1,1,1,1,3,1,1,"SM837hk","XW406gb",20,"white","GED","$0-$20,000",NA,"Part-time",""
104,"aff",0,1.8,"Hello everyone! Thank you all for agreeing to participate in this project. Please take your time and put forth your best effort in completing this activity. If any help is needed, please see me so that I can provide clarity and assistance. Good luck to you all!","I want you to do this job and do it properly. I expect you to get all 50 shapes correct.","skip task",42,2,"do task",41,6,0,1,0,0,0,0,6,15,28,54,84,104,2,2,1,1,1,4,2,1,2,2,1,"EP725gv","JI806xu",40,"asian","4yearColl","$60,001-$80,000","woman","Full-time",""
105,"dom",1,3.6,"I'm choosing this assignment for you because I know that I can count on you to do a great job. Thank you so much!","This request needs to be completed immediately and if it is not done correctly, your bonus will be affected. In fact, mine is affected as well, so you better do it right.","do task",50,7,"do task",39,5,1,0,160,146,132,145,117,165,130,166,130,163,5,1,5,6,1,5,3,6,2,2,0,"KF800kz","LC320iz",32,"white","4yearColl","$20,001-$40,000","woman","Part-time","exceptional"
106,"aff",0,2.7,"Hey. Our boss has given us a fun and easy task to complete. I think it will allow you to test your intelligence and see exactly how much you know. You will be granting a bonus based on how much you would come up with. Let's do it! It is definitely worth our time.","Hello, I am writing you today to notify you that you must complete this task flawlessly. There may be consequences if there is any more than 10% wrong. Pay close attention to the task.","skip task",40,3,"do task",50,6,0,1,20,40,60,80,100,120,140,160,180,200,5,3,2,2,1,5,2,3,2,2,1,"VD105li","ZC801er",38,"white","PHD","$80,001-$100,000","woman","Full-time",""
107,"dom",1,2.4,"Hey teammate, I chose you to help complete this shape identification task because it is a quick, fun way for both of us to earn a bonus and I know you are the perfect person for the job! I'd really appreciate your attention and focus and I'll make sure your bonus reflects your hard work. Let's win this together!","This request needs to be completed immediately and if it is not done correctly, your bonus will be affected. In fact, mine is affected as well, so you better do it right.","skip task",1,1,"do task",39,6,0,1,200,200,200,200,200,200,200,200,200,200,3,3,2,2,1,3,3,2,2,3,1,"PA168kd","LC320iz",43,"white","2yearColl","$20,001-$40,000","man","Full-time",""
108,"aff",0,3.9,"Please do the best that you can to identify all the shapes that are described. Feel free to take your time and double-check your choices - you don't need to be perfect, just make your best effort!","Remember this project is very important to the success of the company and your success here. If you can't accomplish it, you may not be a good fit to continue working here.","do task",29,3,"do task",50,7,0,1,10,20,30,59,70,84,102,122,149,200,6,2,5,6,2,5,4,4,2,3,1,"YF438np","AB972vt",36,"black","4yearColl","$60,001-$80,000","man","Full-time","A Great Survey"
109,"aff",0,4,"This task is meant to challenge you but I have every faith that you will rise to the occasion. Take your time, think clearly and I know you will succeed.","If you do not do well on this task, you're at risk of being demoted and also will not receive a bonus.","skip task",40,2,"do task",50,7,0,1,0,0,0,0,0,0,10,25,180,200,5,3,3,3,5,5,3,4,4,5,1,"VM414kq","XD206yn",57,"white","GED","$80,001-$100,000","man","Full-time",""
110,"aff",0,1.7,"Whether you do well or not, I appreciate your hard work at this company and will continue to support you.","Reminder those that do not complete the task will not be compensated properly.","skip task",25,1,"do task",40,7,0,1,75,100,100,150,150,175,175,200,200,200,1,2,2,1,2,2,1,1,3,2,1,"HU074mk","OL009mq",47,"white","4yearColl","$80,001-$100,000","woman","Part-time",""
111,"aff",0,3.2,"Team - We have an opportunity to earn meaningful bonuses on the upcoming pay cycle. This bonus depends on the accuracy of work you guys submit. The better the work, the higher the bonus we each receive. I know you guys are up to the task and I can't imagine anyone being better suited to nail this challenge than you guys! thanks for all of your hard work.","Please remember that this task directly affects your future pay and performance. Attempting to skate by or not give your full effort will result in severe consequences.","skip task",50,2,"do task",50,6,0,1,20,40,60,80,100,120,140,160,180,200,4,5,1,2,4,5,2,2,2,5,1,"BA092or","GJ795ld",52,"white","GED","Over $200,000","woman","Full-time",""
112,"aff",0,1.6,"We want to offer you a bonus for completing this task in its entirety to reward you being such a valuable part of our team. We believe in you, so give it your best shot!","Please remember that this task directly affects your future pay and performance. Attempting to skate by or not give your full effort will result in severe consequences.","skip task",35,2,"do task",45,7,0,1,25,50,50,50,100,100,100,200,200,200,1,1,1,2,2,1,2,1,3,2,1,"TC529xj","GJ795ld",23,"white","4yearColl",NA,NA,"Part-time, Student",""
113,"aff",0,1.6,"I have faith that you will excel and perform this given task to the best of your ability because I know how hard-working my employees are. With that being said, there will be a monetary reward for those that perform this task as accurately and efficiently as possible!","This task I am assigning you is pretty important and needs to be done as well as possible. If you do not perform well you will not be receiving a possible bonus that I can reward you with. If you want this bonus, you will perform according.","skip task",25,2,"do task",45,6,0,1,60,100,120,160,200,200,200,200,200,200,1,1,2,4,1,2,1,1,1,2,1,"VQ327uf","WC835pl",32,"white","MA","$40,001-$60,000","man","Full-time",""
114,"aff",0,3.9,"I've given you a relatively easy task that I know you'll perform your absolute best on! To help make the task a little better, you can earn a nice bonus - so make sure to give it your all! I have no doubt that you'll find it easy and fun. You've got this!","Reminder those that do not complete the task will not be compensated properly.","do task",34,5,"do task",37,5,1,1,29,54,56,77,100,106,120,146,173,200,3,3,4,5,3,5,5,5,2,4,1,"OA261ld","OL009mq",33,"white","GED","$60,001-$80,000","man","Full-time",""
115,"dom",1,4,"I think you would be great for this job. You are a hard worker with great skills. I know I can count on you to get the job done.","This request needs to be completed immediately and if it is not done correctly, your bonus will be affected. In fact, mine is affected as well, so you better do it right.","skip task",27,2,"do task",39,7,1,0,8,17,25,33,39,48,53,70,96,135,6,3,5,6,2,6,2,2,5,3,1,"JV696yc","LC320iz",27,"black","2yearColl","$60,001-$80,000","woman","Full-time",""
116,"aff",0,3,"I think you would be great for this job. You are a hard worker with great skills. I know I can count on you to get the job done.","This exercise determines your bonus. So do your best or your bonus will be affected.","skip task",29,1,"do task",41,6,0,1,55,55,72,86,97,103,114,126,142,152,5,1,2,4,2,4,2,2,3,5,1,"JV696yc","XW406gb",38,"white","PHD","$100,001-$120,000","man","Full-time",""
117,"aff",0,1.4,"You totally got this! Please match as many as you can as quickly as you can. By helping me with the work, we can achieve a lot together.","I want you to do this job and do it properly. I expect you to get all 50 shapes correct.","do task",45,3,"do task",45,4,0,1,25,40,50,60,75,100,120,140,175,200,1,1,1,1,2,2,1,1,2,2,1,"XT894iw","JI806xu",43,"white","4yearColl","$20,001-$40,000","woman","Part-time",""
118,"aff",0,3.7,"Hello everyone! Thank you all for agreeing to participate in this project. Please take your time and put forth your best effort in completing this activity. If any help is needed, please see me so that I can provide clarity and assistance. Good luck to you all!","There is an activity coming up that you must participate in. This is not optional. You will be automatically enrolled, and the deadline is a hard deadline. Failure to complete the task will result in the potential to be written up.","do task",44,4,"do task",40,5,1,1,101,121,135,143,150,158,163,171,181,200,5,4,3,2,4,4,5,2,5,3,1,"EP725gv","MR621vy",41,"white","2yearColl","$40,001-$60,000","woman","Full-time",""
119,"aff",0,2.3,"Hey, i have a unique opportunity for you to contribute to our team's success. This task could really make a difference for both of us. Your keen eye for details would be invaluable here.","Please remember that this task directly affects your future pay and performance. Attempting to skate by or not give your full effort will result in severe consequences.","do task",41,3,"do task",46,7,0,1,97,95,83,84,64,59,73,89,80,102,2,5,2,3,2,2,2,2,1,2,1,"BD990bc","GJ795ld",41,"hispanic","4yearColl","$80,001-$100,000","woman","Full-time",""
120,"aff",0,3.7,"Please do the best that you can to identify all the shapes that are described. Feel free to take your time and double-check your choices - you don't need to be perfect, just make your best effort!","Please remember that this task directly affects your future pay and performance. Attempting to skate by or not give your full effort will result in severe consequences.","skip task",24,2,"do task",46,6,0,1,100,100,100,102,104,145,148,191,198,200,4,4,4,4,2,4,4,4,3,4,1,"YF438np","GJ795ld",41,NA,"4yearColl","$80,001-$100,000","woman","Full-time",""
121,"aff",0,3,"Whether you do well or not, I appreciate your hard work at this company and will continue to support you.","You must complete this task. Do it to the best of your abilities, or else your bonus will be affected.","skip task",0,2,"do task",35,7,0,1,200,200,200,200,200,200,200,200,200,200,6,2,2,5,1,5,1,2,3,3,1,"HU074mk","PT099gj",30,"black","2yearColl","$40,001-$60,000","man","Full-time",""
122,"aff",0,4,"Hello everyone! Thank you all for agreeing to participate in this project. Please take your time and put forth your best effort in completing this activity. If any help is needed, please see me so that I can provide clarity and assistance. Good luck to you all!","If you do not do well on this task, you're at risk of being demoted and also will not receive a bonus.","do task",48,3,"do task",43,6,0,1,23,44,71,93,117,137,142,154,172,200,4,3,4,4,4,5,3,5,4,4,0,"EP725gv","XD206yn",25,"white","4yearColl","$100,001-$120,000","woman","Full-time",""
123,"aff",0,3.9,"Hi, I have a task that needs to be completed. You've got a sharp eye and I would appreciate if you could do it.","You must complete this task. Do it to the best of your abilities, or else your bonus will be affected.","do task",45,2,"do task",30,6,0,1,0,0,0,50,50,100,100,200,200,200,6,1,2,5,7,6,1,1,5,5,1,"LW745iy","PT099gj",28,"white","GED","$80,001-$100,000","man","Full-time","I found the study to be quite engaging, especially when asked to determine the bonus I would award my employee based on their performance."
124,"aff",0,1.1,"Hi, I have a task that needs to be completed. You've got a sharp eye and I would appreciate if you could do it.","Hello, I am writing you today to notify you that you must complete this task flawlessly. There may be consequences if there is any more than 10% wrong. Pay close attention to the task.","skip task",25,1,"do task",45,6,0,1,0,0,0,0,0,0,0,0,100,200,1,1,1,1,1,1,1,1,1,2,1,"LW745iy","ZC801er",51,"white","4yearColl","$100,001-$120,000","woman","Full-time",""
125,"dom",1,3.2,"I have faith that you will excel and perform this given task to the best of your ability because I know how hard-working my employees are. With that being said, there will be a monetary reward for those that perform this task as accurately and efficiently as possible!","I need for you to complete a task for me. Your performance directly affects not only my bonus, but yours as well.","do task",4,4,"do task",7,4,1,1,29,55,66,31,25,25,12,7,3,2,1,2,4,4,4,4,4,1,4,4,1,"VQ327uf","GV333wu",39,"black","4yearColl","$20,001-$40,000","man","Full-time",""
126,"aff",0,3.1,"You are completely capable of successfully completing this task. You are smart, perceptive, and discerning: all things you need to complete this task well.","Please remember that this task directly affects your future pay and performance. Attempting to skate by or not give your full effort will result in severe consequences.","do task",30,3,"do task",35,5,0,1,0,1,2,3,5,10,20,40,100,200,2,5,2,3,2,3,2,3,5,4,1,"TO642sj","GJ795ld",25,"white","4yearColl","$40,001-$60,000","man","Full-time",""
127,"aff",0,1.1,"Hi, I have a task that needs to be completed. You've got a sharp eye and I would appreciate if you could do it.","If you do not do well on this task, you're at risk of being demoted and also will not receive a bonus.","skip task",15,1,"do task",40,6,0,1,100,100,120,120,140,200,200,200,200,200,1,1,1,1,1,1,1,1,1,2,1,"LW745iy","XD206yn",52,"white","4yearColl","$80,001-$100,000","woman","Part-time",""
128,"aff",0,3.5,"You totally got this! Please match as many as you can as quickly as you can. By helping me with the work, we can achieve a lot together.","Dear Employee. Your performance on this task is critical to your success at this company. If you cannot complete this task well, I will have to think about whether or not you are the right fit at the ocmpany. Remember, how I see your performance influences how I see you as a performer and whether or not I want to keep you on at this company. Don't just try your best, do your best.","skip task",45,6,"skip task",45,7,0,1,0,5,15,25,50,70,100,160,180,200,6,5,2,2,3,6,2,2,2,5,1,"XT894iw","YI774jh",45,"white","4yearColl","$40,001-$60,000","man","Full-time",""
129,"aff",0,2.7,"Please do the best that you can to identify all the shapes that are described. Feel free to take your time and double-check your choices - you don't need to be perfect, just make your best effort!","This exercise determines your bonus. So do your best or your bonus will be affected.","skip task",41,3,"skip task",42,4,0,1,61,150,108,36,188,88,142,193,172,200,5,3,2,1,3,3,2,1,3,4,1,"YF438np","XW406gb",39,"white","4yearColl","Over $200,000","woman","Full-time",""
130,"aff",0,2.8,"Hello everyone! Thank you all for agreeing to participate in this project. Please take your time and put forth your best effort in completing this activity. If any help is needed, please see me so that I can provide clarity and assistance. Good luck to you all!","Dear Employee. Your performance on this task is critical to your success at this company. If you cannot complete this task well, I will have to think about whether or not you are the right fit at the ocmpany. Remember, how I see your performance influences how I see you as a performer and whether or not I want to keep you on at this company. Don't just try your best, do your best.","do task",31,5,"do task",45,7,0,1,5,10,10,20,20,35,40,50,75,100,5,1,2,1,1,6,1,4,2,5,1,"EP725gv","YI774jh",41,"white","GED","$40,001-$60,000","man","Part-time",""
131,"aff",0,3.3,"Hey teammate, I chose you to help complete this shape identification task because it is a quick, fun way for both of us to earn a bonus and I know you are the perfect person for the job! I'd really appreciate your attention and focus and I'll make sure your bonus reflects your hard work. Let's win this together!","You must complete this task. Do it to the best of your abilities, or else your bonus will be affected.","do task",50,6,"do task",50,6,1,1,100,100,100,99,108,90,122,112,110,100,2,5,1,1,3,5,3,3,5,5,1,"PA168kd","PT099gj",44,"multiracial","2yearColl","$40,001-$60,000","man","Full-time",""
132,"aff",0,2.9,"This task is meant to challenge you but I have every faith that you will rise to the occasion. Take your time, think clearly and I know you will succeed.","This request needs to be completed immediately and if it is not done correctly, your bonus will be affected. In fact, mine is affected as well, so you better do it right.","do task",50,1,"do task",50,7,0,1,41,60,60,60,80,100,150,150,200,200,6,6,1,2,2,7,1,1,1,2,1,"VM414kq","LC320iz",24,"multiracial","2yearColl","$80,001-$100,000","woman","Full-time",""
133,"aff",0,2.4,"I've given you a relatively easy task that I know you'll perform your absolute best on! To help make the task a little better, you can earn a nice bonus - so make sure to give it your all! I have no doubt that you'll find it easy and fun. You've got this!","You must complete this task. Do it to the best of your abilities, or else your bonus will be affected.","do task",50,2,"do task",50,7,0,1,20,40,60,80,100,120,140,160,180,200,1,3,1,2,5,6,1,1,1,3,1,"OA261ld","PT099gj",49,"white","4yearColl","$80,001-$100,000","woman","Full-time","No comment."
134,"aff",0,4.1,"Please do your best at this exercise as I have faith that you will try your hardest, but if you make a mistake, no worries. Just take a deep breath focus on the exercise and you will do great!","This task I am assigning you is pretty important and needs to be done as well as possible. If you do not perform well you will not be receiving a possible bonus that I can reward you with. If you want this bonus, you will perform according.","do task",31,5,"do task",36,6,1,1,64,77,31,35,48,100,41,133,145,72,6,3,5,5,3,5,3,3,5,3,1,"AC528ed","WC835pl",36,"black","GED","$20,001-$40,000","man","Full-time",""
135,"aff",0,2.5,"Hey. Our boss has given us a fun and easy task to complete. I think it will allow you to test your intelligence and see exactly how much you know. You will be granting a bonus based on how much you would come up with. Let's do it! It is definitely worth our time.","There is an activity coming up that you must participate in. This is not optional. You will be automatically enrolled, and the deadline is a hard deadline. Failure to complete the task will result in the potential to be written up.","do task",16,1,"do task",42,6,0,1,20,46,64,86,105,125,146,166,189,200,3,4,2,1,1,5,3,1,2,3,1,"VD105li","MR621vy",37,"white","4yearColl","Over $200,000","woman","Full-time, Homemaker",""
136,"aff",0,1.9,"Hey, i have a unique opportunity for you to contribute to our team's success. This task could really make a difference for both of us. Your keen eye for details would be invaluable here.","I need for you to complete a task for me. Your performance directly affects not only my bonus, but yours as well.","do task",36,2,"do task",41,6,0,1,60,81,109,137,153,163,174,181,194,200,2,1,1,3,1,4,1,1,3,2,1,"BD990bc","GV333wu",44,"white","4yearColl","$0-$20,000","woman","Full-time",""
137,"aff",0,3.1,"Before we begin this task I just want to let you know that I appreciate all the hard work you always do and offer you a chance for a bonus. I am going to assign you a task and if you do well, there is a bonus involved for you. I know that you generally perform well, so I'm not too concerned, but wanted to give you a heads up that the better you perform the better your bonus will be for this task. Thanks again for all your hard work!","Remember this project is very important to the success of the company and your success here. If you can't accomplish it, you may not be a good fit to continue working here.","do task",40,5,"do task",50,6,0,1,18,41,60,81,102,121,143,161,181,200,4,3,2,1,4,3,4,2,4,4,1,"HJ188qx","AB972vt",29,"white","GED","$40,001-$60,000","woman","Full-time",""
138,"dom",1,2.9,"I have faith that you will excel and perform this given task to the best of your ability because I know how hard-working my employees are. With that being said, there will be a monetary reward for those that perform this task as accurately and efficiently as possible!","Dear Employee. Your performance on this task is critical to your success at this company. If you cannot complete this task well, I will have to think about whether or not you are the right fit at the ocmpany. Remember, how I see your performance influences how I see you as a performer and whether or not I want to keep you on at this company. Don't just try your best, do your best.","do task",40,4,"do task",43,4,1,1,101,135,98,79,90,79,61,66,60,64,3,3,3,4,1,4,4,1,3,3,1,"VQ327uf","YI774jh",49,"white","MA","$100,001-$120,000","woman","Full-time",""
139,"aff",0,3.1,"We win together! You got this, I believe in your amazing abilities and by doing well, we can both walk away with pride and compensation!","I want you to do this job and do it properly. I expect you to get all 50 shapes correct.","do task",50,2,"do task",43,6,0,1,17,31,42,47,52,51,79,65,200,198,3,4,2,2,4,4,3,2,3,4,1,"RA103dx","JI806xu",45,"hispanic","GED","$20,001-$40,000","woman","UnemployedOther",""
140,"aff",0,2.6,"I am guessing that you will do great on this task and in doing so you will earn yourself a nice little bonus. Do your best and I know the outcome will be favorable.","Remember this project is very important to the success of the company and your success here. If you can't accomplish it, you may not be a good fit to continue working here.","do task",34,2,"do task",44,7,0,1,17,38,61,76,96,111,132,152,175,200,2,3,3,2,1,5,2,3,3,2,1,"DV618ch","AB972vt",57,"white","2yearColl","$20,001-$40,000","woman","Part-time",""
141,"aff",0,4,"I've given you a relatively easy task that I know you'll perform your absolute best on! To help make the task a little better, you can earn a nice bonus - so make sure to give it your all! I have no doubt that you'll find it easy and fun. You've got this!","I need for you to complete a task for me. Your performance directly affects not only my bonus, but yours as well.","do task",35,7,"do task",37,7,1,1,118,99,103,95,89,85,92,95,91,94,7,1,7,7,1,7,1,7,1,1,0,"OA261ld","GV333wu",41,"white","GED","$80,001-$100,000","man","Full-time",""
142,"aff",0,3,"Whether you do well or not, I appreciate your hard work at this company and will continue to support you.","You've got to have this task done in its entirety before leaving leaving today. We're relying on you for accurate work with this one, so please do not let us down.","skip task",0,1,"do task",37,7,1,1,10,20,30,40,50,60,70,80,89,100,5,3,1,5,1,5,2,1,2,5,1,"HU074mk","LB941bt",33,"white","4yearColl","$40,001-$60,000","woman","Full-time",""
143,"aff",0,2.9,"Before we begin this task I just want to let you know that I appreciate all the hard work you always do and offer you a chance for a bonus. I am going to assign you a task and if you do well, there is a bonus involved for you. I know that you generally perform well, so I'm not too concerned, but wanted to give you a heads up that the better you perform the better your bonus will be for this task. Thanks again for all your hard work!","Hello, I am writing you today to notify you that you must complete this task flawlessly. There may be consequences if there is any more than 10% wrong. Pay close attention to the task.","skip task",28,1,"do task",40,7,0,1,20,40,60,81,101,120,139,150,166,200,5,1,1,6,1,3,1,1,5,5,1,"HJ188qx","ZC801er",25,"multiracial","4yearColl","$40,001-$60,000","woman","Full-time",""
144,"aff",0,2.5,"Team - We have an opportunity to earn meaningful bonuses on the upcoming pay cycle. This bonus depends on the accuracy of work you guys submit. The better the work, the higher the bonus we each receive. I know you guys are up to the task and I can't imagine anyone being better suited to nail this challenge than you guys! thanks for all of your hard work.","You've got to have this task done in its entirety before leaving leaving today. We're relying on you for accurate work with this one, so please do not let us down.","do task",30,2,"do task",50,7,0,1,0,0,20,20,40,40,80,120,160,200,5,3,1,1,3,5,1,1,2,3,1,"BA092or","LB941bt",38,"white","4yearColl","Over $200,000","woman","Full-time",""
145,"aff",0,2,"Please do your best at this exercise as I have faith that you will try your hardest, but if you make a mistake, no worries. Just take a deep breath focus on the exercise and you will do great!","This task I am assigning you is pretty important and needs to be done as well as possible. If you do not perform well you will not be receiving a possible bonus that I can reward you with. If you want this bonus, you will perform according.","do task",45,3,"do task",40,6,0,1,150,150,200,200,200,200,200,200,200,200,5,3,1,1,1,3,1,1,2,2,1,"AC528ed","WC835pl",36,"white","GED","$20,001-$40,000","man","Full-time",""
146,"aff",0,3.6,"We want to offer you a bonus for completing this task in its entirety to reward you being such a valuable part of our team. We believe in you, so give it your best shot!","Dear Employee. Your performance on this task is critical to your success at this company. If you cannot complete this task well, I will have to think about whether or not you are the right fit at the ocmpany. Remember, how I see your performance influences how I see you as a performer and whether or not I want to keep you on at this company. Don't just try your best, do your best.","skip task",15,2,"do task",24,3,0,1,25,46,68,87,105,124,143,168,182,200,5,3,3,3,4,4,4,4,3,3,1,"TC529xj","YI774jh",32,"white","GED","$40,001-$60,000","man","Full-time",""
147,"aff",0,2.4,"You totally got this! Please match as many as you can as quickly as you can. By helping me with the work, we can achieve a lot together.","You've been selected for a rigorous task that will impact how the company views our team, myself, and you. This is extremely important and you must understand the gravity of the role you're being assigned. If you were to do poorly, it would impact your standing with the company as well as in my eyes. I want you focus on succeeding in any way possible and remember how much weight this carries.","do task",25,2,"do task",40,7,0,1,14,45,80,100,100,110,110,115,165,200,5,2,2,2,1,3,3,1,3,2,1,"XT894iw","KJ482kw",35,"white","MA","$60,001-$80,000","woman","Full-time","None"
148,"aff",0,1.9,"I'm choosing this assignment for you because I know that I can count on you to do a great job. Thank you so much!","You've been selected for a rigorous task that will impact how the company views our team, myself, and you. This is extremely important and you must understand the gravity of the role you're being assigned. If you were to do poorly, it would impact your standing with the company as well as in my eyes. I want you focus on succeeding in any way possible and remember how much weight this carries.","do task",35,3,"do task",40,6,0,1,20,40,60,80,100,120,140,160,180,200,2,3,1,2,2,2,1,2,2,2,1,"KF800kz","KJ482kw",33,"white","GED","$40,001-$60,000","man","Full-time",""
149,"aff",0,2.7,"Please do your best at this exercise as I have faith that you will try your hardest, but if you make a mistake, no worries. Just take a deep breath focus on the exercise and you will do great!","Dear Employee. Your performance on this task is critical to your success at this company. If you cannot complete this task well, I will have to think about whether or not you are the right fit at the ocmpany. Remember, how I see your performance influences how I see you as a performer and whether or not I want to keep you on at this company. Don't just try your best, do your best.","do task",33,2,"do task",42,5,0,1,29,52,94,135,149,175,185,187,200,200,2,3,5,2,2,2,4,1,3,3,1,"AC528ed","YI774jh",54,"white","GED","$20,001-$40,000","man","Full-time",""
150,"aff",0,2.5,"Whether you do well or not, I appreciate your hard work at this company and will continue to support you.","You've got to have this task done in its entirety before leaving leaving today. We're relying on you for accurate work with this one, so please do not let us down.","skip task",36,1,"do task",50,7,0,1,10,20,30,40,60,75,100,130,150,200,4,4,1,1,3,1,3,1,3,4,1,"HU074mk","LB941bt",35,"white","4yearColl","$100,001-$120,000","woman","Full-time",""
151,"aff",0,2.9,"Hello everyone! Thank you all for agreeing to participate in this project. Please take your time and put forth your best effort in completing this activity. If any help is needed, please see me so that I can provide clarity and assistance. Good luck to you all!","Remember this project is very important to the success of the company and your success here. If you can't accomplish it, you may not be a good fit to continue working here.","do task",34,3,"do task",31,5,0,1,109,115,123,111,119,128,125,124,157,183,4,3,2,2,3,4,4,2,2,3,1,"EP725gv","AB972vt",30,"asian","PHD","$100,001-$120,000","woman","Part-time",""
152,"aff",0,2.5,"Hey, i have a unique opportunity for you to contribute to our team's success. This task could really make a difference for both of us. Your keen eye for details would be invaluable here.","If you do not do well on this task, you're at risk of being demoted and also will not receive a bonus.","skip task",15,1,"do task",30,5,0,1,1,5,15,62,80,95,100,135,175,200,3,3,2,2,2,2,3,1,3,4,1,"BD990bc","XD206yn",32,"white","PHD","Over $200,000","man","Full-time",""
153,"aff",0,3.4,"I am guessing that you will do great on this task and in doing so you will earn yourself a nice little bonus. Do your best and I know the outcome will be favorable.","This exercise determines your bonus. So do your best or your bonus will be affected.","do task",40,3,"do task",45,5,0,1,200,200,200,200,200,200,200,200,200,200,5,4,2,3,2,5,3,2,4,4,1,"DV618ch","XW406gb",46,"white","PHD","Over $200,000","man","Full-time",""
154,"aff",0,2.6,"Hello everyone! Thank you all for agreeing to participate in this project. Please take your time and put forth your best effort in completing this activity. If any help is needed, please see me so that I can provide clarity and assistance. Good luck to you all!","Remember this project is very important to the success of the company and your success here. If you can't accomplish it, you may not be a good fit to continue working here.","skip task",38,3,"do task",35,6,0,1,0,0,25,50,75,100,125,150,175,200,5,1,2,2,2,1,3,1,5,4,1,"EP725gv","AB972vt",22,"white","2yearColl","$20,001-$40,000","woman","Part-time",""
155,"aff",0,1.5,"Hi Team! Thank you so much for all your hard work so far this quarter. It has not gone unnoticed. Coming up, you will be automatically enrolled in an activity that requires your participation. It should not take long, and you will receive a small bonus in return. We realize that it has been especially busy, so if you need an extension on any deadlines in order to complete this task please do not hesitate to reach out.","You must complete this task. Do it to the best of your abilities, or else your bonus will be affected.","skip task",15,3,"do task",45,7,0,1,84,99,109,115,123,137,141,154,175,200,1,2,1,1,1,5,1,1,1,1,1,"SM837hk","PT099gj",28,"black","GED","$40,001-$60,000","woman","Full-time",""
156,"aff",0,3.8,"Team - We have an opportunity to earn meaningful bonuses on the upcoming pay cycle. This bonus depends on the accuracy of work you guys submit. The better the work, the higher the bonus we each receive. I know you guys are up to the task and I can't imagine anyone being better suited to nail this challenge than you guys! thanks for all of your hard work.","There is an activity coming up that you must participate in. This is not optional. You will be automatically enrolled, and the deadline is a hard deadline. Failure to complete the task will result in the potential to be written up.","skip task",8,2,"do task",36,5,0,1,0,0,0,0,0,105,105,127,152,200,4,2,5,5,2,4,3,3,4,6,1,"BA092or","MR621vy",31,"white","MA","$40,001-$60,000",NA,"Part-time",""
157,"aff",0,1.4,"Hey. Our boss has given us a fun and easy task to complete. I think it will allow you to test your intelligence and see exactly how much you know. You will be granting a bonus based on how much you would come up with. Let's do it! It is definitely worth our time.","You must complete this task. Do it to the best of your abilities, or else your bonus will be affected.","do task",30,6,"do task",46,7,0,1,5,15,20,33,49,63,91,121,159,200,1,1,1,1,1,1,1,1,1,5,1,"VD105li","PT099gj",48,"white","MA","$80,001-$100,000","woman","Full-time",""
158,"aff",0,4,"I've given you a relatively easy task that I know you'll perform your absolute best on! To help make the task a little better, you can earn a nice bonus - so make sure to give it your all! I have no doubt that you'll find it easy and fun. You've got this!","This request needs to be completed immediately and if it is not done correctly, your bonus will be affected. In fact, mine is affected as well, so you better do it right.","do task",30,2,"do task",40,7,0,1,42,60,80,100,120,140,160,180,191,200,6,2,5,6,3,5,2,6,2,3,1,"OA261ld","LC320iz",38,"white","4yearColl","$40,001-$60,000","woman","Full-time","The survey was clear and easy to follow."
159,"aff",0,2.5,"Hey, i have a unique opportunity for you to contribute to our team's success. This task could really make a difference for both of us. Your keen eye for details would be invaluable here.","I want you to do this job and do it properly. I expect you to get all 50 shapes correct.","do task",20,2,"do task",35,6,0,1,0,30,60,90,110,125,150,170,190,200,3,3,2,1,2,3,3,2,3,3,1,"BD990bc","JI806xu",34,"white","GED","$60,001-$80,000","man","Full-time",""
160,"aff",0,2.3,"Hi Team! Thank you so much for all your hard work so far this quarter. It has not gone unnoticed. Coming up, you will be automatically enrolled in an activity that requires your participation. It should not take long, and you will receive a small bonus in return. We realize that it has been especially busy, so if you need an extension on any deadlines in order to complete this task please do not hesitate to reach out.","This request needs to be completed immediately and if it is not done correctly, your bonus will be affected. In fact, mine is affected as well, so you better do it right.","skip task",5,1,"do task",40,6,0,1,16,38,56,69,89,114,136,159,180,200,4,4,1,1,1,4,1,1,1,5,1,"SM837hk","LC320iz",32,"white","4yearColl","$40,001-$60,000","man","Full-time",""
161,"dom",1,3.1,"I am hoping you can lend your expertise on this request, given that I know you have a knack for this type of thing! I really appreciate your help, and please let me know if you have any questions!","There is an activity coming up that you must participate in. This is not optional. You will be automatically enrolled, and the deadline is a hard deadline. Failure to complete the task will result in the potential to be written up.","skip task",20,2,"do task",30,6,0,1,17,35,56,76,100,113,125,146,180,200,4,4,2,3,4,6,2,2,1,3,1,"UD880hg","MR621vy",21,"black","GED","$20,001-$40,000","woman","Full-time","No comment."
162,"aff",0,1.6,"We win together! You got this, I believe in your amazing abilities and by doing well, we can both walk away with pride and compensation!","Reminder those that do not complete the task will not be compensated properly.","skip task",35,3,"do task",45,6,0,1,0,5,10,25,45,60,75,90,100,125,4,2,1,1,1,1,1,1,2,2,1,"RA103dx","OL009mq",54,"white","4yearColl","$120,001-$140,000","man","Full-time",""
163,"aff",0,2.7,"I think you would be great for this job. You are a hard worker with great skills. I know I can count on you to get the job done.","I need for you to complete a task for me. Your performance directly affects not only my bonus, but yours as well.","skip task",22,2,"do task",47,6,0,1,100,102,104,110,117,164,184,187,200,200,3,3,3,3,4,3,2,1,3,2,1,"JV696yc","GV333wu",52,"white","4yearColl","Over $200,000","woman","Part-time",""
164,"aff",0,1.9,"We win together! You got this, I believe in your amazing abilities and by doing well, we can both walk away with pride and compensation!","If you do not do well on this task, you're at risk of being demoted and also will not receive a bonus.","skip task",25,2,"do task",25,5,0,1,200,200,200,200,200,200,200,200,200,200,1,7,1,1,1,1,1,1,2,3,1,"RA103dx","XD206yn",47,"white","PHD","$60,001-$80,000","man","Full-time",""
165,"dom",1,2.4,"Please do the best that you can to identify all the shapes that are described. Feel free to take your time and double-check your choices - you don't need to be perfect, just make your best effort!","This exercise determines your bonus. So do your best or your bonus will be affected.","do task",47,2,"skip task",39,6,0,1,2,16,42,62,86,99,123,147,179,200,4,2,2,2,2,4,2,2,2,2,1,"YF438np","XW406gb",29,"asian","MA","$120,001-$140,000","woman","Full-time",""
166,"aff",0,1,"Hi, I have a task that needs to be completed. You've got a sharp eye and I would appreciate if you could do it.","I want you to do this job and do it properly. I expect you to get all 50 shapes correct.","do task",41,3,"do task",44,6,0,1,170,172,171,175,176,175,177,180,181,183,1,1,1,1,1,1,1,1,1,1,1,"LW745iy","JI806xu",45,"white","PHD","$100,001-$120,000","woman","UnemployedHomemaker",""
167,"aff",0,1.8,"Before we begin this task I just want to let you know that I appreciate all the hard work you always do and offer you a chance for a bonus. I am going to assign you a task and if you do well, there is a bonus involved for you. I know that you generally perform well, so I'm not too concerned, but wanted to give you a heads up that the better you perform the better your bonus will be for this task. Thanks again for all your hard work!","You've got to have this task done in its entirety before leaving leaving today. We're relying on you for accurate work with this one, so please do not let us down.","do task",40,7,"do task",37,7,1,1,143,147,150,149,160,167,175,178,192,200,5,1,1,1,1,5,1,1,1,1,1,"HJ188qx","LB941bt",37,"hispanic","GED","$100,001-$120,000","man","Full-time",""
168,"aff",0,1.9,"Hi, I have a task that needs to be completed. You've got a sharp eye and I would appreciate if you could do it.","There is an activity coming up that you must participate in. This is not optional. You will be automatically enrolled, and the deadline is a hard deadline. Failure to complete the task will result in the potential to be written up.","do task",4,1,"do task",46,7,0,1,100,142,145,162,200,200,200,200,200,200,3,1,1,1,4,4,1,1,1,2,1,"LW745iy","MR621vy",32,"black","MA","$40,001-$60,000","woman","Full-time",""
169,"aff",0,2.8,"Hi Team! Thank you so much for all your hard work so far this quarter. It has not gone unnoticed. Coming up, you will be automatically enrolled in an activity that requires your participation. It should not take long, and you will receive a small bonus in return. We realize that it has been especially busy, so if you need an extension on any deadlines in order to complete this task please do not hesitate to reach out.","Dear Employee. Your performance on this task is critical to your success at this company. If you cannot complete this task well, I will have to think about whether or not you are the right fit at the ocmpany. Remember, how I see your performance influences how I see you as a performer and whether or not I want to keep you on at this company. Don't just try your best, do your best.","do task",44,6,"do task",47,6,0,1,0,0,200,200,200,200,200,200,200,200,5,2,2,3,2,6,2,2,2,2,1,"SM837hk","YI774jh",39,"white","GED","$20,001-$40,000","man","Full-time",""
170,"aff",0,3.1,"We want to offer you a bonus for completing this task in its entirety to reward you being such a valuable part of our team. We believe in you, so give it your best shot!","Reminder those that do not complete the task will not be compensated properly.","do task",41,4,"do task",48,6,0,1,200,200,200,200,200,200,200,200,200,200,4,4,2,3,5,4,2,2,2,3,1,"TC529xj","OL009mq",36,"white","GED","$100,001-$120,000","woman","Full-time",""
171,"aff",0,2.7,"Hey. Our boss has given us a fun and easy task to complete. I think it will allow you to test your intelligence and see exactly how much you know. You will be granting a bonus based on how much you would come up with. Let's do it! It is definitely worth our time.","I want you to do this job and do it properly. I expect you to get all 50 shapes correct.","skip task",15,2,"do task",40,5,0,1,42,50,50,51,61,71,100,121,180,200,4,2,2,2,3,5,2,2,2,3,1,"VD105li","JI806xu",56,"white","4yearColl","$40,001-$60,000","woman","Full-time",""
172,"aff",0,2.8,"Team - We have an opportunity to earn meaningful bonuses on the upcoming pay cycle. This bonus depends on the accuracy of work you guys submit. The better the work, the higher the bonus we each receive. I know you guys are up to the task and I can't imagine anyone being better suited to nail this challenge than you guys! thanks for all of your hard work.","This request needs to be completed immediately and if it is not done correctly, your bonus will be affected. In fact, mine is affected as well, so you better do it right.","do task",40,3,"do task",40,6,0,1,49,60,70,80,90,100,110,120,130,150,3,3,1,6,2,5,1,1,1,5,1,"BA092or","LC320iz",37,"white","GED","$0-$20,000","man","Unemployed",""
173,"aff",0,2.5,"Please do your best at this exercise as I have faith that you will try your hardest, but if you make a mistake, no worries. Just take a deep breath focus on the exercise and you will do great!","Please remember that this task directly affects your future pay and performance. Attempting to skate by or not give your full effort will result in severe consequences.","do task",40,2,"do task",40,5,0,1,0,20,40,60,90,120,140,160,180,200,4,3,1,1,2,1,1,1,5,6,1,"AC528ed","GJ795ld",33,"white","4yearColl","Over $200,000","man","Full-time",""
174,"aff",0,3.3,"I have faith that you will excel and perform this given task to the best of your ability because I know how hard-working my employees are. With that being said, there will be a monetary reward for those that perform this task as accurately and efficiently as possible!","I want you to do this job and do it properly. I expect you to get all 50 shapes correct.","skip task",25,1,"do task",46,6,1,1,100,100,100,100,100,200,200,200,200,200,5,4,4,2,2,6,3,2,2,3,1,"VQ327uf","JI806xu",37,"white","MA","$60,001-$80,000","woman","Full-time",""
175,"aff",0,2.1,"I've given you a relatively easy task that I know you'll perform your absolute best on! To help make the task a little better, you can earn a nice bonus - so make sure to give it your all! I have no doubt that you'll find it easy and fun. You've got this!","Please remember that this task directly affects your future pay and performance. Attempting to skate by or not give your full effort will result in severe consequences.","skip task",21,2,"do task",37,3,0,1,0,0,0,0,45,57,74,166,187,200,2,2,4,2,1,2,2,2,2,2,1,"OA261ld","GJ795ld",45,"white","4yearColl","$120,001-$140,000","man","Full-time",""
176,"dom",1,4.4,"I am guessing that you will do great on this task and in doing so you will earn yourself a nice little bonus. Do your best and I know the outcome will be favorable.","This request needs to be completed immediately and if it is not done correctly, your bonus will be affected. In fact, mine is affected as well, so you better do it right.","do task",40,7,"do task",40,7,1,1,74,54,43,49,31,63,32,38,35,56,7,2,7,6,2,7,2,7,2,2,1,"DV618ch","LC320iz",NA,"black","4yearColl","$100,001-$120,000","man","Full-time",""
177,"aff",0,1.5,"You totally got this! Please match as many as you can as quickly as you can. By helping me with the work, we can achieve a lot together.","This task I am assigning you is pretty important and needs to be done as well as possible. If you do not perform well you will not be receiving a possible bonus that I can reward you with. If you want this bonus, you will perform according.","skip task",42,2,"do task",50,7,0,1,50,70,85,97,110,118,136,165,189,200,1,1,1,6,1,1,1,1,1,1,1,"XT894iw","WC835pl",74,"white","4yearColl","$80,001-$100,000","woman","Part-time","I cannot understand how anyone thinks that being mean and selfish is okay"
178,"aff",0,2.1,"I have faith that you will excel and perform this given task to the best of your ability because I know how hard-working my employees are. With that being said, there will be a monetary reward for those that perform this task as accurately and efficiently as possible!","You must complete this task. Do it to the best of your abilities, or else your bonus will be affected.","skip task",0,2,"do task",50,6,0,1,0,0,60,80,100,120,140,160,180,200,2,3,2,1,2,2,2,2,1,4,1,"VQ327uf","PT099gj",43,"white","MA","$100,001-$120,000","woman","Part-time",""
179,"dom",1,2.6,"Whether you do well or not, I appreciate your hard work at this company and will continue to support you.","Remember this project is very important to the success of the company and your success here. If you can't accomplish it, you may not be a good fit to continue working here.","do task",50,3,"do task",50,6,1,1,0,0,0,0,50,100,140,175,190,200,4,4,2,1,3,5,2,1,1,3,1,"HU074mk","AB972vt",31,"white","4yearColl","$180,001-$200,000","man","Full-time",""
180,"aff",0,2.9,"I'm choosing this assignment for you because I know that I can count on you to do a great job. Thank you so much!","Dear Employee. Your performance on this task is critical to your success at this company. If you cannot complete this task well, I will have to think about whether or not you are the right fit at the ocmpany. Remember, how I see your performance influences how I see you as a performer and whether or not I want to keep you on at this company. Don't just try your best, do your best.","do task",40,1,"do task",46,5,0,1,0,0,0,0,0,0,0,180,190,200,3,4,1,2,2,5,1,1,5,5,1,"KF800kz","YI774jh",58,"hispanic","4yearColl","Over $200,000","man","Full-time","none"
181,"aff",0,3.6,"Please do your best at this exercise as I have faith that you will try your hardest, but if you make a mistake, no worries. Just take a deep breath focus on the exercise and you will do great!","This exercise determines your bonus. So do your best or your bonus will be affected.","do task",35,3,"do task",35,6,0,1,0,0,0,0,100,100,100,100,100,200,5,3,3,4,2,5,3,3,5,3,1,"AC528ed","XW406gb",39,"white","4yearColl","$120,001-$140,000","man","Full-time","none"
182,"aff",0,1.8,"You are completely capable of successfully completing this task. You are smart, perceptive, and discerning: all things you need to complete this task well.","If you do not do well on this task, you're at risk of being demoted and also will not receive a bonus.","skip task",25,3,"do task",45,6,0,1,5,25,50,75,100,125,150,175,200,200,2,1,1,1,2,3,1,1,3,3,1,"TO642sj","XD206yn",41,"white","PHD","$40,001-$60,000","woman","Part-time","na"
183,"aff",0,2,"I am hoping you can lend your expertise on this request, given that I know you have a knack for this type of thing! I really appreciate your help, and please let me know if you have any questions!","Hello, I am writing you today to notify you that you must complete this task flawlessly. There may be consequences if there is any more than 10% wrong. Pay close attention to the task.","skip task",30,2,"do task",45,6,0,1,50,75,75,100,100,100,150,150,200,200,2,1,2,4,1,1,2,1,3,3,1,"UD880hg","ZC801er",27,"black","2yearColl","$20,001-$40,000","woman","Full-time",""
184,"aff",0,3,"I'm choosing this assignment for you because I know that I can count on you to do a great job. Thank you so much!","You've been selected for a rigorous task that will impact how the company views our team, myself, and you. This is extremely important and you must understand the gravity of the role you're being assigned. If you were to do poorly, it would impact your standing with the company as well as in my eyes. I want you focus on succeeding in any way possible and remember how much weight this carries.","skip task",46,3,"do task",46,5,0,1,4,24,60,71,100,104,111,125,138,200,3,3,2,2,2,4,4,2,5,3,1,"KF800kz","KJ482kw",52,"white","MA","$60,001-$80,000","woman","Part-time",""
185,"aff",0,3.6,"I am hoping you can lend your expertise on this request, given that I know you have a knack for this type of thing! I really appreciate your help, and please let me know if you have any questions!","This request needs to be completed immediately and if it is not done correctly, your bonus will be affected. In fact, mine is affected as well, so you better do it right.","skip task",25,3,"do task",40,5,0,1,20,40,60,80,100,120,140,160,180,200,4,4,3,2,4,5,4,2,4,4,1,"UD880hg","LC320iz",43,"white","GED","$80,001-$100,000","woman","Full-time","None at this time "
186,"dom",1,3.8,"Before we begin this task I just want to let you know that I appreciate all the hard work you always do and offer you a chance for a bonus. I am going to assign you a task and if you do well, there is a bonus involved for you. I know that you generally perform well, so I'm not too concerned, but wanted to give you a heads up that the better you perform the better your bonus will be for this task. Thanks again for all your hard work!","Reminder those that do not complete the task will not be compensated properly.","do task",32,4,"do task",29,4,1,1,116,135,167,122,118,126,138,138,135,131,4,5,4,4,3,3,5,4,2,4,1,"HJ188qx","OL009mq",NA,"black","PHD","$100,001-$120,000","man","Full-time",""
187,"aff",0,2.6,"You totally got this! Please match as many as you can as quickly as you can. By helping me with the work, we can achieve a lot together.","I want you to do this job and do it properly. I expect you to get all 50 shapes correct.","skip task",10,1,"do task",17,6,0,1,10,25,45,103,155,180,200,200,200,200,4,3,2,2,3,3,2,2,2,3,1,"XT894iw","JI806xu",58,"white","4yearColl","Over $200,000","man","Full-time",""
188,"aff",0,1.4,"I think you would be great for this job. You are a hard worker with great skills. I know I can count on you to get the job done.","Hello, I am writing you today to notify you that you must complete this task flawlessly. There may be consequences if there is any more than 10% wrong. Pay close attention to the task.","skip task",35,1,"do task",40,7,0,1,10,30,50,70,100,125,150,170,190,200,2,1,1,1,1,2,1,1,1,3,1,"JV696yc","ZC801er",41,"white","GED","$20,001-$40,000","man","Full-time",""
189,"aff",0,2.5,"This task is meant to challenge you but I have every faith that you will rise to the occasion. Take your time, think clearly and I know you will succeed.","Reminder those that do not complete the task will not be compensated properly.","skip task",25,3,"do task",25,6,0,1,100,100,100,99,100,100,100,100,100,100,4,2,3,2,2,2,2,3,3,2,1,"VM414kq","OL009mq",37,"hispanic","MA","Over $200,000","man","Full-time",""
190,"aff",0,3,"I think you would be great for this job. You are a hard worker with great skills. I know I can count on you to get the job done.","I need for you to complete a task for me. Your performance directly affects not only my bonus, but yours as well.","skip task",35,3,"do task",40,6,0,1,0,20,50,75,100,125,135,160,180,200,4,3,1,6,2,4,2,1,2,5,1,"JV696yc","GV333wu",29,"black","MA","$60,001-$80,000","woman","Full-time",""
191,"aff",0,2.1,"Hey teammate, I chose you to help complete this shape identification task because it is a quick, fun way for both of us to earn a bonus and I know you are the perfect person for the job! I'd really appreciate your attention and focus and I'll make sure your bonus reflects your hard work. Let's win this together!","You've got to have this task done in its entirety before leaving leaving today. We're relying on you for accurate work with this one, so please do not let us down.","skip task",20,1,"do task",35,6,0,1,0,25,50,75,100,125,150,175,190,200,2,3,1,1,1,5,1,1,3,3,1,"PA168kd","LB941bt",24,"white","GED","$20,001-$40,000","man","Full-time",""
192,"aff",0,2,"Hi Team! Thank you so much for all your hard work so far this quarter. It has not gone unnoticed. Coming up, you will be automatically enrolled in an activity that requires your participation. It should not take long, and you will receive a small bonus in return. We realize that it has been especially busy, so if you need an extension on any deadlines in order to complete this task please do not hesitate to reach out.","You must complete this task. Do it to the best of your abilities, or else your bonus will be affected.","do task",20,2,"do task",35,6,0,1,100,120,140,140,160,160,180,180,200,200,2,2,2,2,2,2,2,2,2,2,1,"SM837hk","PT099gj",37,"white","4yearColl","$120,001-$140,000","woman","Full-time",""
193,"aff",0,2.6,"Hello everyone! Thank you all for agreeing to participate in this project. Please take your time and put forth your best effort in completing this activity. If any help is needed, please see me so that I can provide clarity and assistance. Good luck to you all!","Remember this project is very important to the success of the company and your success here. If you can't accomplish it, you may not be a good fit to continue working here.","do task",30,2,"do task",43,6,0,1,200,200,200,200,200,200,200,200,200,200,4,4,1,1,3,5,1,1,3,3,1,"EP725gv","AB972vt",29,"white","GED","$80,001-$100,000","man","Part-time","no comment"
194,"aff",0,2.3,"Before we begin this task I just want to let you know that I appreciate all the hard work you always do and offer you a chance for a bonus. I am going to assign you a task and if you do well, there is a bonus involved for you. I know that you generally perform well, so I'm not too concerned, but wanted to give you a heads up that the better you perform the better your bonus will be for this task. Thanks again for all your hard work!","You've been selected for a rigorous task that will impact how the company views our team, myself, and you. This is extremely important and you must understand the gravity of the role you're being assigned. If you were to do poorly, it would impact your standing with the company as well as in my eyes. I want you focus on succeeding in any way possible and remember how much weight this carries.","do task",50,7,"do task",50,7,0,1,100,100,100,100,100,200,200,200,200,200,5,4,1,1,1,5,1,1,3,1,1,"HJ188qx","KJ482kw",35,"black","4yearColl","$160,001-$180,000","man","Full-time",""
195,"aff",0,2.1,"This task is meant to challenge you but I have every faith that you will rise to the occasion. Take your time, think clearly and I know you will succeed.","Hello, I am writing you today to notify you that you must complete this task flawlessly. There may be consequences if there is any more than 10% wrong. Pay close attention to the task.","skip task",3,1,"do task",37,6,0,1,20,40,60,80,100,120,140,160,180,200,3,1,3,1,2,1,1,2,5,2,1,"VM414kq","ZC801er",36,"white","PHD","$120,001-$140,000","woman","Full-time",""
196,"aff",0,2.3,"Please do the best that you can to identify all the shapes that are described. Feel free to take your time and double-check your choices - you don't need to be perfect, just make your best effort!","This exercise determines your bonus. So do your best or your bonus will be affected.","do task",30,3,"do task",35,5,0,1,17,24,27,33,37,40,34,33,34,51,2,2,2,2,3,3,2,2,2,3,1,"YF438np","XW406gb",38,"white","MA","Over $200,000","man","Full-time",""
197,"aff",0,3.1,"Whether you do well or not, I appreciate your hard work at this company and will continue to support you.","You've been selected for a rigorous task that will impact how the company views our team, myself, and you. This is extremely important and you must understand the gravity of the role you're being assigned. If you were to do poorly, it would impact your standing with the company as well as in my eyes. I want you focus on succeeding in any way possible and remember how much weight this carries.","skip task",20,2,"do task",35,5,0,1,200,200,200,200,200,200,200,200,200,200,3,2,3,3,2,4,4,3,3,4,1,"HU074mk","KJ482kw",25,"white","MA","$120,001-$140,000","woman","Full-time",""
198,"aff",0,2.4,"You are completely capable of successfully completing this task. You are smart, perceptive, and discerning: all things you need to complete this task well.","You've been selected for a rigorous task that will impact how the company views our team, myself, and you. This is extremely important and you must understand the gravity of the role you're being assigned. If you were to do poorly, it would impact your standing with the company as well as in my eyes. I want you focus on succeeding in any way possible and remember how much weight this carries.","skip task",10,1,"do task",50,7,0,1,200,200,200,200,200,200,200,200,200,200,2,2,6,2,1,5,1,1,2,2,1,"TO642sj","KJ482kw",28,"white","2yearColl","$0-$20,000","woman","Full-time",""
199,"aff",0,2,"Team - We have an opportunity to earn meaningful bonuses on the upcoming pay cycle. This bonus depends on the accuracy of work you guys submit. The better the work, the higher the bonus we each receive. I know you guys are up to the task and I can't imagine anyone being better suited to nail this challenge than you guys! thanks for all of your hard work.","This task I am assigning you is pretty important and needs to be done as well as possible. If you do not perform well you will not be receiving a possible bonus that I can reward you with. If you want this bonus, you will perform according.","skip task",35,2,"do task",49,7,0,1,25,42,64,85,100,120,140,160,180,200,2,2,1,2,3,3,2,1,1,3,1,"BA092or","WC835pl",35,"black","MA","$60,001-$80,000","man","Full-time",""
200,"aff",0,1,"I have faith that you will excel and perform this given task to the best of your ability because I know how hard-working my employees are. With that being said, there will be a monetary reward for those that perform this task as accurately and efficiently as possible!","You've been selected for a rigorous task that will impact how the company views our team, myself, and you. This is extremely important and you must understand the gravity of the role you're being assigned. If you were to do poorly, it would impact your standing with the company as well as in my eyes. I want you focus on succeeding in any way possible and remember how much weight this carries.","skip task",15,1,"do task",50,7,0,1,41,51,64,86,104,112,126,125,151,200,1,1,1,1,1,1,1,1,1,1,1,"VQ327uf","KJ482kw",47,"white","GED","$20,001-$40,000","woman","Unemployed",""
201,"aff",0,2.3,"I've given you a relatively easy task that I know you'll perform your absolute best on! To help make the task a little better, you can earn a nice bonus - so make sure to give it your all! I have no doubt that you'll find it easy and fun. You've got this!","You've got to have this task done in its entirety before leaving leaving today. We're relying on you for accurate work with this one, so please do not let us down.","do task",26,3,"do task",37,6,0,1,16,44,59,86,105,128,150,162,180,200,2,6,1,2,2,2,2,2,1,3,1,"OA261ld","LB941bt",35,"white","4yearColl","$60,001-$80,000","woman","Full-time","No comments "
202,"aff",0,1.5,"I think you would be great for this job. You are a hard worker with great skills. I know I can count on you to get the job done.","This request needs to be completed immediately and if it is not done correctly, your bonus will be affected. In fact, mine is affected as well, so you better do it right.","do task",5,2,"do task",25,5,0,1,10,20,35,64,87,109,125,134,149,172,1,2,1,1,1,1,2,1,1,4,1,"JV696yc","LC320iz",43,"white","4yearColl","Over $200,000","man","Full-time",""
203,"aff",0,1.6,"This task is meant to challenge you but I have every faith that you will rise to the occasion. Take your time, think clearly and I know you will succeed.","Hello, I am writing you today to notify you that you must complete this task flawlessly. There may be consequences if there is any more than 10% wrong. Pay close attention to the task.","skip task",25,2,"do task",50,7,0,1,5,25,50,100,150,200,200,200,200,200,3,1,1,2,1,1,1,1,3,2,1,"VM414kq","ZC801er",55,"white","2yearColl","$100,001-$120,000","woman","Full-time",""
204,"aff",0,2.4,"This task is meant to challenge you but I have every faith that you will rise to the occasion. Take your time, think clearly and I know you will succeed.","You've been selected for a rigorous task that will impact how the company views our team, myself, and you. This is extremely important and you must understand the gravity of the role you're being assigned. If you were to do poorly, it would impact your standing with the company as well as in my eyes. I want you focus on succeeding in any way possible and remember how much weight this carries.","skip task",40,4,"do task",50,6,0,1,4,26,50,61,57,60,66,79,81,106,1,1,1,1,6,3,2,2,4,3,1,"VM414kq","KJ482kw",27,"white","GED","$60,001-$80,000","man","Full-time",""
205,"aff",0,1.9,"Hi Team! Thank you so much for all your hard work so far this quarter. It has not gone unnoticed. Coming up, you will be automatically enrolled in an activity that requires your participation. It should not take long, and you will receive a small bonus in return. We realize that it has been especially busy, so if you need an extension on any deadlines in order to complete this task please do not hesitate to reach out.","This exercise determines your bonus. So do your best or your bonus will be affected.","do task",40,2,"do task",50,7,0,1,200,200,200,200,200,200,200,200,200,200,3,1,1,2,2,3,2,1,2,2,1,"SM837hk","XW406gb",39,"white","2yearColl","$40,001-$60,000","man","Full-time",""
206,"aff",0,1.6,"Hey teammate, I chose you to help complete this shape identification task because it is a quick, fun way for both of us to earn a bonus and I know you are the perfect person for the job! I'd really appreciate your attention and focus and I'll make sure your bonus reflects your hard work. Let's win this together!","Hello, I am writing you today to notify you that you must complete this task flawlessly. There may be consequences if there is any more than 10% wrong. Pay close attention to the task.","skip task",35,3,"do task",50,7,0,1,38,41,68,97,123,143,161,179,200,200,2,2,1,1,1,5,1,1,1,1,1,"PA168kd","ZC801er",36,"black","4yearColl","$100,001-$120,000","man","Full-time",""
207,"aff",0,2.6,"We want to offer you a bonus for completing this task in its entirety to reward you being such a valuable part of our team. We believe in you, so give it your best shot!","Dear Employee. Your performance on this task is critical to your success at this company. If you cannot complete this task well, I will have to think about whether or not you are the right fit at the ocmpany. Remember, how I see your performance influences how I see you as a performer and whether or not I want to keep you on at this company. Don't just try your best, do your best.","skip task",30,3,"do task",50,7,0,1,100,100,100,100,100,100,100,100,100,100,2,3,3,2,3,3,2,2,2,4,1,"TC529xj","YI774jh",36,"black","GED","$0-$20,000","woman","Part-time",""
208,"aff",0,2.5,"Hey teammate, I chose you to help complete this shape identification task because it is a quick, fun way for both of us to earn a bonus and I know you are the perfect person for the job! I'd really appreciate your attention and focus and I'll make sure your bonus reflects your hard work. Let's win this together!","You must complete this task. Do it to the best of your abilities, or else your bonus will be affected.","skip task",26,2,"do task",42,6,1,1,66,86,101,92,100,112,122,132,142,146,2,2,2,1,2,3,2,6,2,3,1,"PA168kd","PT099gj",45,"white","GED","$20,001-$40,000","woman","Part-time",""
209,"aff",0,2.8,"I've given you a relatively easy task that I know you'll perform your absolute best on! To help make the task a little better, you can earn a nice bonus - so make sure to give it your all! I have no doubt that you'll find it easy and fun. You've got this!","If you do not do well on this task, you're at risk of being demoted and also will not receive a bonus.","do task",36,4,"do task",38,6,0,1,20,19,61,68,90,100,130,137,181,200,7,3,1,2,1,6,1,2,2,3,1,"OA261ld","XD206yn",27,"white","GED","$20,001-$40,000","man","Full-time","None"
210,"aff",0,2.4,"We want to offer you a bonus for completing this task in its entirety to reward you being such a valuable part of our team. We believe in you, so give it your best shot!","Please remember that this task directly affects your future pay and performance. Attempting to skate by or not give your full effort will result in severe consequences.","skip task",20,2,"do task",40,7,0,1,200,200,200,200,200,200,200,200,200,200,5,2,2,2,2,3,2,1,2,3,1,"TC529xj","GJ795ld",37,"black","4yearColl","$0-$20,000","woman","Part-time",""
211,"aff",0,3.3,"Whether you do well or not, I appreciate your hard work at this company and will continue to support you.","Reminder those that do not complete the task will not be compensated properly.","do task",49,5,"do task",50,5,1,1,5,8,15,17,21,29,34,39,45,49,5,2,3,3,3,4,4,3,2,4,1,"HU074mk","OL009mq",26,"white","GED","$20,001-$40,000","man","Part-time","none"
212,"aff",0,4.1,"You are completely capable of successfully completing this task. You are smart, perceptive, and discerning: all things you need to complete this task well.","Hello, I am writing you today to notify you that you must complete this task flawlessly. There may be consequences if there is any more than 10% wrong. Pay close attention to the task.","skip task",15,2,"do task",45,6,0,1,0,5,10,25,44,70,100,135,165,200,5,5,2,5,4,5,2,1,6,6,1,"TO642sj","ZC801er",19,"white","GED","$80,001-$100,000","man","Part-time",""
213,"aff",0,2.9,"Before we begin this task I just want to let you know that I appreciate all the hard work you always do and offer you a chance for a bonus. I am going to assign you a task and if you do well, there is a bonus involved for you. I know that you generally perform well, so I'm not too concerned, but wanted to give you a heads up that the better you perform the better your bonus will be for this task. Thanks again for all your hard work!","This request needs to be completed immediately and if it is not done correctly, your bonus will be affected. In fact, mine is affected as well, so you better do it right.","do task",20,2,"do task",40,6,0,1,20,40,59,83,101,119,141,160,180,200,3,3,2,2,2,5,2,2,2,6,1,"HJ188qx","LC320iz",36,"white","4yearColl","$60,001-$80,000","woman","Full-time",""
214,"aff",0,2.5,"Hey. Our boss has given us a fun and easy task to complete. I think it will allow you to test your intelligence and see exactly how much you know. You will be granting a bonus based on how much you would come up with. Let's do it! It is definitely worth our time.","There is an activity coming up that you must participate in. This is not optional. You will be automatically enrolled, and the deadline is a hard deadline. Failure to complete the task will result in the potential to be written up.","do task",50,3,"do task",50,5,0,1,50,100,100,101,100,100,125,150,175,200,3,3,2,1,2,4,2,2,3,3,1,"VD105li","MR621vy",52,"white","GED","$20,001-$40,000","woman","Full-time","Thank you for allowing me to participate "
215,"aff",0,1.6,"You are completely capable of successfully completing this task. You are smart, perceptive, and discerning: all things you need to complete this task well.","This task I am assigning you is pretty important and needs to be done as well as possible. If you do not perform well you will not be receiving a possible bonus that I can reward you with. If you want this bonus, you will perform according.","skip task",50,2,"do task",50,7,0,1,0,0,0,0,0,0,50,50,50,50,1,1,1,1,1,4,1,1,4,1,1,"TO642sj","WC835pl",56,"white","4yearColl","$80,001-$100,000","woman","Full-time",""
216,"aff",0,2.4,"Hey. Our boss has given us a fun and easy task to complete. I think it will allow you to test your intelligence and see exactly how much you know. You will be granting a bonus based on how much you would come up with. Let's do it! It is definitely worth our time.","There is an activity coming up that you must participate in. This is not optional. You will be automatically enrolled, and the deadline is a hard deadline. Failure to complete the task will result in the potential to be written up.","do task",28,1,"do task",42,7,0,1,200,200,200,200,200,200,200,200,200,200,3,2,2,2,1,5,2,1,2,4,1,"VD105li","MR621vy",43,"white","GED","$60,001-$80,000","woman","Full-time",""
217,"aff",0,3.3,"Please do the best that you can to identify all the shapes that are described. Feel free to take your time and double-check your choices - you don't need to be perfect, just make your best effort!","Please remember that this task directly affects your future pay and performance. Attempting to skate by or not give your full effort will result in severe consequences.","skip task",47,3,"do task",45,5,0,1,0,0,0,0,0,200,200,200,200,200,5,3,2,3,2,3,2,2,6,5,1,"YF438np","GJ795ld",49,"white","4yearColl","$20,001-$40,000","man","Part-time",""
218,"aff",0,2.1,"Hi, I have a task that needs to be completed. You've got a sharp eye and I would appreciate if you could do it.","Reminder those that do not complete the task will not be compensated properly.","skip task",40,2,"do task",46,6,0,1,2,25,50,50,100,151,175,200,200,200,3,2,2,1,2,2,2,1,3,3,1,"LW745iy","OL009mq",35,"white","4yearColl","$60,001-$80,000","woman","Full-time",""
219,"aff",0,2.9,"Hey, i have a unique opportunity for you to contribute to our team's success. This task could really make a difference for both of us. Your keen eye for details would be invaluable here.","You must complete this task. Do it to the best of your abilities, or else your bonus will be affected.","skip task",20,3,"do task",40,6,0,1,77,165,154,127,86,99,192,163,174,175,6,1,2,5,1,7,2,1,1,3,1,"BD990bc","PT099gj",43,"black","GED","$160,001-$180,000","woman","Full-time",""
220,"aff",0,2.7,"We win together! You got this, I believe in your amazing abilities and by doing well, we can both walk away with pride and compensation!","Please remember that this task directly affects your future pay and performance. Attempting to skate by or not give your full effort will result in severe consequences.","skip task",25,2,"do task",35,6,0,1,10,30,75,85,100,125,150,165,185,200,2,3,5,2,1,6,2,2,2,2,1,"RA103dx","GJ795ld",50,"white","MA","$120,001-$140,000","woman","Full-time",""
221,"aff",0,3.8,"We want to offer you a bonus for completing this task in its entirety to reward you being such a valuable part of our team. We believe in you, so give it your best shot!","I want you to do this job and do it properly. I expect you to get all 50 shapes correct.","skip task",25,3,"do task",40,6,0,1,1,10,19,35,60,100,120,145,174,200,7,3,6,5,2,6,1,3,2,3,1,"TC529xj","JI806xu",19,"white","GED","$80,001-$100,000","woman","Part-time, Student","This was fun and enjoyable to take! fingers crossed for my employee"
222,"aff",0,1.2,"Please do your best at this exercise as I have faith that you will try your hardest, but if you make a mistake, no worries. Just take a deep breath focus on the exercise and you will do great!","I need for you to complete a task for me. Your performance directly affects not only my bonus, but yours as well.","do task",36,6,"do task",37,7,0,1,144,167,175,190,192,192,191,193,200,200,1,1,1,1,1,1,1,1,2,2,1,"AC528ed","GV333wu",30,"white","4yearColl","$20,001-$40,000","woman","Part-time",""
223,"dom",1,4.3,"Hey, i have a unique opportunity for you to contribute to our team's success. This task could really make a difference for both of us. Your keen eye for details would be invaluable here.","You've got to have this task done in its entirety before leaving leaving today. We're relying on you for accurate work with this one, so please do not let us down.","do task",43,3,"skip task",20,4,1,1,132,119,107,150,159,160,161,142,163,180,6,4,7,5,4,6,1,5,2,3,1,"BD990bc","LB941bt",60,"black","4yearColl","$40,001-$60,000","man","Full-time",""
224,"aff",0,4.6,"I am hoping you can lend your expertise on this request, given that I know you have a knack for this type of thing! I really appreciate your help, and please let me know if you have any questions!","I want you to do this job and do it properly. I expect you to get all 50 shapes correct.","do task",50,3,"do task",50,5,0,1,0,0,0,0,0,0,0,50,100,200,5,5,5,5,5,5,3,2,6,5,1,"UD880hg","JI806xu",55,"multiracial","4yearColl","$100,001-$120,000","man","Full-time",""
225,"aff",0,2.9,"I'm choosing this assignment for you because I know that I can count on you to do a great job. Thank you so much!","This task I am assigning you is pretty important and needs to be done as well as possible. If you do not perform well you will not be receiving a possible bonus that I can reward you with. If you want this bonus, you will perform according.","skip task",0,1,"do task",40,6,0,1,2,4,6,8,11,14,16,18,21,23,4,3,2,2,2,3,2,1,4,6,1,"KF800kz","WC835pl",26,"white","GED","$20,001-$40,000","man","Part-time",""
226,"aff",0,2.1,"Hi, I have a task that needs to be completed. You've got a sharp eye and I would appreciate if you could do it.","Please remember that this task directly affects your future pay and performance. Attempting to skate by or not give your full effort will result in severe consequences.","skip task",38,2,"do task",47,5,0,1,3,29,39,51,62,85,105,115,145,200,5,1,1,1,1,6,1,1,1,3,1,"LW745iy","GJ795ld",33,"white","4yearColl","$20,001-$40,000","man","Full-time",""
227,"aff",0,3.4,"Hi Team! Thank you so much for all your hard work so far this quarter. It has not gone unnoticed. Coming up, you will be automatically enrolled in an activity that requires your participation. It should not take long, and you will receive a small bonus in return. We realize that it has been especially busy, so if you need an extension on any deadlines in order to complete this task please do not hesitate to reach out.","You've been selected for a rigorous task that will impact how the company views our team, myself, and you. This is extremely important and you must understand the gravity of the role you're being assigned. If you were to do poorly, it would impact your standing with the company as well as in my eyes. I want you focus on succeeding in any way possible and remember how much weight this carries.","do task",31,3,"do task",40,5,0,1,17,54,69,79,101,119,139,161,181,200,5,5,3,4,4,5,2,2,2,2,1,"SM837hk","KJ482kw",34,"white","MA","$80,001-$100,000","man","Full-time",""
228,"aff",0,2.5,"Whether you do well or not, I appreciate your hard work at this company and will continue to support you.","This request needs to be completed immediately and if it is not done correctly, your bonus will be affected. In fact, mine is affected as well, so you better do it right.","do task",26,2,"do task",33,6,0,1,200,200,200,200,200,200,200,200,200,200,2,1,1,1,2,4,3,1,6,4,1,"HU074mk","LC320iz",43,"hispanic","MA","$80,001-$100,000","woman","Full-time",""
229,"aff",0,2,"I'm choosing this assignment for you because I know that I can count on you to do a great job. Thank you so much!","This request needs to be completed immediately and if it is not done correctly, your bonus will be affected. In fact, mine is affected as well, so you better do it right.","do task",40,2,"do task",50,7,0,1,19,39,55,76,94,105,118,130,172,200,3,3,2,1,1,2,1,1,3,3,1,"KF800kz","LC320iz",31,"multiracial","4yearColl","$80,001-$100,000","man","Full-time",""
230,"aff",0,1.3,"Hey teammate, I chose you to help complete this shape identification task because it is a quick, fun way for both of us to earn a bonus and I know you are the perfect person for the job! I'd really appreciate your attention and focus and I'll make sure your bonus reflects your hard work. Let's win this together!","Remember this project is very important to the success of the company and your success here. If you can't accomplish it, you may not be a good fit to continue working here.","skip task",31,2,"do task",40,6,0,1,0,60,60,60,100,100,100,200,200,200,1,1,1,1,1,2,1,1,1,3,1,"PA168kd","AB972vt",NA,"white","4yearColl","$60,001-$80,000","woman","Unemployed",""
231,"aff",0,2,"Before we begin this task I just want to let you know that I appreciate all the hard work you always do and offer you a chance for a bonus. I am going to assign you a task and if you do well, there is a bonus involved for you. I know that you generally perform well, so I'm not too concerned, but wanted to give you a heads up that the better you perform the better your bonus will be for this task. Thanks again for all your hard work!","This exercise determines your bonus. So do your best or your bonus will be affected.","skip task",40,1,"do task",50,6,0,1,200,200,200,200,200,200,200,200,200,200,4,1,3,2,2,1,2,1,2,2,1,"HJ188qx","XW406gb",33,NA,"GED","$20,001-$40,000","man","Part-time",""
232,"dom",1,2.7,"You totally got this! Please match as many as you can as quickly as you can. By helping me with the work, we can achieve a lot together.","Reminder those that do not complete the task will not be compensated properly.","do task",30,4,"do task",30,4,0,1,5,20,35,40,55,70,100,110,180,200,3,3,2,2,2,5,2,2,2,4,1,"XT894iw","OL009mq",37,"hispanic","4yearColl","$40,001-$60,000","woman","Full-time",""
233,"aff",0,1.6,"I am guessing that you will do great on this task and in doing so you will earn yourself a nice little bonus. Do your best and I know the outcome will be favorable.","You've got to have this task done in its entirety before leaving leaving today. We're relying on you for accurate work with this one, so please do not let us down.","do task",46,2,"do task",46,7,0,1,200,200,200,200,200,200,200,200,200,185,1,2,1,1,1,5,1,1,1,2,1,"DV618ch","LB941bt",61,"white","GED","$40,001-$60,000","woman","Other",""
234,"aff",0,2.7,"I am guessing that you will do great on this task and in doing so you will earn yourself a nice little bonus. Do your best and I know the outcome will be favorable.","If you do not do well on this task, you're at risk of being demoted and also will not receive a bonus.","skip task",30,1,"do task",45,7,0,1,80,100,120,135,145,155,165,175,185,200,5,2,3,2,1,6,2,1,2,3,1,"DV618ch","XD206yn",38,"white","2yearColl","$140,001-$160,000","woman","Full-time",""
235,"aff",0,2.6,"I think you would be great for this job. You are a hard worker with great skills. I know I can count on you to get the job done.","Remember this project is very important to the success of the company and your success here. If you can't accomplish it, you may not be a good fit to continue working here.","do task",25,2,"do task",35,6,0,1,15,25,50,75,100,115,125,140,170,200,5,4,1,3,2,2,3,2,2,2,1,"JV696yc","AB972vt",29,"white","GED","$20,001-$40,000","man","Part-time",""
236,"aff",0,2.1,"You are completely capable of successfully completing this task. You are smart, perceptive, and discerning: all things you need to complete this task well.","This task I am assigning you is pretty important and needs to be done as well as possible. If you do not perform well you will not be receiving a possible bonus that I can reward you with. If you want this bonus, you will perform according.","skip task",50,1,"do task",50,6,0,1,100,100,100,200,200,200,200,200,200,200,2,3,1,2,2,3,2,1,3,2,1,"TO642sj","WC835pl",49,"multiracial","GED","$20,001-$40,000","woman","Part-time",""
237,"aff",0,2,"This task is meant to challenge you but I have every faith that you will rise to the occasion. Take your time, think clearly and I know you will succeed.","Hello, I am writing you today to notify you that you must complete this task flawlessly. There may be consequences if there is any more than 10% wrong. Pay close attention to the task.","skip task",10,1,"do task",36,6,0,1,30,86,101,106,103,133,130,139,154,173,1,2,2,2,2,3,2,2,2,2,1,"VM414kq","ZC801er",37,"white","MA","Over $200,000","man","Full-time",""
238,"aff",0,3.7,"Hey teammate, I chose you to help complete this shape identification task because it is a quick, fun way for both of us to earn a bonus and I know you are the perfect person for the job! I'd really appreciate your attention and focus and I'll make sure your bonus reflects your hard work. Let's win this together!","You must complete this task. Do it to the best of your abilities, or else your bonus will be affected.","do task",46,7,"do task",48,7,1,1,80,100,113,129,148,183,177,188,197,197,3,3,4,6,1,6,3,6,2,3,1,"PA168kd","PT099gj",35,"white","PHD","Over $200,000","man","Full-time",""
239,"aff",0,1.4,"We want to offer you a bonus for completing this task in its entirety to reward you being such a valuable part of our team. We believe in you, so give it your best shot!","Please remember that this task directly affects your future pay and performance. Attempting to skate by or not give your full effort will result in severe consequences.","do task",9,2,"do task",44,7,0,1,10,20,29,40,52,59,70,80,87,102,1,1,1,1,1,2,2,1,2,2,1,"TC529xj","GJ795ld",49,"white","2yearColl","$80,001-$100,000","woman","Full-time",""
240,"aff",0,1,"I am hoping you can lend your expertise on this request, given that I know you have a knack for this type of thing! I really appreciate your help, and please let me know if you have any questions!","You've been selected for a rigorous task that will impact how the company views our team, myself, and you. This is extremely important and you must understand the gravity of the role you're being assigned. If you were to do poorly, it would impact your standing with the company as well as in my eyes. I want you focus on succeeding in any way possible and remember how much weight this carries.","skip task",50,2,"do task",50,7,0,1,200,200,200,200,200,200,200,200,200,200,1,1,1,1,1,1,1,1,1,1,1,"UD880hg","KJ482kw",66,"black","4yearColl","$80,001-$100,000","woman","Retired",""
241,"dom",1,2.3,"Please do your best at this exercise as I have faith that you will try your hardest, but if you make a mistake, no worries. Just take a deep breath focus on the exercise and you will do great!","I need for you to complete a task for me. Your performance directly affects not only my bonus, but yours as well.","do task",45,6,"do task",45,5,1,1,0,20,50,80,100,120,140,160,180,200,4,3,1,1,1,5,2,1,2,3,1,"AC528ed","GV333wu",51,"white","4yearColl","$60,001-$80,000","woman","Part-time",""
242,"dom",1,2.1,"Hello everyone! Thank you all for agreeing to participate in this project. Please take your time and put forth your best effort in completing this activity. If any help is needed, please see me so that I can provide clarity and assistance. Good luck to you all!","Remember this project is very important to the success of the company and your success here. If you can't accomplish it, you may not be a good fit to continue working here.","do task",50,1,"skip task",26,6,0,1,5,7,17,42,93,124,153,175,188,200,3,2,1,1,2,2,2,2,3,3,1,"EP725gv","AB972vt",61,"white","2yearColl","$120,001-$140,000","woman","Full-time",""
243,"aff",0,1.5,"I've given you a relatively easy task that I know you'll perform your absolute best on! To help make the task a little better, you can earn a nice bonus - so make sure to give it your all! I have no doubt that you'll find it easy and fun. You've got this!","Dear Employee. Your performance on this task is critical to your success at this company. If you cannot complete this task well, I will have to think about whether or not you are the right fit at the ocmpany. Remember, how I see your performance influences how I see you as a performer and whether or not I want to keep you on at this company. Don't just try your best, do your best.","do task",50,1,"do task",50,6,0,1,200,200,200,200,200,200,200,200,200,200,2,1,1,2,1,2,1,1,3,1,1,"OA261ld","YI774jh",24,"multiracial","4yearColl","$40,001-$60,000",NA,"Full-time",""
244,"aff",0,3.6,"We win together! You got this, I believe in your amazing abilities and by doing well, we can both walk away with pride and compensation!","This exercise determines your bonus. So do your best or your bonus will be affected.","do task",29,3,"do task",43,5,0,1,200,200,200,200,161,155,137,136,104,85,3,5,5,3,3,5,3,3,3,3,1,"RA103dx","XW406gb",40,"white","GED","$60,001-$80,000","man","Full-time",""
245,"aff",0,2.8,"Please do the best that you can to identify all the shapes that are described. Feel free to take your time and double-check your choices - you don't need to be perfect, just make your best effort!","You've got to have this task done in its entirety before leaving leaving today. We're relying on you for accurate work with this one, so please do not let us down.","skip task",18,2,"do task",38,7,0,1,200,200,200,200,200,200,200,200,200,200,5,5,5,1,1,5,1,1,2,2,1,"YF438np","LB941bt",25,"white","4yearColl","$0-$20,000","man","Unemployed",""
246,"aff",0,2.6,"I have faith that you will excel and perform this given task to the best of your ability because I know how hard-working my employees are. With that being said, there will be a monetary reward for those that perform this task as accurately and efficiently as possible!","I need for you to complete a task for me. Your performance directly affects not only my bonus, but yours as well.","do task",42,3,"do task",50,5,0,1,200,200,200,200,200,200,200,200,200,200,5,1,2,4,1,5,1,1,3,3,1,"VQ327uf","GV333wu",27,"black","GED","$20,001-$40,000","woman","Part-time, Homemaker",""
247,"aff",0,2.6,"Team - We have an opportunity to earn meaningful bonuses on the upcoming pay cycle. This bonus depends on the accuracy of work you guys submit. The better the work, the higher the bonus we each receive. I know you guys are up to the task and I can't imagine anyone being better suited to nail this challenge than you guys! thanks for all of your hard work.","Dear Employee. Your performance on this task is critical to your success at this company. If you cannot complete this task well, I will have to think about whether or not you are the right fit at the ocmpany. Remember, how I see your performance influences how I see you as a performer and whether or not I want to keep you on at this company. Don't just try your best, do your best.","skip task",10,2,"do task",35,6,0,1,100,100,100,100,100,200,200,200,200,200,3,3,2,2,3,4,2,2,2,3,1,"BA092or","YI774jh",28,"white","2yearColl","$60,001-$80,000","woman","Full-time",""
248,"aff",0,2.6,"Hello everyone! Thank you all for agreeing to participate in this project. Please take your time and put forth your best effort in completing this activity. If any help is needed, please see me so that I can provide clarity and assistance. Good luck to you all!","If you do not do well on this task, you're at risk of being demoted and also will not receive a bonus.","skip task",25,3,"do task",40,6,0,1,57,74,96,114,132,149,163,174,184,191,5,2,2,2,2,5,2,2,2,2,1,"EP725gv","XD206yn",45,"black","4yearColl","$40,001-$60,000","woman","Full-time","please send more projects I enjoy the ones with the games. They allow me to use my mind more. thank you."
249,"aff",0,2.4,"Hi, I have a task that needs to be completed. You've got a sharp eye and I would appreciate if you could do it.","There is an activity coming up that you must participate in. This is not optional. You will be automatically enrolled, and the deadline is a hard deadline. Failure to complete the task will result in the potential to be written up.","do task",20,2,"do task",50,7,0,1,50,50,50,49,53,53,50,49,50,50,4,1,1,6,2,2,1,1,2,4,1,"LW745iy","MR621vy",31,"black","MA","$160,001-$180,000","man","Part-time",""
250,"aff",0,2.5,"Hello everyone! Thank you all for agreeing to participate in this project. Please take your time and put forth your best effort in completing this activity. If any help is needed, please see me so that I can provide clarity and assistance. Good luck to you all!","There is an activity coming up that you must participate in. This is not optional. You will be automatically enrolled, and the deadline is a hard deadline. Failure to complete the task will result in the potential to be written up.","do task",42,6,"do task",46,6,0,1,36,49,59,68,95,110,151,200,200,200,2,3,1,2,1,3,7,2,2,2,1,"EP725gv","MR621vy",58,"white","MA","$80,001-$100,000","man","Full-time",""
251,"aff",0,4.1,"This task is meant to challenge you but I have every faith that you will rise to the occasion. Take your time, think clearly and I know you will succeed.","There is an activity coming up that you must participate in. This is not optional. You will be automatically enrolled, and the deadline is a hard deadline. Failure to complete the task will result in the potential to be written up.","do task",27,6,"do task",31,6,0,1,108,27,56,83,103,119,136,152,168,183,3,4,4,5,3,5,4,4,5,4,1,"VM414kq","MR621vy",20,"asian","4yearColl","Over $200,000","woman","Full-time",NA
252,"aff",0,4.2,"Hey. Our boss has given us a fun and easy task to complete. I think it will allow you to test your intelligence and see exactly how much you know. You will be granting a bonus based on how much you would come up with. Let's do it! It is definitely worth our time.","There is an activity coming up that you must participate in. This is not optional. You will be automatically enrolled, and the deadline is a hard deadline. Failure to complete the task will result in the potential to be written up.","do task",50,3,"do task",39,5,0,1,41,55,47,62,60,51,59,48,54,76,5,5,5,3,5,5,4,3,4,3,1,"VD105li","MR621vy",36,"white","4yearColl","$80,001-$100,000","woman","Full-time",""
253,"aff",0,2.7,"Team - We have an opportunity to earn meaningful bonuses on the upcoming pay cycle. This bonus depends on the accuracy of work you guys submit. The better the work, the higher the bonus we each receive. I know you guys are up to the task and I can't imagine anyone being better suited to nail this challenge than you guys! thanks for all of your hard work.","This request needs to be completed immediately and if it is not done correctly, your bonus will be affected. In fact, mine is affected as well, so you better do it right.","skip task",10,1,"do task",41,6,0,1,10,20,30,40,50,60,75,85,95,200,3,4,1,2,4,4,1,2,4,2,1,"BA092or","LC320iz",61,"white","GED","$140,001-$160,000","woman","Full-time",""
254,"aff",0,2,"Hey. Our boss has given us a fun and easy task to complete. I think it will allow you to test your intelligence and see exactly how much you know. You will be granting a bonus based on how much you would come up with. Let's do it! It is definitely worth our time.","This task I am assigning you is pretty important and needs to be done as well as possible. If you do not perform well you will not be receiving a possible bonus that I can reward you with. If you want this bonus, you will perform according.","do task",41,3,"do task",47,6,0,1,30,50,100,140,150,160,170,180,190,200,2,2,2,2,2,2,2,2,2,2,1,"VD105li","WC835pl",61,"white","4yearColl","$80,001-$100,000","woman","Part-time",""
255,"aff",0,2.8,"Hi, I have a task that needs to be completed. You've got a sharp eye and I would appreciate if you could do it.","If you do not do well on this task, you're at risk of being demoted and also will not receive a bonus.","skip task",45,2,"do task",50,6,0,1,200,200,200,200,200,200,200,200,200,200,3,5,1,1,2,7,2,2,1,4,1,"LW745iy","XD206yn",30,"white","4yearColl","$60,001-$80,000","woman","Full-time",""
256,"aff",0,1.4,"I've given you a relatively easy task that I know you'll perform your absolute best on! To help make the task a little better, you can earn a nice bonus - so make sure to give it your all! I have no doubt that you'll find it easy and fun. You've got this!","I want you to do this job and do it properly. I expect you to get all 50 shapes correct.","skip task",14,1,"do task",39,6,0,1,200,200,200,200,200,200,200,200,200,200,1,1,1,2,1,1,2,1,2,2,1,"OA261ld","JI806xu",41,"white","MA","$100,001-$120,000","woman","Full-time",""
257,"aff",0,2.4,"I have faith that you will excel and perform this given task to the best of your ability because I know how hard-working my employees are. With that being said, there will be a monetary reward for those that perform this task as accurately and efficiently as possible!","Dear Employee. Your performance on this task is critical to your success at this company. If you cannot complete this task well, I will have to think about whether or not you are the right fit at the ocmpany. Remember, how I see your performance influences how I see you as a performer and whether or not I want to keep you on at this company. Don't just try your best, do your best.","skip task",30,3,"do task",50,6,0,1,25,50,100,100,100,200,200,200,200,200,3,2,2,2,2,3,2,2,3,3,1,"VQ327uf","YI774jh",43,"white","GED","$60,001-$80,000","man","Full-time",""
258,"aff",0,2,"I am guessing that you will do great on this task and in doing so you will earn yourself a nice little bonus. Do your best and I know the outcome will be favorable.","This exercise determines your bonus. So do your best or your bonus will be affected.","do task",48,3,"do task",45,4,1,1,0,0,100,100,180,180,200,200,200,200,3,2,2,2,2,2,2,2,2,1,1,"DV618ch","XW406gb",26,"white","4yearColl","$180,001-$200,000","woman","Full-time",""
259,"aff",0,1.5,"We win together! You got this, I believe in your amazing abilities and by doing well, we can both walk away with pride and compensation!","You've been selected for a rigorous task that will impact how the company views our team, myself, and you. This is extremely important and you must understand the gravity of the role you're being assigned. If you were to do poorly, it would impact your standing with the company as well as in my eyes. I want you focus on succeeding in any way possible and remember how much weight this carries.","skip task",42,2,"do task",42,7,0,1,14,48,76,97,119,142,167,184,200,200,1,1,1,1,1,1,1,1,4,3,1,"RA103dx","KJ482kw",36,"white","4yearColl","$60,001-$80,000","man","Full-time","None."
260,"aff",0,3.3,"Hey, i have a unique opportunity for you to contribute to our team's success. This task could really make a difference for both of us. Your keen eye for details would be invaluable here.","Hello, I am writing you today to notify you that you must complete this task flawlessly. There may be consequences if there is any more than 10% wrong. Pay close attention to the task.","skip task",28,3,"do task",44,7,0,1,8,31,57,84,110,128,143,159,177,199,5,4,1,2,1,6,2,2,5,5,1,"BD990bc","ZC801er",46,"white","4yearColl","$80,001-$100,000","woman","Full-time",""
261,"aff",0,1.9,"Please do the best that you can to identify all the shapes that are described. Feel free to take your time and double-check your choices - you don't need to be perfect, just make your best effort!","This task I am assigning you is pretty important and needs to be done as well as possible. If you do not perform well you will not be receiving a possible bonus that I can reward you with. If you want this bonus, you will perform according.","skip task",5,1,"do task",40,6,0,1,200,200,200,200,200,200,200,200,200,200,1,4,1,1,1,4,1,1,1,4,1,"YF438np","WC835pl",46,"white","4yearColl","$60,001-$80,000","man","Full-time",""
262,"aff",0,2.4,"We want to offer you a bonus for completing this task in its entirety to reward you being such a valuable part of our team. We believe in you, so give it your best shot!","Reminder those that do not complete the task will not be compensated properly.","do task",25,4,"do task",50,7,0,1,0,15,30,45,60,75,125,150,175,200,1,1,1,1,7,7,1,1,1,3,1,"TC529xj","OL009mq",34,"black","GED","$40,001-$60,000","woman","Full-time",""
263,"aff",0,1.8,"I think you would be great for this job. You are a hard worker with great skills. I know I can count on you to get the job done.","I need for you to complete a task for me. Your performance directly affects not only my bonus, but yours as well.","skip task",25,3,"do task",45,6,0,1,99,125,125,150,150,150,175,175,200,200,2,2,2,1,2,2,2,1,2,2,1,"JV696yc","GV333wu",49,"white","4yearColl","$80,001-$100,000","man","Part-time",""
264,"aff",0,2.1,"You totally got this! Please match as many as you can as quickly as you can. By helping me with the work, we can achieve a lot together.","If you do not do well on this task, you're at risk of being demoted and also will not receive a bonus.","skip task",20,1,"do task",38,7,0,1,5,20,30,45,70,100,132,150,180,200,4,3,1,1,2,2,2,1,2,3,1,"XT894iw","XD206yn",52,"asian","4yearColl","$80,001-$100,000","woman","Part-time",""
265,"aff",0,2.1,"Hey teammate, I chose you to help complete this shape identification task because it is a quick, fun way for both of us to earn a bonus and I know you are the perfect person for the job! I'd really appreciate your attention and focus and I'll make sure your bonus reflects your hard work. Let's win this together!","Reminder those that do not complete the task will not be compensated properly.","skip task",35,1,"do task",40,7,0,1,200,200,200,200,200,200,200,200,200,200,3,2,2,1,2,3,1,2,1,4,1,"PA168kd","OL009mq",32,"white","GED","$20,001-$40,000","man","Full-time","fun and interesting study! Thank you for the chance to participate!"
266,"aff",0,3.9,"Hi, I have a task that needs to be completed. You've got a sharp eye and I would appreciate if you could do it.","I need for you to complete a task for me. Your performance directly affects not only my bonus, but yours as well.","skip task",25,3,"do task",40,6,0,1,0,0,20,30,35,35,35,35,50,100,5,2,5,5,2,5,4,5,3,3,1,"LW745iy","GV333wu",34,"asian","4yearColl","Over $200,000","man","Full-time",""
267,"aff",0,2.9,"You totally got this! Please match as many as you can as quickly as you can. By helping me with the work, we can achieve a lot together.","Please remember that this task directly affects your future pay and performance. Attempting to skate by or not give your full effort will result in severe consequences.","skip task",20,1,"do task",45,6,0,1,71,88,101,96,102,101,112,122,132,144,2,3,2,2,6,2,1,1,6,4,1,"XT894iw","GJ795ld",43,"black","4yearColl","$80,001-$100,000","woman","Full-time","Fantastic survey "
268,"aff",0,3.7,"This task is meant to challenge you but I have every faith that you will rise to the occasion. Take your time, think clearly and I know you will succeed.","Please remember that this task directly affects your future pay and performance. Attempting to skate by or not give your full effort will result in severe consequences.","do task",45,6,"do task",47,7,0,1,40,50,65,80,100,119,136,158,177,200,4,2,4,4,5,5,2,4,5,2,1,"VM414kq","GJ795ld",36,"white","MA","$120,001-$140,000","woman","Full-time",""
269,"aff",0,2.9,"I have faith that you will excel and perform this given task to the best of your ability because I know how hard-working my employees are. With that being said, there will be a monetary reward for those that perform this task as accurately and efficiently as possible!","Please remember that this task directly affects your future pay and performance. Attempting to skate by or not give your full effort will result in severe consequences.","do task",32,3,"do task",40,6,0,1,50,65,75,95,110,125,140,155,180,200,3,4,2,2,3,6,2,2,3,2,1,"VQ327uf","GJ795ld",NA,"white","4yearColl","$160,001-$180,000","man","Full-time",""
270,"aff",0,2,"I'm choosing this assignment for you because I know that I can count on you to do a great job. Thank you so much!","You must complete this task. Do it to the best of your abilities, or else your bonus will be affected.","do task",35,2,"do task",40,6,0,1,2,2,99,99,96,200,200,200,200,200,2,2,4,2,1,2,1,1,2,3,1,"KF800kz","PT099gj",47,"white","2yearColl","$60,001-$80,000","woman","Full-time","none"
271,"dom",1,3.5,"I'm choosing this assignment for you because I know that I can count on you to do a great job. Thank you so much!","This exercise determines your bonus. So do your best or your bonus will be affected.","do task",30,5,"skip task",10,5,0,1,184,163,138,120,102,81,62,46,32,19,5,4,3,3,3,3,3,3,3,5,1,"KF800kz","XW406gb",29,"white","PHD","$80,001-$100,000","woman","Part-time",""
272,"aff",0,2.8,"I have faith that you will excel and perform this given task to the best of your ability because I know how hard-working my employees are. With that being said, there will be a monetary reward for those that perform this task as accurately and efficiently as possible!","Hello, I am writing you today to notify you that you must complete this task flawlessly. There may be consequences if there is any more than 10% wrong. Pay close attention to the task.","do task",41,6,"do task",41,7,1,1,57,49,50,50,52,65,72,71,97,99,4,2,2,2,2,5,2,4,2,3,1,"VQ327uf","ZC801er",46,"black","GED","$20,001-$40,000","woman","Full-time","This was very interesting."
273,"aff",0,1.4,"I am guessing that you will do great on this task and in doing so you will earn yourself a nice little bonus. Do your best and I know the outcome will be favorable.","You've got to have this task done in its entirety before leaving leaving today. We're relying on you for accurate work with this one, so please do not let us down.","skip task",20,2,"do task",40,7,0,1,50,75,100,125,150,170,180,190,195,200,2,1,1,1,1,2,1,1,2,2,1,"DV618ch","LB941bt",25,"white","4yearColl","$60,001-$80,000","woman","Full-time",""
274,"aff",0,2.1,"We want to offer you a bonus for completing this task in its entirety to reward you being such a valuable part of our team. We believe in you, so give it your best shot!","Hello, I am writing you today to notify you that you must complete this task flawlessly. There may be consequences if there is any more than 10% wrong. Pay close attention to the task.","skip task",0,1,"do task",32,5,0,1,13,65,112,170,178,200,200,200,200,200,1,2,1,2,2,2,1,1,5,4,1,"TC529xj","ZC801er",29,"white","4yearColl","$60,001-$80,000","woman","Full-time",""
275,"aff",0,2.8,"Please do your best at this exercise as I have faith that you will try your hardest, but if you make a mistake, no worries. Just take a deep breath focus on the exercise and you will do great!","Remember this project is very important to the success of the company and your success here. If you can't accomplish it, you may not be a good fit to continue working here.","do task",40,3,"do task",46,6,0,1,0,10,20,30,40,50,65,100,175,200,4,3,3,2,2,4,3,1,3,3,1,"AC528ed","AB972vt",30,"white","4yearColl","$120,001-$140,000","man","Full-time",""
276,"aff",0,3.8,"I think you would be great for this job. You are a hard worker with great skills. I know I can count on you to get the job done.","You've been selected for a rigorous task that will impact how the company views our team, myself, and you. This is extremely important and you must understand the gravity of the role you're being assigned. If you were to do poorly, it would impact your standing with the company as well as in my eyes. I want you focus on succeeding in any way possible and remember how much weight this carries.","skip task",27,3,"do task",27,4,1,1,80,49,45,157,134,98,185,180,183,200,2,4,5,1,3,3,6,6,3,5,1,"JV696yc","KJ482kw",26,"black","PHD","$80,001-$100,000","woman","Full-time",""
277,"aff",0,2.6,"Hello everyone! Thank you all for agreeing to participate in this project. Please take your time and put forth your best effort in completing this activity. If any help is needed, please see me so that I can provide clarity and assistance. Good luck to you all!","I want you to do this job and do it properly. I expect you to get all 50 shapes correct.","skip task",28,3,"do task",35,7,0,1,0,0,101,104,85,85,84,80,80,80,3,3,1,1,1,6,1,1,3,6,1,"EP725gv","JI806xu",36,"asian","4yearColl","$20,001-$40,000","woman","Part-time",""
278,"aff",0,1.9,"Please do the best that you can to identify all the shapes that are described. Feel free to take your time and double-check your choices - you don't need to be perfect, just make your best effort!","This request needs to be completed immediately and if it is not done correctly, your bonus will be affected. In fact, mine is affected as well, so you better do it right.","do task",40,1,"do task",40,6,0,1,100,100,125,125,150,150,175,175,200,200,3,1,2,2,3,1,2,1,2,2,1,"YF438np","LC320iz",NA,"black","MA","$20,001-$40,000","woman","Full-time",""
279,"aff",0,2.8,"Team - We have an opportunity to earn meaningful bonuses on the upcoming pay cycle. This bonus depends on the accuracy of work you guys submit. The better the work, the higher the bonus we each receive. I know you guys are up to the task and I can't imagine anyone being better suited to nail this challenge than you guys! thanks for all of your hard work.","Dear Employee. Your performance on this task is critical to your success at this company. If you cannot complete this task well, I will have to think about whether or not you are the right fit at the ocmpany. Remember, how I see your performance influences how I see you as a performer and whether or not I want to keep you on at this company. Don't just try your best, do your best.","skip task",26,2,"do task",50,7,0,1,0,0,0,0,25,100,130,145,200,200,4,2,3,3,2,3,2,1,3,5,1,"BA092or","YI774jh",40,"white","4yearColl","$60,001-$80,000","woman","Full-time","n/a"
280,"aff",0,3.8,"Before we begin this task I just want to let you know that I appreciate all the hard work you always do and offer you a chance for a bonus. I am going to assign you a task and if you do well, there is a bonus involved for you. I know that you generally perform well, so I'm not too concerned, but wanted to give you a heads up that the better you perform the better your bonus will be for this task. Thanks again for all your hard work!","You must complete this task. Do it to the best of your abilities, or else your bonus will be affected.","do task",46,1,"do task",50,4,0,1,60,80,37,61,35,108,67,102,52,84,6,2,6,5,3,5,2,5,1,3,1,"HJ188qx","PT099gj",25,"black","4yearColl","$20,001-$40,000","woman","Full-time","none"
281,"aff",0,1.4,"You totally got this! Please match as many as you can as quickly as you can. By helping me with the work, we can achieve a lot together.","Remember this project is very important to the success of the company and your success here. If you can't accomplish it, you may not be a good fit to continue working here.","skip task",45,3,"do task",45,7,0,1,180,180,180,180,180,200,200,200,200,200,1,1,1,1,1,1,2,1,4,1,1,"XT894iw","AB972vt",32,"asian","PHD","$140,001-$160,000","woman","Temporarily laid off",""
282,"aff",0,3.6,"I've given you a relatively easy task that I know you'll perform your absolute best on! To help make the task a little better, you can earn a nice bonus - so make sure to give it your all! I have no doubt that you'll find it easy and fun. You've got this!","This exercise determines your bonus. So do your best or your bonus will be affected.","do task",32,2,"do task",40,6,0,1,100,100,100,99,100,150,150,150,200,200,5,3,2,7,2,5,2,5,3,2,1,"OA261ld","XW406gb",33,"hispanic","4yearColl","$60,001-$80,000","woman","Full-time","N/A"
283,"aff",0,2.2,"Hi Team! Thank you so much for all your hard work so far this quarter. It has not gone unnoticed. Coming up, you will be automatically enrolled in an activity that requires your participation. It should not take long, and you will receive a small bonus in return. We realize that it has been especially busy, so if you need an extension on any deadlines in order to complete this task please do not hesitate to reach out.","If you do not do well on this task, you're at risk of being demoted and also will not receive a bonus.","do task",25,2,"do task",45,6,0,1,5,10,15,20,45,70,85,100,150,200,4,2,2,1,1,4,2,1,2,3,1,"SM837hk","XD206yn",31,"black","4yearColl","$100,001-$120,000","woman","Full-time",""
284,"aff",0,1,"Hey teammate, I chose you to help complete this shape identification task because it is a quick, fun way for both of us to earn a bonus and I know you are the perfect person for the job! I'd really appreciate your attention and focus and I'll make sure your bonus reflects your hard work. Let's win this together!","You've been selected for a rigorous task that will impact how the company views our team, myself, and you. This is extremely important and you must understand the gravity of the role you're being assigned. If you were to do poorly, it would impact your standing with the company as well as in my eyes. I want you focus on succeeding in any way possible and remember how much weight this carries.","skip task",31,1,"do task",40,7,0,1,61,83,100,122,138,154,159,166,180,200,1,1,1,1,1,1,1,1,1,1,0,"PA168kd","KJ482kw",72,"white","MA","$80,001-$100,000","woman","Part-time",""
285,"aff",0,3.5,"We win together! You got this, I believe in your amazing abilities and by doing well, we can both walk away with pride and compensation!","There is an activity coming up that you must participate in. This is not optional. You will be automatically enrolled, and the deadline is a hard deadline. Failure to complete the task will result in the potential to be written up.","skip task",20,1,"do task",40,7,0,1,26,86,101,105,110,124,141,175,200,200,5,3,4,5,2,5,1,2,3,5,1,"RA103dx","MR621vy",57,"white","4yearColl","$20,001-$40,000","man","Full-time",""
286,"aff",0,3.4,"Hey, i have a unique opportunity for you to contribute to our team's success. This task could really make a difference for both of us. Your keen eye for details would be invaluable here.","Reminder those that do not complete the task will not be compensated properly.","skip task",26,2,"do task",38,6,0,1,10,46,75,75,110,110,135,135,135,200,6,3,4,2,4,6,2,2,4,1,1,"BD990bc","OL009mq",29,"asian","2yearColl","$80,001-$100,000","man","Part-time",""
287,"aff",0,4,"We want to offer you a bonus for completing this task in its entirety to reward you being such a valuable part of our team. We believe in you, so give it your best shot!","You've got to have this task done in its entirety before leaving leaving today. We're relying on you for accurate work with this one, so please do not let us down.","skip task",21,2,"do task",41,6,0,1,0,0,0,0,50,100,125,150,180,200,5,4,3,5,5,5,3,2,3,5,1,"TC529xj","LB941bt",38,"white","2yearColl","$100,001-$120,000","woman","Full-time, Student",""
288,"dom",1,3,"Hi Team! Thank you so much for all your hard work so far this quarter. It has not gone unnoticed. Coming up, you will be automatically enrolled in an activity that requires your participation. It should not take long, and you will receive a small bonus in return. We realize that it has been especially busy, so if you need an extension on any deadlines in order to complete this task please do not hesitate to reach out.","You must complete this task. Do it to the best of your abilities, or else your bonus will be affected.","skip task",30,3,"do task",31,6,0,1,20,40,60,80,100,120,140,160,180,200,5,3,2,2,2,4,3,2,4,3,1,"SM837hk","PT099gj",64,"white","GED","$0-$20,000","woman","Retired",""
289,"aff",0,2,"I'm choosing this assignment for you because I know that I can count on you to do a great job. Thank you so much!","I need for you to complete a task for me. Your performance directly affects not only my bonus, but yours as well.","skip task",0,3,"do task",25,5,0,1,10,10,10,10,15,15,20,20,25,25,2,2,2,2,2,2,2,2,2,2,1,"KF800kz","GV333wu",46,"white","MA","$100,001-$120,000","man","Full-time",""
290,"aff",0,2.7,"Whether you do well or not, I appreciate your hard work at this company and will continue to support you.","I want you to do this job and do it properly. I expect you to get all 50 shapes correct.","do task",30,3,"do task",41,5,0,1,200,200,200,200,200,200,200,200,200,200,3,2,2,5,2,2,3,2,4,2,1,"HU074mk","JI806xu",29,"black","MA","$20,001-$40,000","woman","Part-time",""
291,"aff",0,3,"Hi, I have a task that needs to be completed. You've got a sharp eye and I would appreciate if you could do it.","I want you to do this job and do it properly. I expect you to get all 50 shapes correct.","skip task",25,2,"do task",50,6,0,1,0,0,0,0,0,0,0,50,100,200,4,2,2,2,2,6,2,2,5,3,1,"LW745iy","JI806xu",59,"white","2yearColl","$20,001-$40,000","woman","Part-time",""
292,"dom",1,3.1,"You are completely capable of successfully completing this task. You are smart, perceptive, and discerning: all things you need to complete this task well.","Hello, I am writing you today to notify you that you must complete this task flawlessly. There may be consequences if there is any more than 10% wrong. Pay close attention to the task.","do task",45,5,"do task",26,6,1,1,10,10,10,10,10,10,10,10,10,10,5,5,1,2,4,6,1,2,2,3,1,"TO642sj","ZC801er",NA,"black","GED","$0-$20,000","woman","Part-time",""
293,"aff",0,4,"Whether you do well or not, I appreciate your hard work at this company and will continue to support you.","Remember this project is very important to the success of the company and your success here. If you can't accomplish it, you may not be a good fit to continue working here.","skip task",32,2,"do task",45,7,0,1,1,25,50,75,100,125,150,175,190,200,7,3,5,5,2,4,2,5,2,5,1,"HU074mk","AB972vt",29,"white","GED","$0-$20,000","woman","Part-time",""
294,"aff",0,1.5,"Hey. Our boss has given us a fun and easy task to complete. I think it will allow you to test your intelligence and see exactly how much you know. You will be granting a bonus based on how much you would come up with. Let's do it! It is definitely worth our time.","There is an activity coming up that you must participate in. This is not optional. You will be automatically enrolled, and the deadline is a hard deadline. Failure to complete the task will result in the potential to be written up.","skip task",5,1,"do task",35,5,0,1,50,50,50,50,100,100,100,200,200,200,1,2,1,2,1,1,1,1,1,4,1,"VD105li","MR621vy",29,"white","GED","$40,001-$60,000","woman","Full-time",""
295,"aff",0,1.7,"Hey, i have a unique opportunity for you to contribute to our team's success. This task could really make a difference for both of us. Your keen eye for details would be invaluable here.","This task I am assigning you is pretty important and needs to be done as well as possible. If you do not perform well you will not be receiving a possible bonus that I can reward you with. If you want this bonus, you will perform according.","skip task",20,1,"do task",40,6,0,1,200,200,200,200,200,200,200,200,200,200,2,3,1,1,1,2,2,1,2,2,1,"BD990bc","WC835pl",49,"white","GED",NA,"man","Full-time",""
296,"aff",0,3.4,"I am hoping you can lend your expertise on this request, given that I know you have a knack for this type of thing! I really appreciate your help, and please let me know if you have any questions!","Reminder those that do not complete the task will not be compensated properly.","do task",33,2,"do task",32,6,1,1,40,90,70,106,120,85,104,97,92,92,5,4,5,3,1,5,2,5,2,2,1,"UD880hg","OL009mq",28,"white","GED","$20,001-$40,000","woman","Full-time",""
297,"aff",0,2.1,"Please do your best at this exercise as I have faith that you will try your hardest, but if you make a mistake, no worries. Just take a deep breath focus on the exercise and you will do great!","This request needs to be completed immediately and if it is not done correctly, your bonus will be affected. In fact, mine is affected as well, so you better do it right.","skip task",30,2,"do task",50,7,0,1,30,35,40,45,50,60,70,85,130,200,2,3,1,1,2,4,2,2,2,2,1,"AC528ed","LC320iz",54,"black","4yearColl","$80,001-$100,000","woman","Full-time",""
298,"aff",0,1.9,"Before we begin this task I just want to let you know that I appreciate all the hard work you always do and offer you a chance for a bonus. I am going to assign you a task and if you do well, there is a bonus involved for you. I know that you generally perform well, so I'm not too concerned, but wanted to give you a heads up that the better you perform the better your bonus will be for this task. Thanks again for all your hard work!","This task I am assigning you is pretty important and needs to be done as well as possible. If you do not perform well you will not be receiving a possible bonus that I can reward you with. If you want this bonus, you will perform according.","do task",30,3,"do task",35,6,0,1,20,40,59,80,100,120,140,160,181,200,2,2,1,1,2,2,2,1,2,4,1,"HJ188qx","WC835pl",44,"white","4yearColl","$80,001-$100,000","woman","Full-time",""
299,"aff",0,1.6,"You totally got this! Please match as many as you can as quickly as you can. By helping me with the work, we can achieve a lot together.","You must complete this task. Do it to the best of your abilities, or else your bonus will be affected.","skip task",25,3,"do task",45,7,0,1,200,200,200,200,200,200,200,200,200,200,1,1,1,1,1,5,1,1,2,2,1,"XT894iw","PT099gj",60,"white","4yearColl","$140,001-$160,000","woman","Full-time",""
300,"aff",0,3.7,"Please do your best at this exercise as I have faith that you will try your hardest, but if you make a mistake, no worries. Just take a deep breath focus on the exercise and you will do great!","Dear Employee. Your performance on this task is critical to your success at this company. If you cannot complete this task well, I will have to think about whether or not you are the right fit at the ocmpany. Remember, how I see your performance influences how I see you as a performer and whether or not I want to keep you on at this company. Don't just try your best, do your best.","skip task",25,2,"do task",40,6,0,1,20,40,60,80,100,120,140,160,181,200,4,2,5,3,2,4,3,4,5,5,1,"AC528ed","YI774jh",22,"asian","2yearColl","$60,001-$80,000","man","Part-time",""
301,"aff",0,1,"I am guessing that you will do great on this task and in doing so you will earn yourself a nice little bonus. Do your best and I know the outcome will be favorable.","You've got to have this task done in its entirety before leaving leaving today. We're relying on you for accurate work with this one, so please do not let us down.","do task",50,6,"do task",50,7,1,1,99,83,83,112,106,88,102,101,99,167,1,1,1,1,1,1,1,1,1,1,1,"DV618ch","LB941bt",36,"white","MA","$120,001-$140,000","woman","Full-time",""
302,"dom",1,3.2,"Whether you do well or not, I appreciate your hard work at this company and will continue to support you.","Reminder those that do not complete the task will not be compensated properly.","do task",45,4,"do task",20,4,1,1,20,40,60,80,100,120,140,160,180,200,5,3,3,1,2,4,3,3,3,5,1,"HU074mk","OL009mq",43,"white","4yearColl","$20,001-$40,000","woman","Full-time",""
